scenario_id,outcome,economic_split,pool_committed_split,composition_index,composition_seed,committed_hashrate_actual,committed_pool_ids,foundry_committed,big_pool_committed_count,hashrate_split,pool_ideology_strength,pool_max_loss_pct,pool_neutral_pct,v27_hash_share,v27_block_share,v27_econ_share,final_v27_hashrate,final_v26_hashrate,final_v27_economic,final_v26_economic,final_v27_price,final_v26_price,v27_blocks,v26_blocks,total_blocks,econ_initial,econ_final,econ_delta,econ_outcome,cascade_time_s,econ_switch_time_s,peak_price_gap_pct,total_reorgs,reorg_mass,total_orphans,winning_fork,duration,cascade_occurred,econ_95pct_time_s,econ_ideology_strength,econ_inertia,econ_lag_s,econ_switched,econ_switching_threshold,economic_nodes_per_partition,hashrate_flipped,pool_profitability_threshold,profitability_gap,solo_miner_hashrate,transaction_velocity,user_custody_fraction,user_ideology_strength,user_nodes_per_partition,user_split,user_switching_threshold,v26_fork_valuation,v26_pool_opportunity_cost,v27_fork_valuation,v27_pool_opportunity_cost
sweep_0000,v26_dominant,0.55,0.1,0,1000,0.0865,luxor+sbicrypto,0,0,0.25,0.51,0.26,30.0,0.0,0.0358,0.5674,0.0,86.40000000000002,56.73664319629601,43.26335680370397,55141.581093921886,64205.61890607812,193,5200,5393,56.74,56.74,-0.0,no_switch,,,0.89,8,1130,0,v26,13000,1,,0.4,0.05,,0,0.1,2,1,0.16,0.16437754653276232,0.085,0.5,,0.49,6,,0.12,0,0,0,0
sweep_0001,v26_dominant,0.55,0.1,1,1001,0.0,,0,0,0.25,0.51,0.26,30.0,0.0,0.0408,0.5674,0.0,86.39999999999999,56.73664319629601,43.26335680370397,55174.10509451233,64173.094905487684,223,5246,5469,56.74,56.74,-0.0,no_switch,,,0.86,4,666,0,v26,13000,1,,0.4,0.05,,0,0.1,2,1,0.16,0.16310169046802364,0.085,0.5,,0.49,6,,0.12,0,0,0,0
sweep_0002,v26_dominant,0.55,0.1,2,1002,0.0839,marapool,0,0,0.25,0.51,0.26,30.0,0.0,0.0341,0.5674,0.0,86.39999999999999,56.73664319629601,43.26335680370397,55126.3857412216,64220.814258778395,173,4903,5076,56.74,56.74,-0.0,no_switch,,,0.94,8,1174,0,v26,13000,1,,0.4,0.05,,0,0.1,2,1,0.16,0.1649741479560902,0.085,0.5,,0.49,6,,0.12,0,0,0,0
sweep_0003,v26_dominant,0.55,0.1,3,1003,0.0545,luxor+ocean,0,0,0.25,0.51,0.26,30.0,0.0,0.0288,0.5674,0.0,86.39999999999999,56.73664319629601,43.26335680370397,55073.61627552782,64273.583724472184,155,5223,5378,56.74,56.74,-0.0,no_switch,,,0.94,8,908,0,v26,13000,1,,0.4,0.05,,0,0.1,2,1,0.16,0.16704854467732502,0.085,0.5,,0.49,6,,0.12,0,0,0,0
sweep_0004,v26_dominant,0.55,0.1,4,1004,0.0139,braiinspool,0,0,0.25,0.51,0.26,30.0,0.0,0.0309,0.5674,0.0,86.39999999999999,56.73664319629601,43.26335680370397,55100.26127631668,64246.93872368332,165,5167,5332,56.74,56.74,-0.0,no_switch,,,1.13,6,827,0,v26,13000,1,,0.4,0.05,,0,0.1,2,1,0.16,0.1660006184271595,0.085,0.5,,0.49,6,,0.12,0,0,0,0
sweep_0005,v26_dominant,0.55,0.1,5,1005,0.0,,0,0,0.25,0.51,0.26,30.0,0.0,0.0307,0.5674,0.0,86.39999999999999,56.73664319629601,43.26335680370397,55084.41431231676,64262.785687683245,183,5770,5953,56.74,56.74,-0.0,no_switch,,,1.01,8,1134,0,v26,13000,1,,0.4,0.05,,0,0.1,2,1,0.16,0.16662374448291484,0.085,0.5,,0.49,6,,0.12,0,0,0,0
sweep_0006,v27_dominant,0.55,0.15,0,1006,0.1957,antpool,0,1,0.25,0.51,0.26,30.0,1.0,0.6985,0.5674,86.4,0.0,56.737060138721,43.262939861279,63750.92692470426,55596.27307529575,2544,1098,3642,56.74,56.74,0.0,no_switch,11560.0,,14.67,8,4904,0,v27,13000,1,,0.4,0.05,,0,0.1,2,1,0.16,-0.12791427894122875,0.085,0.5,,0.49,6,,0.12,0,0,0,0
sweep_0007,contested,0.55,0.15,1,1007,0.1158,viabtc,0,1,0.25,0.51,0.26,30.0,0.4734,0.4707,0.5674,40.9,45.5,56.737060138721,43.262939861279,60181.069266185135,59166.13073381487,988,1111,2099,56.74,56.74,0.0,no_switch,,,1.8,4,403,0,v26,13000,1,,0.4,0.05,,0,0.1,2,1,0.16,-0.016864747415522335,0.085,0.5,,0.49,6,,0.12,0,0,0,0
sweep_0008,v26_dominant,0.55,0.15,2,1008,0.1021,binancepool,0,0,0.25,0.51,0.26,30.0,0.0,0.0301,0.5674,0.0,86.39999999999999,56.73664319629601,43.26335680370397,55066.67798545832,64280.52201454168,172,5545,5717,56.74,56.74,-0.0,no_switch,,,0.94,6,859,0,v26,13000,1,,0.4,0.05,,0,0.1,2,1,0.16,0.16732158841171602,0.085,0.5,,0.49,6,,0.12,0,0,0,0
sweep_0009,v26_dominant,0.55,0.15,3,1009,0.0,,0,0,0.25,0.51,0.26,30.0,0.0,0.3213,0.5674,0.0,86.39999999999999,56.737060138721,43.262939861279,57123.8785653707,62223.3214346293,809,1709,2518,56.74,56.74,0.0,no_switch,,,0.94,4,2502,0,v26,13000,1,,0.4,0.05,,0,0.1,2,1,0.16,0.08926989898669022,0.085,0.5,,0.49,6,,0.12,0,0,0,0
sweep_0010,v26_dominant,0.55,0.15,4,1010,0.1957,antpool,0,1,0.25,0.51,0.26,30.0,0.0,0.0433,0.5674,0.0,86.39999999999999,56.73664319629601,43.26335680370397,55235.613786778864,64111.58621322115,201,4446,4647,56.74,56.74,-0.0,no_switch,,,0.89,8,1064,0,v26,13000,1,,0.4,0.05,,0,0.1,2,1,0.16,0.16069292650038094,0.085,0.5,,0.49,6,,0.12,0,0,0,0
sweep_0011,v26_dominant,0.55,0.15,5,1011,0.1021,binancepool,0,0,0.25,0.51,0.26,30.0,0.0,0.0347,0.5674,0.0,86.4,56.73664319629601,43.26335680370397,55152.9217698644,64194.2782301356,155,4313,4468,56.74,56.74,-0.0,no_switch,,,1.13,8,891,0,v26,13000,1,,0.4,0.05,,0,0.1,2,1,0.16,0.1639325020349403,0.085,0.5,,0.49,6,,0.12,0,0,0,0
sweep_0012,contested,0.55,0.214,0,1012,0.1021,binancepool,0,0,0.25,0.51,0.26,30.0,0.5046,0.5043,0.5674,43.599999999999994,42.8,56.737060138721,43.262939861279,60532.82616401494,58814.37383598506,1626,1598,3224,56.74,56.74,0.0,no_switch,,,3.21,6,549,0,v27,13000,1,,0.4,0.05,,0,0.1,2,1,0.16,-0.028388767499037623,0.085,0.5,,0.49,6,,0.12,0,0,0,0
sweep_0013,contested,0.55,0.214,1,1013,0.1624,binancepool+braiinspool+sbicrypto,0,0,0.25,0.51,0.26,30.0,0.4572,0.4533,0.5674,39.5,46.9,56.737060138721,43.262939861279,59969.13211557637,59378.06788442364,1154,1392,2546,56.74,56.74,0.0,no_switch,,,1.29,4,533,0,v26,13000,1,,0.4,0.05,,0,0.1,2,1,0.16,-0.009856141156313494,0.085,0.5,,0.49,6,,0.12,0,0,0,0
sweep_0014,contested,0.55,0.214,2,1014,0.1144,f2pool,0,0,0.25,0.51,0.26,30.0,0.4734,0.4564,0.5674,40.9,45.49999999999999,56.737060138721,43.262939861279,60130.74262023585,59216.45737976415,1804,2149,3953,56.74,56.74,0.0,no_switch,,,1.7,4,492,0,v26,13000,1,,0.4,0.05,,0,0.1,2,1,0.16,-0.015204955080066026,0.085,0.5,,0.49,6,,0.12,0,0,0,0
sweep_0015,v26_dominant,0.55,0.214,3,1015,0.1378,braiinspool+luxor+marapool,0,0,0.25,0.51,0.26,30.0,0.0,0.0346,0.5674,0.0,86.39999999999999,56.73664319629601,43.26335680370397,55110.72137916205,64236.47862083795,184,5135,5319,56.74,56.74,-0.0,no_switch,,,1.01,6,962,0,v26,13000,1,,0.4,0.05,,0,0.1,2,1,0.16,0.165589508053989,0.085,0.5,,0.49,6,,0.12,0,0,0,0
sweep_0016,v26_dominant,0.55,0.214,4,1016,0.1957,antpool,0,1,0.25,0.51,0.26,30.0,0.0,0.0335,0.5674,0.0,86.4,56.73664319629601,43.26335680370397,55121.76311657264,64225.43688342736,171,4930,5101,56.74,56.74,-0.0,no_switch,,,1.07,8,1060,0,v26,13000,1,,0.4,0.05,,0,0.1,2,1,0.16,0.1651557071496803,0.085,0.5,,0.49,6,,0.12,0,0,0,0
sweep_0017,contested,0.55,0.214,5,1017,0.1558,luxor+viabtc,0,1,0.25,0.51,0.26,30.0,0.4572,0.4553,0.5674,39.5,46.9,56.737060138721,43.262939861279,59992.47458266705,59354.725417332964,1614,1931,3545,56.74,56.74,0.0,no_switch,,,1.49,4,286,0,v26,13000,1,,0.4,0.05,,0,0.1,2,1,0.16,-0.010630486069636834,0.085,0.5,,0.49,6,,0.12,0,0,0,0
sweep_0018,contested,0.55,0.25,0,1018,0.1144,f2pool,0,0,0.25,0.51,0.26,30.0,0.4653,0.4668,0.5674,40.2,46.2,56.737060138721,43.262939861279,60119.614943770175,59227.58505622984,1440,1645,3085,56.74,56.74,0.0,no_switch,,,1.75,6,537,0,v26,13000,1,,0.4,0.05,,0,0.1,2,1,0.16,-0.014837584844391526,0.085,0.5,,0.49,6,,0.12,0,0,0,0
sweep_0019,v26_dominant,0.55,0.25,1,1019,0.1523,braiinspool+luxor+marapool+ocean,0,0,0.25,0.51,0.26,30.0,0.0,0.3061,0.5674,0.0,86.4,56.737060138721,43.262939861279,57611.130305178536,61736.06969482145,1895,4295,6190,56.74,56.74,0.0,no_switch,,,2.08,6,4188,0,v26,13000,1,,0.4,0.05,,0,0.1,2,1,0.16,0.07159969554133423,0.085,0.5,,0.49,6,,0.12,0,0,0,0
sweep_0020,contested,0.55,0.25,2,1020,0.2101,antpool+ocean,0,1,0.25,0.51,0.26,30.0,0.5567,0.5397,0.5674,48.1,38.300000000000004,56.737060138721,43.262939861279,61016.479953219416,58330.72004678059,1706,1455,3161,56.74,56.74,0.0,no_switch,,,4.65,2,257,0,v27,13000,1,,0.4,0.05,,0,0.1,2,1,0.16,-0.04401695916411379,0.085,0.5,,0.49,6,,0.12,0,0,0,0
sweep_0021,v27_dominant,0.55,0.25,3,1021,0.2302,f2pool+viabtc,0,1,0.25,0.51,0.26,30.0,1.0,0.8241,1.0,86.39999999999999,0.0,100.0,0.0,69937.61641890806,49409.58358109195,2604,556,3160,56.74,100.0,43.26,full_switch,5573.0,10169.0,41.55,6,2443,0,v27,13000,1,10169.0,0.4,0.05,4596.0,1,0.1,2,1,0.16,-0.29351919451841985,0.085,0.5,,0.49,6,,0.12,0,0,0,0
sweep_0022,v26_dominant,0.55,0.25,4,1022,0.2734,foundryusa,1,1,0.25,0.51,0.26,30.0,0.0,0.3711,0.5674,0.0,86.4,56.737060138721,43.262939861279,57925.21440029729,61421.98559970272,1781,3018,4799,56.74,56.74,0.0,no_switch,,,1.88,10,9396,0,v26,13000,1,,0.4,0.05,,0,0.1,2,1,0.16,0.06036699623139383,0.085,0.5,,0.49,6,,0.12,0,0,0,0
sweep_0023,contested,0.55,0.25,5,1023,0.1683,braiinspool+f2pool+luxor,0,0,0.25,0.51,0.26,30.0,0.5949,0.5962,0.5674,51.400000000000006,35.0,56.737060138721,43.262939861279,61592.2174786404,57754.982521359605,1773,1201,2974,56.74,56.74,0.0,no_switch,,,6.64,4,480,0,v27,13000,1,,0.4,0.05,,0,0.1,2,1,0.16,-0.0623006463212907,0.085,0.5,,0.49,6,,0.12,0,0,0,0
sweep_0024,contested,0.55,0.3,0,1024,0.2101,antpool+ocean,0,1,0.25,0.51,0.26,30.0,0.4734,0.471,0.5674,40.9,45.5,56.737060138721,43.262939861279,60165.05381005311,59182.146189946885,1552,1743,3295,56.74,56.74,0.0,no_switch,,,1.73,4,442,0,v26,13000,1,,0.4,0.05,,0,0.1,2,1,0.16,-0.016336852672140235,0.085,0.5,,0.49,6,,0.12,0,0,0,0
sweep_0025,contested,0.55,0.3,1,1025,0.163,binancepool+ocean+sbicrypto,0,0,0.25,0.51,0.26,30.0,0.5567,0.54,0.5674,48.1,38.3,56.737060138721,43.262939861279,61016.67752428039,58330.5224757196,1451,1236,2687,56.74,56.74,0.0,no_switch,,,4.71,3,289,0,v27,13000,1,,0.4,0.05,,0,0.1,2,1,0.16,-0.04402329260703997,0.085,0.5,,0.49,6,,0.12,0,0,0,0
sweep_0026,v27_dominant,0.55,0.3,2,1026,0.1957,antpool,0,1,0.25,0.51,0.26,30.0,1.0,0.6535,0.5674,86.4,0.0,56.737060138721,43.262939861279,63184.003871155204,56163.1961288448,3171,1681,4852,56.74,56.74,0.0,no_switch,12090.0,,12.5,10,10420,0,v27,13000,1,,0.4,0.05,,0,0.1,2,1,0.16,-0.11111685414281805,0.085,0.5,,0.49,6,,0.12,0,0,0,0
sweep_0027,contested,0.55,0.3,3,1027,0.2164,binancepool+f2pool,0,0,0.25,0.51,0.26,30.0,0.5532,0.5345,0.5674,47.8,38.599999999999994,56.737060138721,43.262939861279,60965.6513881413,58381.54861185869,1408,1226,2634,56.74,56.74,0.0,no_switch,,,4.46,2,258,0,v27,13000,1,,0.4,0.05,,0,0.1,2,1,0.16,-0.04238620792929395,0.085,0.5,,0.49,6,,0.12,0,0,0,0
sweep_0028,v27_dominant,0.55,0.3,4,1028,0.2096,antpool+braiinspool,0,1,0.25,0.51,0.26,30.0,1.0,0.9189,1.0,86.39999999999999,0.0,100.0,0.0,70607.10671455628,48740.093285443734,4645,410,5055,56.74,100.0,43.26,full_switch,2442.0,4900.0,44.86,10,2663,0,v27,13000,1,4900.0,0.4,0.05,2458.0,1,0.1,2,1,0.16,-0.30969989348967997,0.085,0.5,,0.49,6,,0.12,0,0,0,0
sweep_0029,v27_dominant,0.55,0.3,5,1029,0.2023,luxor+sbicrypto+viabtc,0,1,0.25,0.51,0.26,30.0,1.0,0.942,1.0,86.4,0.0,100.0,0.0,70832.37443316275,48514.82556683726,4990,307,5297,56.74,100.0,43.26,full_switch,1828.0,3647.0,46.0,10,2128,0,v27,13000,1,3647.0,0.4,0.05,1819.0,1,0.1,2,1,0.16,-0.31507554342095756,0.085,0.5,,0.49,6,,0.12,0,0,0,0
sweep_0030,v27_dominant,0.55,0.4,0,1030,0.2847,f2pool+luxor+marapool+sbicrypto,0,0,0.25,0.51,0.26,30.0,1.0,0.8423,1.0,86.4,0.0,100.0,0.0,69886.01843950158,49461.18156049842,4972,931,5903,56.74,100.0,43.26,full_switch,6024.0,11883.0,41.29,8,4174,0,v27,13000,1,11883.0,0.4,0.05,5859.0,1,0.1,2,1,0.16,-0.29225927209867286,0.085,0.5,,0.49,6,,0.12,0,0,0,0
sweep_0031,v27_dominant,0.55,0.4,1,1031,0.326,antpool+marapool+sbicrypto,0,1,0.25,0.51,0.26,30.0,1.0,0.8429,1.0,86.39999999999999,0.0,100.0,0.0,69936.39872958814,49410.801270411874,5174,964,6138,56.74,100.0,43.26,full_switch,6071.0,11543.0,41.54,6,4027,0,v27,13000,1,11543.0,0.4,0.05,5472.0,1,0.1,2,1,0.16,-0.2934894823300711,0.085,0.5,,0.49,6,,0.12,0,0,0,0
sweep_0032,v27_dominant,0.55,0.4,2,1032,0.2127,f2pool+marapool+ocean,0,0,0.25,0.51,0.26,30.0,1.0,0.8951,1.0,86.4,0.0,100.0,0.0,70402.88758469811,48944.312415301894,3995,468,4463,56.74,100.0,43.26,full_switch,3019.0,5776.0,43.84,8,2286,0,v27,13000,1,5776.0,0.4,0.05,2757.0,1,0.1,2,1,0.16,-0.3047968045853304,0.085,0.5,,0.49,6,,0.12,0,0,0,0
sweep_0033,v27_dominant,0.55,0.4,3,1033,0.3156,binancepool+braiinspool+marapool+viabtc,0,1,0.25,0.51,0.26,30.0,1.0,0.7091,0.5674,86.4,0.0,56.737060138721,43.262939861279,63505.930127764404,55841.26987223561,4555,1869,6424,56.74,56.74,0.0,no_switch,10236.0,,13.73,6,4252,0,v27,13000,1,,0.4,0.05,,0,0.1,2,1,0.16,-0.12069203994191803,0.085,0.5,,0.49,6,,0.12,0,0,0,0
sweep_0034,v27_dominant,0.55,0.4,4,1034,0.2846,f2pool+luxor+ocean+viabtc,0,1,0.25,0.51,0.26,30.0,1.0,0.8881,1.0,86.4,0.0,100.0,0.0,70346.41962314467,49000.78037685534,3785,477,4262,56.74,100.0,43.26,full_switch,3081.0,6346.0,43.56,4,1564,0,v27,13000,1,6346.0,0.4,0.05,3265.0,1,0.1,2,1,0.16,-0.3034360435206343,0.085,0.5,,0.49,6,,0.12,0,0,0,0
sweep_0035,v27_dominant,0.55,0.4,5,1035,0.2773,binancepool+f2pool+ocean+sbicrypto,0,0,0.25,0.51,0.26,30.0,1.0,0.8965,1.0,86.39999999999999,0.0,100.0,0.0,70400.26835940337,48946.931640596624,3465,400,3865,56.74,100.0,43.26,full_switch,3038.0,5521.0,43.83,8,1520,0,v27,13000,1,5521.0,0.4,0.05,2483.0,1,0.1,2,1,0.16,-0.30473373495232176,0.085,0.5,,0.49,6,,0.12,0,0,0,0
sweep_0036,contested,0.55,0.5,0,1036,0.2497,antpool+braiinspool+luxor,0,1,0.25,0.51,0.26,30.0,0.5451,0.5346,0.5674,47.099999999999994,39.3,56.737060138721,43.262939861279,60927.714347818895,58419.48565218111,1775,1545,3320,56.74,56.74,0.0,no_switch,,,4.39,4,344,0,v27,13000,1,,0.4,0.05,,0,0.1,2,1,0.16,-0.0411672868822721,0.085,0.5,,0.49,6,,0.12,0,0,0,0
sweep_0037,v27_dominant,0.55,0.5,1,1037,0.4105,antpool+braiinspool+f2pool+luxor+sbicrypto,0,1,0.25,0.51,0.26,30.0,1.0,0.9401,1.0,86.4,0.0,100.0,0.0,70784.16280495528,48563.03719504473,4222,269,4491,56.74,100.0,43.26,full_switch,1808.0,3649.0,45.76,6,717,0,v27,13000,1,3649.0,0.4,0.05,1841.0,1,0.1,2,1,0.16,-0.3139279286404861,0.085,0.5,,0.49,6,,0.12,0,0,0,0
sweep_0038,v27_dominant,0.55,0.5,2,1038,0.3548,binancepool+f2pool+luxor+marapool+ocean,0,0,0.25,0.51,0.26,30.0,1.0,0.9459,1.0,86.39999999999999,0.0,100.0,0.0,70854.27952633557,48492.920473664446,3342,191,3533,56.74,100.0,43.26,full_switch,1234.0,2495.0,46.11,6,938,0,v27,13000,1,2495.0,0.4,0.05,1261.0,1,0.1,2,1,0.16,-0.31559644953216565,0.085,0.5,,0.49,6,,0.12,0,0,0,0
sweep_0039,v27_dominant,0.55,0.5,3,1039,0.3131,braiinspool+f2pool+luxor+marapool+ocean+sbicrypto,0,0,0.25,0.51,0.26,30.0,1.0,0.9257,1.0,86.39999999999999,0.0,100.0,0.0,70662.98004656995,48684.21995343007,3740,300,4040,56.74,100.0,43.26,full_switch,1859.0,3694.0,45.15,6,921,0,v27,13000,1,3694.0,0.4,0.05,1835.0,1,0.1,2,1,0.16,-0.31103641650344965,0.085,0.5,,0.49,6,,0.12,0,0,0,0
sweep_0040,v27_dominant,0.55,0.5,4,1040,0.2497,antpool+braiinspool+luxor,0,1,0.25,0.51,0.26,30.0,1.0,0.8283,0.5674,86.39999999999998,0.0,56.73741253525133,43.26258746474866,64522.80009620001,54824.39990379999,4593,952,5545,56.74,56.74,0.0,no_switch,7294.0,,17.69,6,4010,0,v27,13000,1,,0.4,0.05,,0,0.1,2,1,0.16,-0.1503096607391531,0.085,0.5,,0.49,6,,0.12,0,0,0,0
sweep_0041,v27_dominant,0.55,0.5,5,1041,0.3877,f2pool+foundryusa,1,1,0.25,0.51,0.26,30.0,1.0,0.9244,1.0,86.39999999999999,0.0,100.0,0.0,70627.19840661906,48720.00159338094,4916,402,5318,56.74,100.0,43.26,full_switch,2423.0,5216.0,44.97,6,1011,0,v27,13000,1,5216.0,0.4,0.05,2793.0,1,0.1,2,1,0.16,-0.31018074208625296,0.085,0.5,,0.49,6,,0.12,0,0,0,0
sweep_0042,contested,0.65,0.1,0,1042,0.0839,marapool,0,0,0.25,0.51,0.26,30.0,0.441,0.4482,0.5674,38.1,48.3,56.737060138721,43.262939861279,59869.445359061385,59477.75464093862,1605,1976,3581,56.74,56.74,0.0,no_switch,,,1.78,0,0,0,v26,13000,0,,0.4,0.05,,0,0.1,2,1,0.16,-0.006542414344640023,0.085,0.5,,0.49,6,,0.12,0,0,0,0
sweep_0043,v26_dominant,0.65,0.1,1,1043,0.1144,f2pool,0,0,0.25,0.51,0.26,30.0,0.0,0.0498,0.5674,0.0,86.4,56.73664319629601,43.26335680370397,55255.81064240729,64091.38935759271,280,5337,5617,56.74,56.74,-0.0,no_switch,,,1.01,8,1496,0,v26,13000,1,,0.4,0.05,,0,0.1,2,1,0.16,0.15990315973039687,0.085,0.5,,0.49,6,,0.12,0,0,0,0
sweep_0044,v26_dominant,0.65,0.1,2,1044,0.0,,0,0,0.25,0.51,0.26,30.0,0.0,0.0307,0.5674,0.0,86.39999999999999,56.73664319629601,43.26335680370397,55087.1693302799,64260.030669720094,168,5307,5475,56.74,56.74,-0.0,no_switch,,,1.08,8,1056,0,v26,13000,1,,0.4,0.05,,0,0.1,2,1,0.16,0.1665153873571449,0.085,0.5,,0.49,6,,0.12,0,0,0,0
sweep_0045,v26_dominant,0.65,0.1,3,1045,0.0684,braiinspool+luxor+ocean,0,0,0.25,0.51,0.26,30.0,0.0,0.0323,0.5674,0.0,86.4,56.73664319629601,43.26335680370397,55097.3535007729,64249.846499227104,182,5445,5627,56.74,56.74,-0.0,no_switch,,,0.91,4,527,0,v26,13000,1,,0.4,0.05,,0,0.1,2,1,0.16,0.16611492960956487,0.085,0.5,,0.49,6,,0.12,0,0,0,0
sweep_0046,v26_dominant,0.65,0.1,4,1046,0.0465,sbicrypto,0,0,0.25,0.51,0.26,30.0,0.1262,0.4086,0.5674,10.9,75.49999999999999,56.737060138721,43.262939861279,58269.972608069256,61077.22739193075,1214,1757,2971,56.74,56.74,0.0,no_switch,,,1.22,9,3170,0,v26,13000,1,,0.4,0.05,,0,0.1,2,1,0.16,0.04817669647355801,0.085,0.5,,0.49,6,,0.12,0,0,0,0
sweep_0047,v26_dominant,0.65,0.1,5,1047,0.0684,braiinspool+luxor+ocean,0,0,0.25,0.51,0.26,30.0,0.0,0.0318,0.5674,0.0,86.4,56.73664319629601,43.26335680370397,55093.34292866188,64253.857071338134,191,5815,6006,56.74,56.74,-0.0,no_switch,,,1.01,8,1255,0,v26,13000,1,,0.4,0.05,,0,0.1,2,1,0.16,0.16627261399871546,0.085,0.5,,0.49,6,,0.12,0,0,0,0
sweep_0048,v26_dominant,0.65,0.15,0,1048,0.0684,braiinspool+luxor+ocean,0,0,0.25,0.51,0.26,30.0,0.0,0.0382,0.5674,0.0,86.4,56.73664319629601,43.26335680370397,55187.975463704184,64159.22453629583,166,4180,4346,56.74,56.74,-0.0,no_switch,,,0.93,8,974,0,v26,13000,1,,0.4,0.05,,0,0.1,2,1,0.16,0.16255803908755123,0.085,0.5,,0.49,6,,0.12,0,0,0,0
sweep_0049,v26_dominant,0.65,0.15,1,1049,0.1004,braiinspool+luxor+sbicrypto,0,0,0.25,0.51,0.26,30.0,0.0,0.0339,0.5674,0.0,86.4,56.73664319629601,43.26335680370397,55146.502066267916,64200.69793373209,148,4216,4364,56.74,56.74,-0.0,no_switch,,,1.07,10,1025,0,v26,13000,1,,0.4,0.05,,0,0.1,2,1,0.16,0.16418440931364991,0.085,0.5,,0.49,6,,0.12,0,0,0,0
sweep_0050,v26_dominant,0.65,0.15,2,1050,0.0139,braiinspool,0,0,0.25,0.51,0.26,30.0,0.0,0.0369,0.5674,0.0,86.4,56.73664319629601,43.26335680370397,55138.21049068888,64208.98950931112,204,5331,5535,56.74,56.74,-0.0,no_switch,,,0.9,8,1162,0,v26,13000,1,,0.4,0.05,,0,0.1,2,1,0.16,0.1645098551059072,0.085,0.5,,0.49,6,,0.12,0,0,0,0
sweep_0051,v26_dominant,0.65,0.15,3,1051,0.0,,0,0,0.25,0.51,0.26,30.0,0.0,0.0375,0.5674,0.0,86.4,56.73664319629601,43.26335680370397,55171.452976714194,64175.7470232858,184,4729,4913,56.74,56.74,-0.0,no_switch,,,1.2,4,535,0,v26,13000,1,,0.4,0.05,,0,0.1,2,1,0.16,0.16320567178776285,0.085,0.5,,0.49,6,,0.12,0,0,0,0
sweep_0052,v26_dominant,0.65,0.15,4,1052,0.0,,0,0,0.25,0.51,0.26,30.0,0.0,0.0403,0.5674,0.0,86.4,56.73664319629601,43.26335680370397,55207.6247926564,64139.5752073436,174,4147,4321,56.74,56.74,-0.0,no_switch,,,0.97,8,953,0,v26,13000,1,,0.4,0.05,,0,0.1,2,1,0.16,0.16178834804491185,0.085,0.5,,0.49,6,,0.12,0,0,0,0
sweep_0053,v26_dominant,0.65,0.15,5,1053,0.1297,braiinspool+viabtc,0,1,0.25,0.51,0.26,30.0,0.0,0.0255,0.5674,0.0,86.4,56.73664319629601,43.26335680370397,55025.48840242627,64321.71159757373,149,5702,5851,56.74,56.74,-0.0,no_switch,,,1.13,8,1004,0,v26,13000,1,,0.4,0.05,,0,0.1,2,1,0.16,0.1689439469788978,0.085,0.5,,0.49,6,,0.12,0,0,0,0
sweep_0054,v26_dominant,0.65,0.214,0,1054,0.1608,f2pool+sbicrypto,0,0,0.25,0.51,0.26,30.0,0.0,0.0489,0.5674,0.0,86.4,56.73664319629601,43.26335680370397,55289.60453620286,64057.59546379715,226,4397,4623,56.74,56.74,-0.0,no_switch,,,0.94,8,1313,0,v26,13000,1,,0.4,0.05,,0,0.1,2,1,0.16,0.15858299224862665,0.085,0.5,,0.49,6,,0.12,0,0,0,0
sweep_0055,contested,0.65,0.214,1,1055,0.1957,antpool,0,1,0.25,0.51,0.26,30.0,0.5301,0.534,0.5674,45.800000000000004,40.599999999999994,56.737060138721,43.262939861279,60859.69839884402,58487.501601155986,1554,1356,2910,56.74,56.74,0.0,no_switch,,,4.06,3,273,0,v27,13000,1,,0.4,0.05,,0,0.1,2,1,0.16,-0.03897812279879933,0.085,0.5,,0.49,6,,0.12,0,0,0,0
sweep_0056,v26_dominant,0.65,0.214,2,1056,0.163,binancepool+ocean+sbicrypto,0,0,0.25,0.51,0.26,30.0,0.0,0.0314,0.5674,0.0,86.39999999999998,56.73664319629601,43.26335680370397,55110.16883797471,64237.0311620253,167,5146,5313,56.74,56.74,-0.0,no_switch,,,0.94,8,1181,0,v26,13000,1,,0.4,0.05,,0,0.1,2,1,0.16,0.1656112205151067,0.085,0.5,,0.49,6,,0.12,0,0,0,0
sweep_0057,v26_dominant,0.65,0.214,3,1057,0.1859,binancepool+marapool,0,0,0.25,0.51,0.26,30.0,0.0,0.033,0.5674,0.0,86.39999999999999,56.73664319629601,43.26335680370397,55097.210955751296,64249.98904424871,184,5400,5584,56.74,56.74,-0.0,no_switch,,,1.25,8,1220,0,v26,13000,1,,0.4,0.05,,0,0.1,2,1,0.16,0.16612053368450957,0.085,0.5,,0.49,6,,0.12,0,0,0,0
sweep_0058,contested,0.65,0.214,4,1058,0.1303,marapool+sbicrypto,0,0,0.25,0.51,0.26,30.0,0.4468,0.4534,0.5674,38.599999999999994,47.8,56.737060138721,43.262939861279,59928.16214073704,59419.03785926297,1601,1930,3531,56.74,56.74,0.0,no_switch,,,1.82,6,768,0,v26,13000,1,,0.4,0.05,,0,0.1,2,1,0.16,-0.008495576424960717,0.085,0.5,,0.49,6,,0.12,0,0,0,0
sweep_0059,contested,0.65,0.214,5,1059,0.1158,viabtc,0,1,0.25,0.51,0.26,30.0,0.4873,0.4801,0.5674,42.1,44.3,56.737060138721,43.262939861279,60297.01855053219,59050.18144946782,1750,1895,3645,56.74,56.74,0.0,no_switch,,,2.9,3,210,0,v26,13000,1,,0.4,0.05,,0,0.1,2,1,0.16,-0.020678254597604317,0.085,0.5,,0.49,6,,0.12,0,0,0,0
sweep_0060,contested,0.65,0.25,0,1060,0.2734,foundryusa,1,1,0.25,0.51,0.26,30.0,0.5486,0.539,0.5674,47.400000000000006,39.0,56.737060138721,43.262939861279,60972.31261485256,58374.88738514745,1992,1704,3696,56.74,56.74,0.0,no_switch,,,4.45,1,116,0,v27,13000,1,,0.4,0.05,,0,0.1,2,1,0.16,-0.042600077286102364,0.085,0.5,,0.49,6,,0.12,0,0,0,0
sweep_0061,v26_dominant,0.65,0.25,1,1061,0.1957,antpool,0,1,0.25,0.51,0.26,30.0,0.0,0.2725,0.5674,0.0,86.39999999999999,56.737060138721,43.262939861279,57291.19420108531,62056.005798914695,1688,4506,6194,56.74,56.74,0.0,no_switch,,,1.28,10,10546,0,v26,13000,1,,0.4,0.05,,0,0.1,2,1,0.16,0.08316830647839983,0.085,0.5,,0.49,6,,0.12,0,0,0,0
sweep_0062,contested,0.65,0.25,2,1062,0.1384,luxor+marapool+ocean,0,0,0.25,0.51,0.26,30.0,0.5266,0.5278,0.5674,45.5,40.9,56.737060138721,43.262939861279,60796.26713479113,58550.932865208866,1576,1410,2986,56.74,56.74,0.0,no_switch,,,3.84,4,299,0,v27,13000,1,,0.4,0.05,,0,0.1,2,1,0.16,-0.03693210743686194,0.085,0.5,,0.49,6,,0.12,0,0,0,0
sweep_0063,contested,0.65,0.25,3,1063,0.2734,foundryusa,1,1,0.25,0.51,0.26,30.0,0.5185,0.5073,0.5674,44.800000000000004,41.599999999999994,56.737060138721,43.262939861279,60625.513883313186,58721.68611668681,1224,1189,2413,56.74,56.74,0.0,no_switch,,,3.34,5,542,0,v27,13000,1,,0.4,0.05,,0,0.1,2,1,0.16,-0.03140307841828277,0.085,0.5,,0.49,6,,0.12,0,0,0,0
sweep_0064,v26_dominant,0.65,0.25,4,1064,0.2878,foundryusa+ocean,1,1,0.25,0.51,0.26,30.0,0.0,0.0351,0.5674,0.0,86.39999999999999,56.73664319629601,43.26335680370397,55132.92119994286,64214.27880005715,194,5328,5522,56.74,56.74,-0.0,no_switch,,,0.86,8,917,0,v26,13000,1,,0.4,0.05,,0,0.1,2,1,0.16,0.16471751183254382,0.085,0.5,,0.49,6,,0.12,0,0,0,0
sweep_0065,contested,0.65,0.25,5,1065,0.2878,foundryusa+ocean,1,1,0.25,0.51,0.26,30.0,0.4433,0.4561,0.5674,38.300000000000004,48.099999999999994,56.737060138721,43.262939861279,59937.94585337467,59409.25414662534,1159,1382,2541,56.74,56.74,0.0,no_switch,,,1.81,5,520,0,v26,13000,1,,0.4,0.05,,0,0.1,2,1,0.16,-0.00882065107874509,0.085,0.5,,0.49,6,,0.12,0,0,0,0
sweep_0066,v27_dominant,0.65,0.3,0,1066,0.1021,binancepool,0,0,0.25,0.51,0.26,30.0,1.0,0.9292,1.0,86.39999999999999,0.0,100.0,0.0,70681.7411819349,48665.458818065104,3490,266,3756,56.74,100.0,43.26,full_switch,2437.0,4399.0,45.24,10,1651,0,v27,13000,1,4399.0,0.4,0.05,1962.0,1,0.1,2,1,0.16,-0.31148472003823247,0.085,0.5,,0.49,6,,0.12,0,0,0,0
sweep_0067,v27_dominant,0.65,0.3,1,1067,0.3337,braiinspool+foundryusa+sbicrypto,1,1,0.25,0.51,0.26,30.0,1.0,0.905,1.0,86.4,0.0,100.0,0.0,70518.7112397062,48828.48876029381,2829,297,3126,56.74,100.0,43.26,full_switch,2428.0,4358.0,44.42,10,1815,0,v27,13000,1,4358.0,0.4,0.05,1930.0,1,0.1,2,1,0.16,-0.3075810958269401,0.085,0.5,,0.49,6,,0.12,0,0,0,0
sweep_0068,contested,0.65,0.3,2,1068,0.0978,braiinspool+marapool,0,0,0.25,0.51,0.26,30.0,0.5,0.4905,0.5674,43.199999999999996,43.199999999999996,56.737060138721,43.262939861279,60422.46797400978,58924.732025990226,1759,1827,3586,56.74,56.74,0.0,no_switch,,,2.66,5,528,0,v26,13000,1,,0.4,0.05,,0,0.1,2,1,0.16,-0.02478773208442579,0.085,0.5,,0.49,6,,0.12,0,0,0,0
sweep_0069,contested,0.65,0.3,3,1069,0.2629,binancepool+f2pool+sbicrypto,0,0,0.25,0.51,0.26,30.0,0.4433,0.453,0.5674,38.300000000000004,48.099999999999994,56.737060138721,43.262939861279,59912.76481964278,59434.43518035723,1113,1344,2457,56.74,56.74,0.0,no_switch,,,1.77,5,612,0,v26,13000,1,,0.4,0.05,,0,0.1,2,1,0.16,-0.00798376841271615,0.085,0.5,,0.49,6,,0.12,0,0,0,0
sweep_0070,v26_dominant,0.65,0.3,4,1070,0.1384,luxor+marapool+ocean,0,0,0.25,0.51,0.26,30.0,0.0,0.2931,0.5674,0.0,86.4,56.737060138721,43.262939861279,57356.115754967854,61991.08424503215,1296,3125,4421,56.74,56.74,0.0,no_switch,,,0.86,10,4210,0,v26,13000,1,,0.4,0.05,,0,0.1,2,1,0.16,0.08081036222650491,0.085,0.5,,0.49,6,,0.12,0,0,0,0
sweep_0071,v27_dominant,0.65,0.3,5,1071,0.0978,braiinspool+marapool,0,0,0.25,0.51,0.26,30.0,1.0,0.9039,1.0,86.4,0.0,100.0,0.0,70458.17453144274,48889.02546855726,4809,511,5320,56.74,100.0,43.26,full_switch,3040.0,6067.0,44.12,8,1578,0,v27,13000,1,6067.0,0.4,0.05,3027.0,1,0.1,2,1,0.16,-0.3061269924508193,0.085,0.5,,0.49,6,,0.12,0,0,0,0
sweep_0072,v27_dominant,0.65,0.4,0,1072,0.2869,binancepool+luxor+marapool+ocean+sbicrypto,0,0,0.25,0.51,0.26,30.0,1.0,0.9618,1.0,86.39999999999999,0.0,100.0,0.0,70985.95462017381,48361.24537982619,4256,169,4425,56.74,100.0,43.26,full_switch,646.0,2158.0,46.78,4,476,0,v27,13000,1,2158.0,0.4,0.05,1512.0,1,0.1,2,1,0.16,-0.3187209267158014,0.085,0.5,,0.49,6,,0.12,0,0,0,0
sweep_0073,contested,0.65,0.4,1,1073,0.2122,braiinspool+f2pool+marapool,0,0,0.25,0.51,0.26,30.0,0.4965,0.484,0.5674,42.9,43.5,56.737060138721,43.262939861279,60355.02372597693,58992.17627402308,1788,1906,3694,56.74,56.74,0.0,no_switch,,,2.56,5,551,0,v26,13000,1,,0.4,0.05,,0,0.1,2,1,0.16,-0.02258051389626541,0.085,0.5,,0.49,6,,0.12,0,0,0,0
sweep_0074,contested,0.65,0.4,2,1074,0.2153,f2pool+luxor+ocean+sbicrypto,0,0,0.25,0.51,0.26,30.0,0.5266,0.5291,0.5674,45.5,40.9,56.737060138721,43.262939861279,60813.66460795087,58533.53539204913,1836,1634,3470,56.74,56.74,0.0,no_switch,,,3.91,4,374,0,v27,13000,1,,0.4,0.05,,0,0.1,2,1,0.16,-0.03749369867119686,0.085,0.5,,0.49,6,,0.12,0,0,0,0
sweep_0075,v26_dominant,0.65,0.4,3,1075,0.2527,f2pool+luxor+marapool+ocean,0,0,0.25,0.51,0.26,30.0,0.0,0.2943,0.5674,0.0,86.39999999999999,56.737060138721,43.262939861279,57497.972924108246,61849.22707589176,1817,4356,6173,56.74,56.74,0.0,no_switch,,,1.57,10,6227,0,v26,13000,1,,0.4,0.05,,0,0.1,2,1,0.16,0.075676653114828,0.085,0.5,,0.49,6,,0.12,0,0,0,0
sweep_0076,v27_dominant,0.65,0.4,4,1076,0.2585,braiinspool+f2pool+ocean+viabtc,0,1,0.25,0.51,0.26,30.0,1.0,0.5746,0.5674,86.4,0.0,56.737060138721,43.262939861279,62762.31333102936,56584.886668970634,2657,1967,4624,56.74,56.74,0.0,no_switch,12710.0,,10.92,10,8210,0,v27,13000,1,,0.4,0.05,,0,0.1,2,1,0.16,-0.09842573248498541,0.085,0.5,,0.49,6,,0.12,0,0,0,0
sweep_0077,v27_dominant,0.65,0.4,5,1077,0.3645,antpool+f2pool+luxor+ocean,0,1,0.25,0.51,0.26,30.0,1.0,0.9475,1.0,86.4,0.0,100.0,0.0,70892.48584607782,48454.714153922185,2759,153,2912,56.74,100.0,43.26,full_switch,1271.0,2179.0,46.31,10,1117,0,v27,13000,1,2179.0,0.4,0.05,908.0,1,0.1,2,1,0.16,-0.3165042306581357,0.085,0.5,,0.49,6,,0.12,0,0,0,0
sweep_0078,v27_dominant,0.65,0.5,0,1078,0.3162,binancepool+marapool+ocean+viabtc,0,1,0.25,0.51,0.26,30.0,1.0,0.9132,1.0,86.39999999999999,0.0,100.0,0.0,70528.74471528885,48818.455284711155,4979,473,5452,56.74,100.0,43.26,full_switch,3028.0,5770.0,44.47,8,1514,0,v27,13000,1,5770.0,0.4,0.05,2742.0,1,0.1,2,1,0.16,-0.30782186069265816,0.085,0.5,,0.49,6,,0.12,0,0,0,0
sweep_0079,v27_dominant,0.65,0.5,1,1079,0.3863,antpool+braiinspool+ocean+sbicrypto+viabtc,0,2,0.25,0.51,0.26,30.0,1.0,0.9707,1.0,86.39999999999999,0.0,100.0,0.0,71061.37559222686,48285.824407773136,4964,150,5114,56.74,100.0,43.26,full_switch,625.0,2139.0,47.17,6,709,0,v27,13000,1,2139.0,0.4,0.05,1514.0,1,0.1,2,1,0.16,-0.320505351812315,0.085,0.5,,0.49,6,,0.12,0,0,0,0
sweep_0080,contested,0.65,0.5,2,1080,0.3482,binancepool+marapool+sbicrypto+viabtc,0,1,0.25,0.51,0.26,30.0,0.4306,0.4328,0.5674,37.2,49.199999999999996,56.737060138721,43.262939861279,59713.656655214465,59633.54334478554,1082,1418,2500,56.74,56.74,0.0,no_switch,,,1.26,5,444,0,v26,13000,1,,0.4,0.05,,0,0.1,2,1,0.16,-0.0013416245950486397,0.085,0.5,,0.49,6,,0.12,0,0,0,0
sweep_0081,contested,0.65,0.5,3,1081,0.3001,braiinspool+luxor+marapool+sbicrypto+viabtc,0,1,0.25,0.51,0.26,30.0,0.4572,0.4516,0.5674,39.5,46.9,56.737060138721,43.262939861279,59963.178506739176,59384.02149326083,1289,1565,2854,56.74,56.74,0.0,no_switch,,,1.5,4,295,0,v26,13000,1,,0.4,0.05,,0,0.1,2,1,0.16,-0.009658544258344415,0.085,0.5,,0.49,6,,0.12,0,0,0,0
sweep_0082,contested,0.65,0.5,4,1082,0.3749,f2pool+marapool+ocean+sbicrypto+viabtc,0,1,0.25,0.51,0.26,30.0,0.5266,0.5297,0.5674,45.5,40.9,56.737060138721,43.262939861279,60807.1570321052,58540.042967894806,1991,1768,3759,56.74,56.74,0.0,no_switch,,,3.89,4,384,0,v27,13000,1,,0.4,0.05,,0,0.1,2,1,0.16,-0.03728367144369853,0.085,0.5,,0.49,6,,0.12,0,0,0,0
sweep_0083,contested,0.65,0.5,5,1083,0.3378,antpool+binancepool+luxor,0,1,0.25,0.51,0.26,30.0,0.4572,0.4391,0.5674,39.5,46.9,56.737060138721,43.262939861279,59894.74184402954,59452.45815597047,778,994,1772,56.74,56.74,0.0,no_switch,,,0.9,4,194,0,v26,13000,1,,0.4,0.05,,0,0.1,2,1,0.16,-0.007384349183953572,0.085,0.5,,0.49,6,,0.12,0,0,0,0
sweep_0084,v26_dominant,0.74,0.1,0,1084,0.0465,sbicrypto,0,0,0.25,0.51,0.26,30.0,0.0,0.1809,0.5674,0.0,86.4,56.737060138721,43.262939861279,56466.83292961194,62880.36707038806,1071,4848,5919,56.74,56.74,0.0,no_switch,,,0.9,4,3256,0,v26,13000,1,,0.4,0.05,,0,0.1,2,1,0.16,0.11358055353964755,0.085,0.5,,0.49,6,,0.12,0,0,0,0
sweep_0085,v26_dominant,0.74,0.1,1,1085,0.0401,luxor,0,0,0.25,0.51,0.26,30.0,0.0,0.0363,0.5674,0.0,86.4,56.73664319629601,43.26335680370397,55111.61155538024,64235.588444619774,226,6001,6227,56.74,56.74,-0.0,no_switch,,,1.04,8,1300,0,v26,13000,1,,0.4,0.05,,0,0.1,2,1,0.16,0.16555452892302175,0.085,0.5,,0.49,6,,0.12,0,0,0,0
sweep_0086,v26_dominant,0.74,0.1,2,1086,0.0,,0,0,0.25,0.51,0.26,30.0,0.0,0.0429,0.5674,0.0,86.4,56.73664319629601,43.26335680370397,55181.86094806385,64165.33905193616,258,5761,6019,56.74,56.74,-0.0,no_switch,,,0.89,10,1790,0,v26,13000,1,,0.4,0.05,,0,0.1,2,1,0.16,0.16279766484003488,0.085,0.5,,0.49,6,,0.12,0,0,0,0
sweep_0087,v26_dominant,0.74,0.1,3,1087,0.1144,f2pool,0,0,0.25,0.51,0.26,30.0,0.0,0.0303,0.5674,0.0,86.4,56.73664319629601,43.26335680370397,55082.9013868476,64264.2986131524,160,5118,5278,56.74,56.74,-0.0,no_switch,,,0.89,6,804,0,v26,13000,1,,0.4,0.05,,0,0.1,2,1,0.16,0.16668325369834427,0.085,0.5,,0.49,6,,0.12,0,0,0,0
sweep_0088,v26_dominant,0.74,0.1,4,1088,0.0,,0,0,0.25,0.51,0.26,30.0,0.0,0.0244,0.5674,0.0,86.39999999999999,56.73664319629601,43.26335680370397,55011.96138440421,64335.2386155958,149,5967,6116,56.74,56.74,-0.0,no_switch,,,0.93,8,926,0,v26,13000,1,,0.4,0.05,,0,0.1,2,1,0.16,0.16947727360680367,0.085,0.5,,0.49,6,,0.12,0,0,0,0
sweep_0089,v26_dominant,0.74,0.1,5,1089,0.0139,braiinspool,0,0,0.25,0.51,0.26,30.0,0.0,0.034,0.5674,0.0,86.39999999999999,56.73664319629601,43.26335680370397,55101.36635999125,64245.83364000875,207,5881,6088,56.74,56.74,-0.0,no_switch,,,0.89,8,1235,0,v26,13000,1,,0.4,0.05,,0,0.1,2,1,0.16,0.165957178271667,0.085,0.5,,0.49,6,,0.12,0,0,0,0
sweep_0090,contested,0.74,0.15,0,1090,0.1239,luxor+marapool,0,0,0.25,0.51,0.26,30.0,0.4572,0.4518,0.5674,39.5,46.9,56.737060138721,43.262939861279,59967.51517781157,59379.684822188436,1181,1433,2614,56.74,56.74,0.0,no_switch,,,1.28,4,517,0,v26,13000,1,,0.4,0.05,,0,0.1,2,1,0.16,-0.009802479790602274,0.085,0.5,,0.49,6,,0.12,0,0,0,0
sweep_0091,v26_dominant,0.74,0.15,1,1091,0.1427,braiinspool+f2pool+ocean,0,0,0.25,0.51,0.26,30.0,0.0,0.3166,0.5674,0.0,86.4,56.737060138721,43.262939861279,57660.619962962395,61686.58003703762,1724,3721,5445,56.74,56.74,0.0,no_switch,,,1.66,10,5934,0,v26,13000,1,,0.4,0.05,,0,0.1,2,1,0.16,0.06982165777373271,0.085,0.5,,0.49,6,,0.12,0,0,0,0
sweep_0092,v26_dominant,0.74,0.15,2,1092,0.0,,0,0,0.25,0.51,0.26,30.0,0.0,0.0369,0.5674,0.0,86.39999999999999,56.73664319629601,43.26335680370397,55160.37507220301,64186.824927796995,183,4776,4959,56.74,56.74,-0.0,no_switch,,,0.95,8,1200,0,v26,13000,1,,0.4,0.05,,0,0.1,2,1,0.16,0.16364011020190994,0.085,0.5,,0.49,6,,0.12,0,0,0,0
sweep_0093,v26_dominant,0.74,0.15,3,1093,0.0144,ocean,0,0,0.25,0.51,0.26,30.0,0.0,0.0333,0.5674,0.0,86.39999999999999,56.73664319629601,43.26335680370397,55127.281297849426,64219.91870215058,162,4701,4863,56.74,56.74,-0.0,no_switch,,,0.98,10,1039,0,v26,13000,1,,0.4,0.05,,0,0.1,2,1,0.16,0.16493897740347785,0.085,0.5,,0.49,6,,0.12,0,0,0,0
sweep_0094,contested,0.74,0.15,4,1094,0.1021,binancepool,0,0,0.25,0.51,0.26,30.0,0.4433,0.4496,0.5674,38.3,48.099999999999994,56.737060138721,43.262939861279,59882.83048024485,59464.36951975516,1306,1599,2905,56.74,56.74,0.0,no_switch,,,1.9,6,366,0,v26,13000,1,,0.4,0.05,,0,0.1,2,1,0.16,-0.006987995676452525,0.085,0.5,,0.49,6,,0.12,0,0,0,0
sweep_0095,v27_dominant,0.74,0.15,5,1095,0.0,,0,0,0.25,0.51,0.26,30.0,1.0,0.8222,1.0,86.39999999999999,0.0,100.0,0.0,69881.83309199894,49465.366908001066,2663,576,3239,56.74,100.0,43.26,full_switch,6192.0,11996.0,41.27,6,2472,0,v27,13000,1,11996.0,0.4,0.05,5804.0,1,0.1,2,1,0.16,-0.29215699246354543,0.085,0.5,,0.49,6,,0.12,0,0,0,0
sweep_0096,v26_dominant,0.74,0.214,0,1096,0.1165,binancepool+ocean,0,0,0.25,0.51,0.26,30.0,0.0,0.0552,0.5674,0.0,86.39999999999999,56.73664319629601,43.26335680370397,55342.44794157549,64004.75205842451,264,4520,4784,56.74,56.74,-0.0,no_switch,,,1.34,8,725,0,v26,13000,1,,0.4,0.05,,0,0.1,2,1,0.16,0.15652188219056973,0.085,0.5,,0.49,6,,0.12,0,0,0,0
sweep_0097,contested,0.74,0.214,1,1097,0.1144,f2pool,0,0,0.25,0.51,0.26,30.0,0.5301,0.5342,0.5674,45.800000000000004,40.6,56.737060138721,43.262939861279,60868.85905096605,58478.340949033955,1827,1593,3420,56.74,56.74,0.0,no_switch,,,4.12,3,192,0,v27,13000,1,,0.4,0.05,,0,0.1,2,1,0.16,-0.03927325300989284,0.085,0.5,,0.49,6,,0.12,0,0,0,0
sweep_0098,contested,0.74,0.214,2,1098,0.1302,ocean+viabtc,0,1,0.25,0.51,0.26,30.0,0.5093,0.5169,0.5674,44.0,42.4,56.737060138721,43.262939861279,60597.43008649929,58749.76991350072,3478,3250,6728,56.74,56.74,0.0,no_switch,,,3.19,5,657,0,v27,13000,1,,0.4,0.05,,0,0.1,2,1,0.16,-0.030490734844054335,0.085,0.5,,0.49,6,,0.12,0,0,0,0
sweep_0099,v26_dominant,0.74,0.214,3,1099,0.1021,binancepool,0,0,0.25,0.51,0.26,30.0,0.0,0.0276,0.5674,0.0,86.39999999999999,56.73664319629601,43.26335680370397,55038.126633123364,64309.07336687664,170,5986,6156,56.74,56.74,-0.0,no_switch,,,1.25,8,1068,0,v26,13000,1,,0.4,0.05,,0,0.1,2,1,0.16,0.16844589925002612,0.085,0.5,,0.49,6,,0.12,0,0,0,0
sweep_0100,v26_dominant,0.74,0.214,4,1100,0.1624,binancepool+braiinspool+sbicrypto,0,0,0.25,0.51,0.26,30.0,0.0,0.2982,0.5674,0.0,86.4,56.737060138721,43.262939861279,57515.00081820732,61832.19918179267,1917,4511,6428,56.74,56.74,0.0,no_switch,,,2.56,6,7903,0,v26,13000,1,,0.4,0.05,,0,0.1,2,1,0.16,0.07506212817819637,0.085,0.5,,0.49,6,,0.12,0,0,0,0
sweep_0101,v26_dominant,0.74,0.214,5,1101,0.1622,sbicrypto+viabtc,0,1,0.25,0.51,0.26,30.0,0.0,0.0522,0.5674,0.0,86.4,56.73664319629601,43.26335680370397,55306.46970340824,64040.73029659177,271,4921,5192,56.74,56.74,-0.0,no_switch,,,0.89,10,1823,0,v26,13000,1,,0.4,0.05,,0,0.1,2,1,0.16,0.15792475346957974,0.085,0.5,,0.49,6,,0.12,0,0,0,0
sweep_0102,v26_dominant,0.74,0.25,0,1102,0.2004,binancepool+marapool+ocean,0,0,0.25,0.51,0.26,30.0,0.0,0.032,0.5674,0.0,86.4,56.73664319629601,43.26335680370397,55075.92696163782,64271.27303836219,198,5993,6191,56.74,56.74,-0.0,no_switch,,,0.89,8,1208,0,v26,13000,1,,0.4,0.05,,0,0.1,2,1,0.16,0.16695762711591264,0.085,0.5,,0.49,6,,0.12,0,0,0,0
sweep_0103,v26_dominant,0.74,0.25,1,1103,0.1703,luxor+ocean+viabtc,0,1,0.25,0.51,0.26,30.0,0.0,0.2877,0.5674,0.0,86.4,56.737060138721,43.262939861279,57425.303333387055,61921.89666661294,1868,4625,6493,56.74,56.74,0.0,no_switch,,,1.63,10,8243,0,v26,13000,1,,0.4,0.05,,0,0.1,2,1,0.16,0.07830334490565187,0.085,0.5,,0.49,6,,0.12,0,0,0,0
sweep_0104,contested,0.74,0.25,2,1104,0.2179,binancepool+viabtc,0,1,0.25,0.51,0.26,30.0,0.5266,0.5308,0.5674,45.5,40.9,56.737060138721,43.262939861279,60819.37826133429,58527.821738665705,1801,1592,3393,56.74,56.74,0.0,no_switch,,,3.93,4,482,0,v27,13000,1,,0.4,0.05,,0,0.1,2,1,0.16,-0.037678065580052725,0.085,0.5,,0.49,6,,0.12,0,0,0,0
sweep_0105,v27_dominant,0.74,0.25,3,1105,0.2734,foundryusa,1,1,0.25,0.51,0.26,30.0,1.0,0.5827,0.5674,86.39999999999999,0.0,56.737060138721,43.262939861279,62900.52247315375,56446.67752684624,2512,1799,4311,56.74,56.74,0.0,no_switch,12753.0,,11.43,8,9148,0,v27,13000,1,,0.4,0.05,,0,0.1,2,1,0.16,-0.10260399584219747,0.085,0.5,,0.49,6,,0.12,0,0,0,0
sweep_0106,v26_dominant,0.74,0.25,4,1106,0.2096,antpool+braiinspool,0,1,0.25,0.51,0.26,30.0,0.0,0.0685,0.5674,0.0,86.39999999999999,56.73664319629601,43.26335680370397,55477.57263624391,63869.627363756095,300,4078,4378,56.74,56.74,-0.0,no_switch,,,1.1,8,1540,0,v26,13000,1,,0.4,0.05,,0,0.1,2,1,0.16,0.1512693207133867,0.085,0.5,,0.49,6,,0.12,0,0,0,0
sweep_0107,contested,0.74,0.25,5,1107,0.2734,foundryusa,1,1,0.25,0.51,0.26,30.0,0.4699,0.4728,0.5674,40.599999999999994,45.800000000000004,56.737060138721,43.262939861279,60167.92225589299,59179.277744107014,1227,1368,2595,56.74,56.74,0.0,no_switch,,,2.42,5,426,0,v26,13000,1,,0.4,0.05,,0,0.1,2,1,0.16,-0.01643142183938629,0.085,0.5,,0.49,6,,0.12,0,0,0,0
sweep_0108,v26_dominant,0.74,0.3,0,1108,0.1957,antpool,0,1,0.25,0.51,0.26,30.0,0.0,0.0243,0.5674,0.0,86.4,56.73664319629601,43.26335680370397,55036.22696574501,64310.973034255,116,4662,4778,56.74,56.74,-0.0,no_switch,,,0.44,10,709,0,v26,13000,1,,0.4,0.05,,0,0.1,2,1,0.16,0.1685207467852524,0.085,0.5,,0.49,6,,0.12,0,0,0,0
sweep_0109,v26_dominant,0.74,0.3,1,1109,0.2179,binancepool+viabtc,0,1,0.25,0.51,0.26,30.0,0.0,0.0742,0.5674,0.0,86.4,56.73664319629601,43.26335680370397,55526.56515464617,63820.63484535384,300,3745,4045,56.74,56.74,-0.0,no_switch,,,1.18,8,1450,0,v26,13000,1,,0.4,0.05,,0,0.1,2,1,0.16,0.14937120039044352,0.085,0.5,,0.49,6,,0.12,0,0,0,0
sweep_0110,contested,0.74,0.3,2,1110,0.2446,f2pool+ocean+viabtc,0,1,0.25,0.51,0.26,30.0,0.4572,0.4577,0.5674,39.5,46.9,56.737060138721,43.262939861279,60012.35796715362,59334.84203284638,1365,1617,2982,56.74,56.74,0.0,no_switch,,,1.6,4,240,0,v26,13000,1,,0.4,0.05,,0,0.1,2,1,0.16,-0.01128960696192041,0.085,0.5,,0.49,6,,0.12,0,0,0,0
sweep_0111,contested,0.74,0.3,3,1111,0.1021,binancepool,0,0,0.25,0.51,0.26,30.0,0.4572,0.4529,0.5674,39.50000000000001,46.9,56.737060138721,43.262939861279,59969.416487937124,59377.78351206288,1047,1265,2312,56.74,56.74,0.0,no_switch,,,1.35,4,292,0,v26,13000,1,,0.4,0.05,,0,0.1,2,1,0.16,-0.009865578331802684,0.085,0.5,,0.49,6,,0.12,0,0,0,0
sweep_0112,v26_dominant,0.74,0.3,4,1112,0.2734,foundryusa,1,1,0.25,0.51,0.26,30.0,0.0,0.0535,0.5674,0.0,86.4,56.73664319629601,43.26335680370397,55259.01293264601,64088.187067353996,336,5950,6286,56.74,56.74,-0.0,no_switch,,,0.93,8,1532,0,v26,13000,1,,0.4,0.05,,0,0.1,2,1,0.16,0.15977799215251406,0.085,0.5,,0.49,6,,0.12,0,0,0,0
sweep_0113,v27_dominant,0.74,0.3,5,1113,0.2164,binancepool+f2pool,0,0,0.25,0.51,0.26,30.0,1.0,0.7014,0.5674,86.4,0.0,56.737060138721,43.262939861279,63450.193786359036,55897.006213640976,4600,1958,6558,56.74,56.74,0.0,no_switch,10227.0,,13.51,6,8042,0,v27,13000,1,,0.4,0.05,,0,0.1,2,1,0.16,-0.11904120573926279,0.085,0.5,,0.49,6,,0.12,0,0,0,0
sweep_0114,v27_dominant,0.74,0.4,0,1114,0.3754,binancepool+foundryusa,1,1,0.25,0.51,0.26,30.0,1.0,0.948,1.0,86.4,0.0,100.0,0.0,70875.65281318348,48471.547186816526,3904,214,4118,56.74,100.0,43.26,full_switch,604.0,2744.0,46.22,4,704,0,v27,13000,1,2744.0,0.4,0.05,2140.0,1,0.1,2,1,0.16,-0.3161043988606423,0.085,0.5,,0.49,6,,0.12,0,0,0,0
sweep_0115,v27_dominant,0.74,0.4,1,1115,0.2127,f2pool+marapool+ocean,0,0,0.25,0.51,0.26,30.0,1.0,0.7192,0.5674,86.39999999999998,0.0,56.737060138721,43.262939861279,63626.545526721624,55720.65447327838,4882,1906,6788,56.74,56.74,0.0,no_switch,9640.0,,14.19,6,4244,0,v27,13000,1,,0.4,0.05,,0,0.1,2,1,0.16,-0.12425460140882486,0.085,0.5,,0.49,6,,0.12,0,0,0,0
sweep_0116,v26_dominant,0.74,0.4,2,1116,0.2978,antpool+binancepool,0,1,0.25,0.51,0.26,30.0,0.0,0.2644,0.5674,0.0,86.4,56.737060138721,43.262939861279,57197.177358007786,62150.02264199222,1725,4799,6524,56.74,56.74,0.0,no_switch,,,1.24,10,10862,0,v26,13000,1,,0.4,0.05,,0,0.1,2,1,0.16,0.08659247733474068,0.085,0.5,,0.49,6,,0.12,0,0,0,0
sweep_0117,v27_dominant,0.74,0.4,3,1117,0.2822,antpool+luxor+sbicrypto,0,1,0.25,0.51,0.26,30.0,1.0,0.8873,1.0,86.39999999999999,0.0,100.0,0.0,70372.49690924471,48974.70309075529,3384,430,3814,56.74,100.0,43.26,full_switch,3633.0,6149.0,43.69,8,1480,0,v27,13000,1,6149.0,0.4,0.05,2516.0,1,0.1,2,1,0.16,-0.3040647235536477,0.085,0.5,,0.49,6,,0.12,0,0,0,0
sweep_0118,v27_dominant,0.74,0.4,4,1118,0.2302,f2pool+viabtc,0,1,0.25,0.51,0.26,30.0,1.0,0.5681,0.5674,86.40000000000002,0.0,56.737060138721,43.262939861279,62830.36659067238,56516.833409327606,2403,1827,4230,56.74,56.74,0.0,no_switch,12773.0,,11.17,6,4007,0,v27,13000,1,,0.4,0.05,,0,0.1,2,1,0.16,-0.1004853787098875,0.085,0.5,,0.49,6,,0.12,0,0,0,0
sweep_0119,v27_dominant,0.74,0.4,5,1119,0.2357,antpool+luxor,0,1,0.25,0.51,0.26,30.0,1.0,0.9201,1.0,86.4,0.0,100.0,0.0,70649.28821507376,48697.91178492625,3098,269,3367,56.74,100.0,43.26,full_switch,1847.0,3363.0,45.08,4,760,0,v27,13000,1,3363.0,0.4,0.05,1516.0,1,0.1,2,1,0.16,-0.31070909537435304,0.085,0.5,,0.49,6,,0.12,0,0,0,0
sweep_0120,v27_dominant,0.74,0.5,0,1120,0.3278,foundryusa+luxor+ocean,1,1,0.25,0.51,0.26,30.0,1.0,0.9395,1.0,86.39999999999999,0.0,100.0,0.0,70835.98781261944,48511.21218738057,2779,179,2958,56.74,100.0,43.26,full_switch,680.0,2450.0,46.02,4,578,0,v27,13000,1,2450.0,0.4,0.05,1770.0,1,0.1,2,1,0.16,-0.31516149226709456,0.085,0.5,,0.49,6,,0.12,0,0,0,0
sweep_0121,v27_dominant,0.74,0.5,1,1121,0.4266,antpool+binancepool+f2pool+ocean,0,1,0.25,0.51,0.26,30.0,1.0,0.9219,1.0,86.4,0.0,100.0,0.0,70683.88972551687,48663.310274483134,2880,244,3124,56.74,100.0,43.26,full_switch,1824.0,3399.0,45.25,6,534,0,v27,13000,1,3399.0,0.4,0.05,1575.0,1,0.1,2,1,0.16,-0.3115360450103287,0.085,0.5,,0.49,6,,0.12,0,0,0,0
sweep_0122,contested,0.74,0.5,2,1122,0.3939,antpool+f2pool+marapool,0,1,0.25,0.51,0.26,30.0,0.4572,0.4676,0.5674,39.5,46.9,56.737060138721,43.262939861279,60066.93104588326,59280.26895411674,1098,1250,2348,56.74,56.74,0.0,no_switch,,,1.41,4,498,0,v26,13000,1,,0.4,0.05,,0,0.1,2,1,0.16,-0.01309642557176117,0.085,0.5,,0.49,6,,0.12,0,0,0,0
sweep_0123,v27_dominant,0.74,0.5,3,1123,0.3515,antpool+luxor+viabtc,0,2,0.25,0.51,0.26,30.0,1.0,0.5866,0.5674,86.4,0.0,56.737060138721,43.262939861279,62883.721782628876,56463.47821737113,2604,1835,4439,56.74,56.74,0.0,no_switch,12734.0,,11.37,6,4129,0,v27,13000,1,,0.4,0.05,,0,0.1,2,1,0.16,-0.10209706714641831,0.085,0.5,,0.49,6,,0.12,0,0,0,0
sweep_0124,v27_dominant,0.74,0.5,4,1124,0.3167,f2pool+luxor+sbicrypto+viabtc,0,1,0.25,0.51,0.26,30.0,1.0,0.9487,1.0,86.4,0.0,100.0,0.0,70872.24721730321,48474.95278269679,3867,209,4076,56.74,100.0,43.26,full_switch,1237.0,2758.0,46.2,10,1593,0,v27,13000,1,2758.0,0.4,0.05,1521.0,1,0.1,2,1,0.16,-0.31602348329570396,0.085,0.5,,0.49,6,,0.12,0,0,0,0
sweep_0125,v27_dominant,0.74,0.5,5,1125,0.368,braiinspool+f2pool+luxor+marapool+viabtc,0,1,0.25,0.51,0.26,30.0,1.0,0.9322,1.0,86.4,0.0,100.0,0.0,70774.49467986233,48572.70532013769,5927,431,6358,56.74,100.0,43.26,full_switch,2417.0,4844.0,45.71,6,1104,0,v27,13000,1,4844.0,0.4,0.05,2427.0,1,0.1,2,1,0.16,-0.31369760335486757,0.085,0.5,,0.49,6,,0.12,0,0,0,0
sweep_0126,v26_dominant,0.78,0.1,0,1126,0.0465,sbicrypto,0,0,0.25,0.51,0.26,30.0,0.0,0.0347,0.5674,0.0,86.4,56.73664319629601,43.26335680370397,55107.42590532883,64239.77409467117,208,5785,5993,56.74,56.74,-0.0,no_switch,,,0.89,8,1137,0,v26,13000,1,,0.4,0.05,,0,0.1,2,1,0.16,0.1657190122621795,0.085,0.5,,0.49,6,,0.12,0,0,0,0
sweep_0127,v26_dominant,0.78,0.1,1,1127,0.0,,0,0,0.25,0.51,0.26,30.0,0.0,0.0304,0.5674,0.0,86.39999999999998,56.73664319629601,43.26335680370397,55061.83830193578,64285.36169806422,187,5959,6146,56.74,56.74,-0.0,no_switch,,,1.18,8,1017,0,v26,13000,1,,0.4,0.05,,0,0.1,2,1,0.16,0.1675120860576893,0.085,0.5,,0.49,6,,0.12,0,0,0,0
sweep_0128,v26_dominant,0.78,0.1,2,1128,0.0865,luxor+sbicrypto,0,0,0.25,0.51,0.26,30.0,0.0,0.0382,0.5674,0.0,86.4,56.73664319629601,43.26335680370397,55140.77691351135,64206.42308648866,233,5870,6103,56.74,56.74,-0.0,no_switch,,,1.19,8,1072,0,v26,13000,1,,0.4,0.05,,0,0.1,2,1,0.16,0.16440911210222586,0.085,0.5,,0.49,6,,0.12,0,0,0,0
sweep_0129,contested,0.78,0.1,3,1129,0.0604,braiinspool+sbicrypto,0,0,0.25,0.51,0.26,30.0,0.5127,0.5144,0.5674,44.3,42.1,56.737060138721,43.262939861279,60637.942385868395,58709.25761413162,1790,1690,3480,56.74,56.74,0.0,no_switch,,,3.29,5,655,0,v27,13000,1,,0.4,0.05,,0,0.1,2,1,0.16,-0.03180656690927323,0.085,0.5,,0.49,6,,0.12,0,0,0,0
sweep_0130,v26_dominant,0.78,0.1,4,1130,0.0401,luxor,0,0,0.25,0.51,0.26,30.0,0.0,0.0311,0.5674,0.0,86.4,56.73664319629601,43.26335680370397,55065.66864248335,64281.53135751666,193,6008,6201,56.74,56.74,-0.0,no_switch,,,1.0,8,1106,0,v26,13000,1,,0.4,0.05,,0,0.1,2,1,0.16,0.16736131499406212,0.085,0.5,,0.49,6,,0.12,0,0,0,0
sweep_0131,v26_dominant,0.78,0.1,5,1131,0.1158,viabtc,0,1,0.25,0.51,0.26,30.0,0.0,0.0345,0.5674,0.0,86.4,56.73664319629601,43.26335680370397,55112.91677724972,64234.28322275028,211,5897,6108,56.74,56.74,-0.0,no_switch,,,0.88,4,625,0,v26,13000,1,,0.4,0.05,,0,0.1,2,1,0.16,0.16550324277639775,0.085,0.5,,0.49,6,,0.12,0,0,0,0
sweep_0132,contested,0.78,0.15,0,1132,0.054,braiinspool+luxor,0,0,0.25,0.51,0.26,30.0,0.5035,0.5183,0.5674,43.5,42.89999999999999,56.737060138721,43.262939861279,60638.21332643173,58708.98667356828,1752,1628,3380,56.74,56.74,0.0,no_switch,,,3.39,3,342,0,v27,13000,1,,0.4,0.05,,0,0.1,2,1,0.16,-0.03181536109050421,0.085,0.5,,0.49,6,,0.12,0,0,0,0
sweep_0133,v26_dominant,0.78,0.15,1,1133,0.0839,marapool,0,0,0.25,0.51,0.26,30.0,0.0,0.0325,0.5674,0.0,86.39999999999999,56.73664319629601,43.26335680370397,55123.07184969697,64224.12815030304,180,5351,5531,56.74,56.74,-0.0,no_switch,,,1.08,6,947,0,v26,13000,1,,0.4,0.05,,0,0.1,2,1,0.16,0.16510430197761378,0.085,0.5,,0.49,6,,0.12,0,0,0,0
sweep_0134,contested,0.78,0.15,2,1134,0.1021,binancepool,0,0,0.25,0.51,0.26,30.0,0.4769,0.4754,0.5674,41.2,45.199999999999996,56.737060138721,43.262939861279,60212.078962678264,59135.12103732174,1365,1506,2871,56.74,56.74,0.0,no_switch,,,2.1,4,487,0,v26,13000,1,,0.4,0.05,,0,0.1,2,1,0.16,-0.017886077742375644,0.085,0.5,,0.49,6,,0.12,0,0,0,0
sweep_0135,v26_dominant,0.78,0.15,3,1135,0.1544,f2pool+luxor,0,0,0.25,0.51,0.26,30.0,0.0,0.038,0.5674,0.0,86.39999999999999,56.73664319629601,43.26335680370397,55189.983974575305,64157.2160254247,177,4476,4653,56.74,56.74,-0.0,no_switch,,,0.88,8,1053,0,v26,13000,1,,0.4,0.05,,0,0.1,2,1,0.16,0.16247933782659515,0.085,0.5,,0.49,6,,0.12,0,0,0,0
sweep_0136,contested,0.78,0.15,4,1136,0.0604,braiinspool+sbicrypto,0,0,0.25,0.51,0.26,30.0,0.4769,0.4768,0.5674,41.2,45.2,56.737060138721,43.262939861279,60227.07285767216,59120.12714232784,1359,1491,2850,56.74,56.74,0.0,no_switch,,,2.16,4,350,0,v26,13000,1,,0.4,0.05,,0,0.1,2,1,0.16,-0.018379537022498862,0.085,0.5,,0.49,6,,0.12,0,0,0,0
sweep_0137,contested,0.78,0.15,5,1137,0.1021,binancepool,0,0,0.25,0.51,0.26,30.0,0.4329,0.4414,0.5674,37.4,49.0,56.737060138721,43.262939861279,59782.34937970808,59564.850620291916,814,1030,1844,56.74,56.74,0.0,no_switch,,,1.27,7,691,0,v26,13000,1,,0.4,0.05,,0,0.1,2,1,0.16,-0.003638176847730083,0.085,0.5,,0.49,6,,0.12,0,0,0,0
sweep_0138,v26_dominant,0.78,0.214,0,1138,0.1957,antpool,0,1,0.25,0.51,0.26,30.0,0.0,0.0286,0.5674,0.0,86.4,56.73664319629601,43.26335680370397,55088.536947617235,64258.66305238277,143,4861,5004,56.74,56.74,-0.0,no_switch,,,0.87,8,887,0,v26,13000,1,,0.4,0.05,,0,0.1,2,1,0.16,0.16646160186619685,0.085,0.5,,0.49,6,,0.12,0,0,0,0
sweep_0139,contested,0.78,0.214,1,1139,0.1303,marapool+sbicrypto,0,0,0.25,0.51,0.26,30.0,0.5231,0.5123,0.5674,45.20000000000001,41.2,56.737060138721,43.262939861279,60682.35628053954,58664.84371946046,1396,1329,2725,56.74,56.74,0.0,no_switch,,,3.44,4,530,0,v27,13000,1,,0.4,0.05,,0,0.1,2,1,0.16,-0.03324710319012583,0.085,0.5,,0.49,6,,0.12,0,0,0,0
sweep_0140,v26_dominant,0.78,0.214,2,1140,0.1441,braiinspool+ocean+viabtc,0,1,0.25,0.51,0.26,30.0,0.0,0.0276,0.5674,0.0,86.39999999999999,56.73664319629601,43.26335680370397,55050.952232999676,64296.24776700032,162,5705,5867,56.74,56.74,-0.0,no_switch,,,0.89,8,1012,0,v26,13000,1,,0.4,0.05,,0,0.1,2,1,0.16,0.16794070145908677,0.085,0.5,,0.49,6,,0.12,0,0,0,0
sweep_0141,v26_dominant,0.78,0.214,3,1141,0.1149,braiinspool+luxor+ocean+sbicrypto,0,0,0.25,0.51,0.26,30.0,0.0,0.0845,0.5674,0.0,86.39999999999999,56.73664319629601,43.26335680370397,55524.38560621695,63822.81439378305,540,5848,6388,56.74,56.74,-0.0,no_switch,,,1.05,8,1926,0,v26,13000,1,,0.4,0.05,,0,0.1,2,1,0.16,0.14945557158289272,0.085,0.5,,0.49,6,,0.12,0,0,0,0
sweep_0142,v26_dominant,0.78,0.214,4,1142,0.1149,braiinspool+luxor+ocean+sbicrypto,0,0,0.25,0.51,0.26,30.0,0.0,0.262,0.5674,0.0,86.39999999999999,56.737060138721,43.262939861279,57165.02319912135,62182.17680087866,1688,4754,6442,56.74,56.74,0.0,no_switch,,,1.77,10,8894,0,v26,13000,1,,0.4,0.05,,0,0.1,2,1,0.16,0.08776614301862865,0.085,0.5,,0.49,6,,0.12,0,0,0,0
sweep_0143,v26_dominant,0.78,0.214,5,1143,0.1957,antpool,0,1,0.25,0.51,0.26,30.0,0.0,0.0387,0.5674,0.0,86.4,56.73664319629601,43.26335680370397,55183.70449227275,64163.49550772725,206,5111,5317,56.74,56.74,-0.0,no_switch,,,1.18,8,1283,0,v26,13000,1,,0.4,0.05,,0,0.1,2,1,0.16,0.16272541138864505,0.085,0.5,,0.49,6,,0.12,0,0,0,0
sweep_0144,v26_dominant,0.78,0.25,0,1144,0.1704,luxor+marapool+sbicrypto,0,0,0.25,0.51,0.26,30.0,0.0,0.2549,0.5674,0.0,86.4,56.737060138721,43.262939861279,57093.98283715592,62253.21716284408,1727,5048,6775,56.74,56.74,0.0,no_switch,,,1.24,10,10884,0,v26,13000,1,,0.4,0.05,,0,0.1,2,1,0.16,0.09036388896538156,0.085,0.5,,0.49,6,,0.12,0,0,0,0
sweep_0145,v26_dominant,0.78,0.25,1,1145,0.2164,binancepool+f2pool,0,0,0.25,0.51,0.26,30.0,0.0,0.041,0.5674,0.0,86.39999999999999,56.73664319629601,43.26335680370397,55173.15512046806,64174.04487953194,249,5820,6069,56.74,56.74,-0.0,no_switch,,,1.14,8,1359,0,v26,13000,1,,0.4,0.05,,0,0.1,2,1,0.16,0.1631389348571937,0.085,0.5,,0.49,6,,0.12,0,0,0,0
sweep_0146,contested,0.78,0.25,2,1146,0.2734,foundryusa,1,1,0.25,0.51,0.26,30.0,0.4433,0.4488,0.5674,38.3,48.099999999999994,56.737060138721,43.262939861279,59881.04483402564,59466.15516597436,1305,1603,2908,56.74,56.74,0.0,no_switch,,,1.94,6,618,0,v26,13000,1,,0.4,0.05,,0,0.1,2,1,0.16,-0.0069285642760783675,0.085,0.5,,0.49,6,,0.12,0,0,0,0
sweep_0147,v27_dominant,0.78,0.25,3,1147,0.2101,antpool+ocean,0,1,0.25,0.51,0.26,30.0,1.0,0.6494,0.5674,86.39999999999999,0.0,56.737060138721,43.262939861279,63092.91770184744,56254.28229815256,3393,1832,5225,56.74,56.74,0.0,no_switch,12054.0,,12.16,6,4106,0,v27,13000,1,,0.4,0.05,,0,0.1,2,1,0.16,-0.10838990575791096,0.085,0.5,,0.49,6,,0.12,0,0,0,0
sweep_0148,v26_dominant,0.78,0.25,4,1148,0.1384,luxor+marapool+ocean,0,0,0.25,0.51,0.26,30.0,0.0,0.0313,0.5674,0.0,86.4,56.73664319629601,43.26335680370397,55118.28996145089,64228.910038549104,156,4826,4982,56.74,56.74,-0.0,no_switch,,,0.93,10,1103,0,v26,13000,1,,0.4,0.05,,0,0.1,2,1,0.16,0.16529213956873617,0.085,0.5,,0.49,6,,0.12,0,0,0,0
sweep_0149,v27_dominant,0.78,0.25,5,1149,0.2023,luxor+sbicrypto+viabtc,0,1,0.25,0.51,0.26,30.0,1.0,0.9058,1.0,86.4,0.0,100.0,0.0,70498.5988401014,48848.6011598986,3422,356,3778,56.74,100.0,43.26,full_switch,2464.0,4903.0,44.32,6,1412,0,v27,13000,1,4903.0,0.4,0.05,2439.0,1,0.1,2,1,0.16,-0.3070982691345027,0.085,0.5,,0.49,6,,0.12,0,0,0,0
sweep_0150,contested,0.78,0.3,0,1150,0.2734,foundryusa,1,1,0.25,0.51,0.26,30.0,0.4734,0.4677,0.5674,40.9,45.5,56.737060138721,43.262939861279,60149.35806002001,59197.84193997998,1258,1432,2690,56.74,56.74,0.0,no_switch,,,1.88,5,528,0,v26,13000,1,,0.4,0.05,,0,0.1,2,1,0.16,-0.015819223192549376,0.085,0.5,,0.49,6,,0.12,0,0,0,0
sweep_0151,v27_dominant,0.78,0.3,1,1151,0.1859,binancepool+marapool,0,0,0.25,0.51,0.26,30.0,1.0,0.9408,1.0,86.39999999999999,0.0,100.0,0.0,70856.93123308344,48490.26876691657,2529,159,2688,56.74,100.0,43.26,full_switch,1277.0,2519.0,46.13,6,748,0,v27,13000,1,2519.0,0.4,0.05,1242.0,1,0.1,2,1,0.16,-0.31565948562733925,0.085,0.5,,0.49,6,,0.12,0,0,0,0
sweep_0152,v27_dominant,0.78,0.3,2,1152,0.0978,braiinspool+marapool,0,0,0.25,0.51,0.26,30.0,1.0,0.8952,1.0,86.39999999999999,0.0,100.0,0.0,70398.6606753773,48948.5393246227,3792,444,4236,56.74,100.0,43.26,full_switch,3037.0,6137.0,43.82,4,1460,0,v27,13000,1,6137.0,0.4,0.05,3100.0,1,0.1,2,1,0.16,-0.30469502040195784,0.085,0.5,,0.49,6,,0.12,0,0,0,0
sweep_0153,contested,0.78,0.3,3,1153,0.3134,foundryusa+luxor,1,1,0.25,0.51,0.26,30.0,0.4965,0.4832,0.5674,42.900000000000006,43.5,56.737060138721,43.262939861279,60360.470782926684,58986.72921707332,1566,1675,3241,56.74,56.74,0.0,no_switch,,,2.54,5,570,0,v26,13000,1,,0.4,0.05,,0,0.1,2,1,0.16,-0.022758960426165785,0.085,0.5,,0.49,6,,0.12,0,0,0,0
sweep_0154,v27_dominant,0.78,0.3,4,1154,0.2421,antpool+sbicrypto,0,1,0.25,0.51,0.26,30.0,1.0,0.7318,0.5674,86.4,0.0,56.73741253525133,43.26258746474866,63729.637447340945,55617.56255265907,4768,1747,6515,56.74,56.74,0.0,no_switch,9628.0,,14.59,10,10900,0,v27,13000,1,,0.4,0.05,,0,0.1,2,1,0.16,-0.1272888913166153,0.085,0.5,,0.49,6,,0.12,0,0,0,0
sweep_0155,v26_dominant,0.78,0.3,5,1155,0.2591,f2pool+marapool+ocean+sbicrypto,0,0,0.25,0.51,0.26,30.0,0.0,0.2412,0.5674,0.0,86.4,56.737060138721,43.262939861279,56969.63406590278,62377.56593409722,1629,5126,6755,56.74,56.74,0.0,no_switch,,,1.04,10,8589,0,v26,13000,1,,0.4,0.05,,0,0.1,2,1,0.16,0.09492656845818104,0.085,0.5,,0.49,6,,0.12,0,0,0,0
sweep_0156,v26_dominant,0.78,0.4,0,1156,0.2862,luxor+marapool+sbicrypto+viabtc,0,1,0.25,0.51,0.26,30.0,0.0,0.0377,0.5674,0.0,86.39999999999999,56.73664319629601,43.26335680370397,55135.01668801489,64212.183311985114,230,5866,6096,56.74,56.74,-0.0,no_switch,,,0.72,8,1190,0,v26,13000,1,,0.4,0.05,,0,0.1,2,1,0.16,0.1646352385333257,0.085,0.5,,0.49,6,,0.12,0,0,0,0
sweep_0157,v27_dominant,0.78,0.4,1,1157,0.3572,foundryusa+marapool,1,1,0.25,0.51,0.26,30.0,1.0,0.8539,1.0,86.4,0.0,100.0,0.0,69977.1355915614,49370.064408438615,4852,830,5682,56.74,100.0,43.26,full_switch,6026.0,11252.0,41.74,10,3131,0,v27,13000,1,11252.0,0.4,0.05,5226.0,1,0.1,2,1,0.16,-0.29448291944101535,0.085,0.5,,0.49,6,,0.12,0,0,0,0
sweep_0158,v26_dominant,0.78,0.4,2,1158,0.2705,antpool+braiinspool+ocean+sbicrypto,0,1,0.25,0.51,0.26,30.0,0.0,0.2824,0.5674,0.0,86.4,56.737060138721,43.262939861279,57348.24136114299,61998.958638857024,1929,4901,6830,56.74,56.74,0.0,no_switch,,,2.2,10,8405,0,v26,13000,1,,0.4,0.05,,0,0.1,2,1,0.16,0.0810960749158245,0.085,0.5,,0.49,6,,0.12,0,0,0,0
sweep_0159,v27_dominant,0.78,0.4,3,1159,0.2357,antpool+luxor,0,1,0.25,0.51,0.26,30.0,1.0,0.9009,1.0,86.4,0.0,100.0,0.0,70454.97040824557,48892.22959175444,5456,600,6056,56.74,100.0,43.26,full_switch,3644.0,6966.0,44.1,6,2117,0,v27,13000,1,6966.0,0.4,0.05,3322.0,1,0.1,2,1,0.16,-0.30604995916608285,0.085,0.5,,0.49,6,,0.12,0,0,0,0
sweep_0160,v27_dominant,0.78,0.4,4,1160,0.2179,binancepool+viabtc,0,1,0.25,0.51,0.26,30.0,1.0,0.9187,1.0,86.39999999999999,0.0,100.0,0.0,70587.5896747823,48759.61032521771,4036,357,4393,56.74,100.0,43.26,full_switch,2447.0,4583.0,44.77,6,1377,0,v27,13000,1,4583.0,0.4,0.05,2136.0,1,0.1,2,1,0.16,-0.30923253577764137,0.085,0.5,,0.49,6,,0.12,0,0,0,0
sweep_0161,v27_dominant,0.78,0.4,5,1161,0.2734,foundryusa,1,1,0.25,0.51,0.26,30.0,1.0,0.7491,0.5674,86.4,0.0,56.73741253525133,43.26258746474866,63815.41570057867,55531.78429942134,4312,1444,5756,56.74,56.74,0.0,no_switch,10908.0,,14.92,8,3616,0,v27,13000,1,,0.4,0.05,,0,0.1,2,1,0.16,-0.1298061183213794,0.085,0.5,,0.49,6,,0.12,0,0,0,0
sweep_0162,v27_dominant,0.78,0.5,0,1162,0.3398,antpool+braiinspool+ocean+viabtc,0,2,0.25,0.51,0.26,30.0,1.0,0.9675,1.0,86.39999999999999,0.0,100.0,0.0,71031.69671200059,48315.50328799942,4909,165,5074,56.74,100.0,43.26,full_switch,610.0,2130.0,47.02,6,769,0,v27,13000,1,2130.0,0.4,0.05,1520.0,1,0.1,2,1,0.16,-0.3198036155056865,0.085,0.5,,0.49,6,,0.12,0,0,0,0
sweep_0163,v27_dominant,0.78,0.5,1,1163,0.3198,foundryusa+sbicrypto,1,1,0.25,0.51,0.26,30.0,1.0,0.9357,1.0,86.4,0.0,100.0,0.0,70781.71779153205,48565.48220846796,2865,197,3062,56.74,100.0,43.26,full_switch,1209.0,2452.0,45.74,8,1206,0,v27,13000,1,2452.0,0.4,0.05,1243.0,1,0.1,2,1,0.16,-0.31386968663992953,0.085,0.5,,0.49,6,,0.12,0,0,0,0
sweep_0164,contested,0.78,0.5,2,1164,0.2878,foundryusa+ocean,1,1,0.25,0.51,0.26,30.0,0.5451,0.5466,0.5674,47.1,39.3,56.737060138721,43.262939861279,61030.325060957904,58316.87493904211,1483,1230,2713,56.74,56.74,0.0,no_switch,,,4.68,4,304,0,v27,13000,1,,0.4,0.05,,0,0.1,2,1,0.16,-0.04446068604756025,0.085,0.5,,0.49,6,,0.12,0,0,0,0
sweep_0165,v27_dominant,0.78,0.5,3,1165,0.2702,f2pool+luxor+viabtc,0,1,0.25,0.51,0.26,30.0,1.0,0.958,1.0,86.39999999999999,0.0,100.0,0.0,70987.45414269285,48359.745857307156,2740,120,2860,56.74,100.0,43.26,full_switch,649.0,1907.0,46.79,6,512,0,v27,13000,1,1907.0,0.4,0.05,1258.0,1,0.1,2,1,0.16,-0.31875644166505007,0.085,0.5,,0.49,6,,0.12,0,0,0,0
sweep_0166,v27_dominant,0.78,0.5,4,1166,0.2179,binancepool+viabtc,0,1,0.25,0.51,0.26,30.0,1.0,0.9513,1.0,86.4,0.0,100.0,0.0,70895.75828277573,48451.44171722427,3204,164,3368,56.74,100.0,43.26,full_switch,1222.0,2443.0,46.32,6,738,0,v27,13000,1,2443.0,0.4,0.05,1221.0,1,0.1,2,1,0.16,-0.3165819381750566,0.085,0.5,,0.49,6,,0.12,0,0,0,0
sweep_0167,v27_dominant,0.78,0.5,5,1167,0.3709,antpool+f2pool+ocean+sbicrypto,0,1,0.25,0.51,0.26,30.0,1.0,0.9647,1.0,86.4,0.0,100.0,0.0,71017.57535431041,48329.62464568959,3384,124,3508,56.74,100.0,43.26,full_switch,661.0,1864.0,46.94,6,530,0,v27,13000,1,1864.0,0.4,0.05,1203.0,1,0.1,2,1,0.16,-0.319469519980504,0.085,0.5,,0.49,6,,0.12,0,0,0,0
