scenario_id,outcome,economic_split,hashrate_split,pool_ideology_strength,pool_profitability_threshold,pool_max_loss_pct,pool_committed_split,pool_neutral_pct,econ_ideology_strength,user_ideology_strength,v27_hash_share,v27_econ_share,v27_block_share,econ_initial,econ_final,econ_delta,econ_switched,econ_outcome,econ_switch_time_s,econ_95pct_time_s,cascade_time_s,econ_lag_s,peak_price_gap_pct,total_reorgs,total_orphans,committed_hashrate_actual,committed_pool_ids_v27,composition_index,composition_seed,duration,econ_inertia,econ_switching_threshold,economic_nodes_per_partition,final_v26_economic,final_v26_hashrate,final_v26_price,final_v27_economic,final_v27_hashrate,final_v27_price,reorg_mass,solo_miner_hashrate,total_blocks,transaction_velocity,user_nodes_per_partition,user_switching_threshold,v26_blocks,v26_fork_valuation,v26_pool_opportunity_cost,v27_blocks,v27_fork_valuation,v27_pool_opportunity_cost,winning_fork
sweep_0000,v26_dominant,0.55,0.25,0.51,0.16,0.26,0.1,30.0,0.4,0.49,0.0,0.0,0.042138810198300285,50.12,0.0,-50.12,False,no_switch,3752.0,None,None,None,0.0,4,0,0.0865,"['luxor', 'sbicrypto']",0,1000,13000,0.05,0.1,2,100.0,86.40000000000002,70993.35305040797,0.0,0.0,48353.84694959204,468,0.085,2824,0.5,6,0.12,2705,354164425353.33826,0,119,0.0,0,v26
sweep_0001,v26_dominant,0.55,0.25,0.51,0.16,0.26,0.1,30.0,0.4,0.49,0.0,0.0,0.017985611510791366,50.12,0.0,-50.12,False,no_switch,2321.0,None,None,None,0.0,4,0,0.0,[],1,1001,13000,0.05,0.1,2,100.0,86.39999999999999,71207.66511627908,0.0,0.0,48139.53488372094,60,0.085,834,0.5,6,0.12,819,355233563609.16394,117691.20412027929,15,0.0,0,v26
sweep_0002,v26_dominant,0.55,0.25,0.51,0.16,0.26,0.1,30.0,0.4,0.49,0.0,0.0,0.030585106382978722,50.12,0.0,-50.12,False,no_switch,3681.0,None,None,None,0.0,4,0,0.0839,['marapool'],2,1002,13000,0.05,0.1,2,100.0,86.39999999999999,71131.50813124109,0.0,0.0,48215.69186875891,92,0.085,752,0.5,6,0.12,729,354853639381.27924,116795.21435879031,23,0.0,0,v26
sweep_0003,v26_dominant,0.55,0.25,0.51,0.16,0.26,0.1,30.0,0.4,0.49,0.0,0.0,0.04096385542168675,50.12,0.0,-50.12,False,no_switch,5040.0,None,None,None,0.0,4,0,0.0545,"['luxor', 'ocean']",3,1003,13000,0.05,0.1,2,100.0,86.39999999999999,71034.95510204083,0.0,0.0,48312.244897959186,136,0.085,830,0.5,6,0.12,796,354371965440.92377,0,34,0.0,0,v26
sweep_0004,v26_dominant,0.55,0.25,0.51,0.16,0.26,0.1,30.0,0.4,0.49,0.0,0.0,0.011782032400589101,50.12,0.0,-50.12,False,no_switch,1601.0,None,None,None,7.55,6,0,0.0139,['braiinspool'],4,1004,13000,0.05,0.1,2,100.0,86.39999999999999,71278.51955484899,0.0,0.0,48068.68044515104,40,0.085,679,0.5,6,0.12,671,355587035032.0734,12665674.32356643,8,0.0,0,v26
sweep_0006,v26_dominant,0.55,0.25,0.51,0.16,0.26,0.15,30.0,0.4,0.49,0.0,0.6214887659734603,0.00125967248515386,62.15,62.15,-0.0,False,partial_switch,None,None,None,None,0.0,6,0,0.1957,['antpool'],0,1006,13000,0.05,0.1,2,37.85112340265398,86.4,63886.23790485396,62.148876597346025,0.0,55460.962095146046,37,0.085,5557,0.5,6,0.12,5550,120635001815.27223,1668470.0108992327,7,171952276099.0327,0,v26
sweep_0007,contested,0.55,0.25,0.51,0.16,0.26,0.15,30.0,0.4,0.49,0.4733796296296296,0.6214929353977099,0.4155251141552511,62.15,62.15,0.0,False,partial_switch,None,None,None,None,3.4,4,0,0.1158,['viabtc'],1,1007,13000,0.05,0.1,2,37.850706460229006,45.5,58894.50582785906,62.14929353977099,40.9,60452.694172140946,104,0.085,219,0.5,6,0.12,128,111207997049.80905,77545699.70171791,91,187429999481.22803,0,v26
sweep_0008,v26_dominant,0.55,0.25,0.51,0.16,0.26,0.15,30.0,0.4,0.49,0.0,0.6214929353977099,0.06688963210702341,62.15,62.15,0.0,False,partial_switch,None,None,None,None,1.16,6,0,0.1021,['binancepool'],2,1008,13000,0.05,0.1,2,37.850706460229006,86.39999999999999,63486.08477522748,62.14929353977099,0.0,55861.115224772526,112,0.085,299,0.5,6,0.12,279,119878080801.34589,3856384.5471764444,20,173194080776.38593,0,v26
sweep_0009,v26_dominant,0.55,0.25,0.51,0.16,0.26,0.15,30.0,0.4,0.49,0.0,0.6214887659734603,0.0024067388688327317,62.15,62.15,-0.0,False,partial_switch,None,None,None,None,0.0,4,0,0.0,[],3,1009,13000,0.05,0.1,2,37.85112340265398,86.39999999999999,63889.33480831849,62.148876597346025,0.0,55457.86519168153,8,0.085,831,0.5,6,0.12,829,120640849631.12926,0,2,171942674397.59323,0,v26
sweep_0010,v26_dominant,0.55,0.25,0.51,0.16,0.26,0.15,30.0,0.4,0.49,0.0,0.0,0.020134228187919462,50.12,0.0,-50.12,False,no_switch,2312.0,None,None,None,0.0,6,0,0.1957,['antpool'],4,1010,13000,0.05,0.1,2,100.0,86.39999999999999,71209.26896551724,0.0,0.0,48137.93103448276,37,0.085,298,0.5,6,0.12,292,355241564729.26013,1799348.6180770723,6,0.0,0,v26
sweep_0011,v26_dominant,0.55,0.25,0.51,0.16,0.26,0.15,30.0,0.4,0.49,0.0,0.6214887659734603,0.0018271514708569341,62.15,62.15,-0.0,False,partial_switch,None,None,None,None,0.0,6,0,0.1021,['binancepool'],5,1011,13000,0.05,0.1,2,37.85112340265398,86.4,63875.10197033851,62.148876597346025,0.0,55472.098029661494,52,0.085,5473,0.5,6,0.12,5463,120613974070.88562,442097.8521329202,10,171986802173.12308,0,v26
sweep_0012,v26_dominant,0.55,0.25,0.51,0.16,0.26,0.214,30.0,0.4,0.49,0.0,0.0,0.04468412942989214,50.12,0.0,-50.12,False,no_switch,6792.0,None,None,None,0.0,6,0,0.1021,['binancepool'],0,1012,13000,0.05,0.1,2,100.0,86.4,71051.63349753695,0.0,0.0,48295.56650246306,150,0.085,649,0.5,6,0.12,620,354455168925.5163,4327292.871510893,29,0.0,0,v26
sweep_0013,v26_dominant,0.55,0.25,0.51,0.16,0.26,0.214,30.0,0.4,0.49,0.1400462962962963,0.5012210820410434,0.42410714285714285,50.12,50.12,0.0,False,no_switch,None,None,None,None,4.32,8,0,0.1624,"['braiinspool', 'sbicrypto', 'binancepool']",1,1013,13000,0.05,0.1,2,49.87789179589566,74.3,61466.74701550749,50.12210820410434,12.1,57880.45298449252,359,0.085,224,0.5,6,0.12,129,152945099179.27887,27895841.27442804,95,144726646164.9069,12541765.14378367,v26
sweep_0014,v26_dominant,0.55,0.25,0.51,0.16,0.26,0.214,30.0,0.4,0.49,0.0,0.0,0.0035056967572304996,50.12,0.0,-50.12,False,no_switch,2301.0,None,None,None,0.0,6,0,0.1144,['f2pool'],2,1014,13000,0.05,0.1,2,100.0,86.4,71327.45594149908,0.0,0.0,48019.74405850092,15,0.085,1141,0.5,6,0.12,1137,355831163904.8778,1590299.3323042262,4,0.0,0,v26
sweep_0015,v26_dominant,0.55,0.25,0.51,0.16,0.26,0.214,30.0,0.4,0.49,0.0,0.0,0.01951219512195122,50.12,0.0,-50.12,False,no_switch,2317.0,None,None,None,0.0,4,0,0.1378,"['luxor', 'marapool', 'braiinspool']",3,1015,13000,0.05,0.1,2,100.0,86.39999999999999,71195.22110817942,0.0,0.0,48151.97889182058,64,0.085,820,0.5,6,0.12,804,355171484206.11646,0,16,0.0,0,v26
sweep_0016,v26_dominant,0.55,0.25,0.51,0.16,0.26,0.214,30.0,0.4,0.49,0.0,0.0,0.04027777777777778,50.12,0.0,-50.12,False,no_switch,3971.0,None,None,None,0.0,4,0,0.1957,['antpool'],4,1016,13000,0.05,0.1,2,100.0,86.4,71075.29667673717,0.0,0.0,48271.90332326284,107,0.085,720,0.5,6,0.12,691,354573217389.2581,504399.9930832125,29,0.0,0,v26
sweep_0017,v26_dominant,0.55,0.25,0.51,0.16,0.26,0.214,30.0,0.4,0.49,0.0,0.0,0.011627906976744186,50.12,0.0,-50.12,False,no_switch,961.0,None,None,None,0.0,4,0,0.1558,"['viabtc', 'luxor']",5,1017,13000,0.05,0.1,2,100.0,86.4,71290.861971831,0.0,0.0,48056.33802816902,32,0.085,688,0.5,6,0.12,680,355648607627.6769,0,8,0.0,0,v26
sweep_0018,v26_dominant,0.55,0.25,0.51,0.16,0.26,0.25,30.0,0.4,0.49,0.0,0.0,0.02862595419847328,50.12,0.0,-50.12,False,no_switch,2289.0,None,None,None,0.0,6,0,0.1144,['f2pool'],0,1018,13000,0.05,0.1,2,100.0,86.4,71182.54303534304,0.0,0.0,48164.65696465697,82,0.085,524,0.5,6,0.12,509,355108237124.6961,2353490.9300583974,15,0.0,0,v26
sweep_0020,contested,0.55,0.25,0.51,0.16,0.26,0.25,30.0,0.4,0.49,0.5567129629629629,0.5012210820410434,0.5205479452054794,50.12,50.12,0.0,False,no_switch,None,None,None,None,3.35,2,0,0.2101,"['ocean', 'antpool']",2,1020,13000,0.05,0.1,2,49.87789179589566,38.300000000000004,59055.2430784996,50.12210820410434,48.1,60291.9569215004,5,0.085,292,0.5,6,0.12,140,146944656228.81915,53216440.529575124,152,150756468998.36203,0,v27
sweep_0021,v26_dominant,0.55,0.25,0.51,0.16,0.26,0.25,30.0,0.4,0.49,0.0,0.0,0.06493506493506493,50.12,0.0,-50.12,False,no_switch,9726.0,None,None,None,0.0,4,0,0.2302,"['f2pool', 'viabtc']",3,1021,13000,0.05,0.1,2,100.0,86.39999999999999,70945.54710743802,0.0,0.0,48401.652892561986,89,0.085,539,0.5,6,0.12,504,353925935923.0897,33329362.3142159,35,0.0,0,v26
sweep_0022,v26_dominant,0.55,0.25,0.51,0.16,0.26,0.25,30.0,0.4,0.49,0.0,0.0,0.029354207436399216,50.12,0.0,-50.12,False,no_switch,7491.0,None,None,None,0.0,6,0,0.2734,['foundryusa'],4,1022,13000,0.05,0.1,2,100.0,86.4,71166.824217119,0.0,0.0,48180.375782881005,96,0.085,511,0.5,6,0.12,496,355029820681.68634,1385493.6678921804,15,0.0,0,v26
sweep_0023,contested,0.55,0.25,0.51,0.16,0.26,0.25,30.0,0.4,0.49,0.5949074074074074,0.5012210820410434,0.5,50.12,50.12,0.0,False,no_switch,None,None,None,None,0.0,64,0,0.1683,"['braiinspool', 'luxor', 'f2pool']",5,1023,13000,0.05,0.1,2,49.87789179589566,35.0,60000,50.12210820410434,51.400000000000006,60000,0,0.085,0,0.5,6,0.12,0,149295454799.99997,26794.61724568531,0,150026448000.00003,5093.412638753653,v27
sweep_0024,v26_dominant,0.55,0.25,0.51,0.16,0.26,0.3,30.0,0.4,0.49,0.0,0.0,0.027972027972027972,50.12,0.0,-50.12,False,no_switch,4479.0,None,None,None,0.0,6,0,0.2101,"['ocean', 'antpool']",0,1024,13000,0.05,0.1,2,100.0,86.4,71131.81538461539,0.0,0.0,48215.38461538462,37,0.085,286,0.5,6,0.12,278,354855172175.6899,1485825.7528060675,8,0.0,0,v26
sweep_0025,v26_dominant,0.55,0.25,0.51,0.16,0.26,0.3,30.0,0.4,0.49,0.0,0.0,0.012110726643598616,50.12,0.0,-50.12,False,no_switch,2960.0,None,None,None,0.0,6,0,0.163,"['ocean', 'sbicrypto', 'binancepool']",1,1025,13000,0.05,0.1,2,100.0,86.4,71277.70193050193,0.0,0.0,48069.49806949808,45,0.085,578,0.5,6,0.12,571,355582956150.8179,3003734.8880847096,7,0.0,0,v26
sweep_0026,v26_dominant,0.55,0.25,0.51,0.16,0.26,0.3,30.0,0.4,0.49,0.0,0.0,0.0034674063800277394,50.12,0.0,-50.12,False,no_switch,1336.0,None,None,None,0.0,4,0,0.1957,['antpool'],2,1026,13000,0.05,0.1,2,100.0,86.4,71331.70502152081,0.0,0.0,48015.4949784792,20,0.085,1442,0.5,6,0.12,1437,355852361283.4987,0,5,0.0,0,v26
sweep_0027,v26_dominant,0.55,0.25,0.51,0.16,0.26,0.3,30.0,0.4,0.49,0.0,0.0,0.00878003696857671,50.12,0.0,-50.12,False,no_switch,2205.0,None,None,None,0.0,6,0,0.2164,"['binancepool', 'f2pool']",3,1027,13000,0.05,0.1,2,100.0,86.39999999999999,71256.01371255853,0.0,0.0,48091.18628744148,200,0.085,4328,0.5,6,0.12,4290,355474760173.0985,1390470.7681290992,38,0.0,0,v26
sweep_0028,v26_dominant,0.55,0.25,0.51,0.16,0.26,0.3,30.0,0.4,0.49,0.3472222222222222,0.5012210820410434,0.375,50.12,50.12,0.0,False,no_switch,None,None,None,None,0.0,3,0,0.2096,"['braiinspool', 'antpool']",4,1028,13000,0.05,0.1,2,49.87789179589566,56.400000000000006,61134.48249937845,50.12210820410434,30.0,58212.71750062156,171,0.085,792,0.5,6,0.12,495,152118339478.45575,0,297,145557453917.4282,91343578.34645434,v26
sweep_0029,v26_dominant,0.55,0.25,0.51,0.16,0.26,0.3,30.0,0.4,0.49,0.3472222222222222,0.5012210820410434,0.3473541383989145,50.12,50.12,0.0,False,no_switch,None,None,None,None,0.0,3,0,0.2023,"['viabtc', 'sbicrypto', 'luxor']",5,1029,13000,0.05,0.1,2,49.87789179589566,56.4,61373.07410189108,50.12210820410434,30.0,57974.12589810893,81,0.085,737,0.5,6,0.12,481,152712016841.93213,0,256,144960869739.96823,105792875.23361887,v26
sweep_0030,v26_dominant,0.55,0.25,0.51,0.16,0.26,0.4,30.0,0.4,0.49,0.0,0.0,0.0053404539385847796,50.12,0.0,-50.12,False,no_switch,1544.0,None,None,None,0.0,4,0,0.2847,"['sbicrypto', 'f2pool', 'luxor', 'marapool']",0,1030,13000,0.05,0.1,2,100.0,86.4,71326.30014513788,0.0,0.0,48020.899854862124,16,0.085,749,0.5,6,0.12,745,355825397985.4431,0,4,0.0,0,v26
sweep_0031,v26_dominant,0.55,0.25,0.51,0.16,0.26,0.4,30.0,0.4,0.49,0.0,0.0,0.013461538461538462,50.12,0.0,-50.12,False,no_switch,2087.0,None,None,None,0.0,6,0,0.326,"['sbicrypto', 'marapool', 'antpool']",1,1031,13000,0.05,0.1,2,100.0,86.39999999999999,71254.49613733907,0.0,0.0,48092.70386266095,41,0.085,520,0.5,6,0.12,513,355467189448.0597,1422746.6025996334,7,0.0,0,v26
sweep_0032,v26_dominant,0.55,0.25,0.51,0.16,0.26,0.4,30.0,0.4,0.49,0.0,0.0,0.011494252873563218,50.12,0.0,-50.12,False,no_switch,3196.0,None,None,None,0.0,4,0,0.2127,"['marapool', 'f2pool', 'ocean']",2,1032,13000,0.05,0.1,2,100.0,86.4,71272.66583850933,0.0,0.0,48074.53416149069,24,0.085,522,0.5,6,0.12,516,355557832606.85284,5195789.791702001,6,0.0,0,v26
sweep_0033,v26_dominant,0.55,0.25,0.51,0.16,0.26,0.4,30.0,0.4,0.49,0.0,0.0,0.0038901601830663617,50.12,0.0,-50.12,False,no_switch,2086.0,None,None,None,0.0,6,0,0.3156,"['braiinspool', 'marapool', 'binancepool', 'viabtc']",3,1033,13000,0.05,0.1,2,100.0,86.4,71314.03387947578,0.0,0.0,48033.16612052423,81,0.085,4370,0.5,6,0.12,4353,355764205285.80597,4184141.215391822,17,0.0,0,v26
sweep_0034,v26_dominant,0.55,0.25,0.51,0.16,0.26,0.4,30.0,0.4,0.49,0.0,0.0,0.01567398119122257,50.12,0.0,-50.12,False,no_switch,1714.0,None,None,None,0.0,6,0,0.2846,"['ocean', 'viabtc', 'f2pool', 'luxor']",4,1034,13000,0.05,0.1,2,100.0,86.4,71248.90648464164,0.0,0.0,48098.29351535836,68,0.085,638,0.5,6,0.12,628,355439304356.70325,4328335.074453212,10,0.0,0,v26
sweep_0035,v26_dominant,0.55,0.25,0.51,0.16,0.26,0.4,30.0,0.4,0.49,0.0,0.0,0.0009370314842578711,50.12,0.0,-50.12,False,no_switch,1029.0,None,None,None,0.0,4,0,0.2773,"['f2pool', 'binancepool', 'sbicrypto', 'ocean']",5,1035,13000,0.05,0.1,2,100.0,86.39999999999999,71342.06861275964,0.0,0.0,48005.13138724037,20,0.085,5336,0.5,6,0.12,5331,355904062114.3229,0,5,0.0,0,v26
sweep_0036,v26_dominant,0.55,0.25,0.51,0.16,0.26,0.5,30.0,0.4,0.49,0.0,0.0,0.013138686131386862,50.12,0.0,-50.12,False,no_switch,1633.0,None,None,None,0.0,6,0,0.2497,"['antpool', 'braiinspool', 'luxor']",0,1036,13000,0.05,0.1,2,100.0,86.4,71246.42239502333,0.0,0.0,48100.777604976676,62,0.085,685,0.5,6,0.12,676,355426911982.8486,3177737.7703949115,9,0.0,0,v26
sweep_0037,v26_dominant,0.55,0.25,0.51,0.16,0.26,0.5,30.0,0.4,0.49,0.0,0.0,0.00847457627118644,50.12,0.0,-50.12,False,no_switch,1361.0,None,None,None,0.0,4,0,0.4105,"['f2pool', 'luxor', 'sbicrypto', 'braiinspool', 'antpool']",1,1037,13000,0.05,0.1,2,100.0,86.4,71330.25882352941,0.0,0.0,48016.941176470595,16,0.085,472,0.5,6,0.12,468,355845146637.9219,0,4,0.0,0,v26
sweep_0038,v27_dominant,0.55,0.25,0.51,0.16,0.26,0.5,30.0,0.4,0.49,1.0,1.0,0.9879227053140096,50.12,100.0,49.88,True,full_switch,981.0,1777.0,1464.0,-483.0,48.54,6,0,0.3548,"['marapool', 'f2pool', 'binancepool', 'luxor', 'ocean']",2,1038,13000,0.05,0.1,2,0.0,0.0,48019.45945945947,100.0,86.39999999999999,71327.74054054054,24,0.085,414,0.5,6,0.12,5,0.0,0,409,355832583683.6549,808.0165253095329,v27
sweep_0039,v26_dominant,0.55,0.25,0.51,0.16,0.26,0.5,30.0,0.4,0.49,0.0,0.0,0.021897810218978103,50.12,0.0,-50.12,False,no_switch,1599.0,None,None,None,0.0,4,0,0.3131,"['f2pool', 'luxor', 'ocean', 'marapool', 'sbicrypto', 'braiinspool']",3,1039,13000,0.05,0.1,2,100.0,86.39999999999999,71271.4105263158,0.0,0.0,48075.78947368421,12,0.085,137,0.5,6,0.12,134,355551570232.94653,0,3,0.0,0,v26
sweep_0040,v26_dominant,0.55,0.25,0.51,0.16,0.26,0.5,30.0,0.4,0.49,0.0,0.0,0.01658374792703151,50.12,0.0,-50.12,False,no_switch,2444.0,None,None,None,0.0,4,0,0.2497,"['luxor', 'braiinspool', 'antpool']",4,1040,13000,0.05,0.1,2,100.0,86.39999999999998,71256.22527075812,0.0,0.0,48090.97472924188,28,0.085,603,0.5,6,0.12,593,355475815573.1461,5018843.390127011,10,0.0,0,v26
sweep_0042,contested,0.65,0.25,0.51,0.16,0.26,0.1,30.0,0.4,0.49,0.4409722222222222,0.6214929353977099,0.4517766497461929,62.15,62.15,0.0,False,partial_switch,None,None,None,None,3.73,0,0,0.0839,['marapool'],0,1042,13000,0.05,0.1,2,37.850706460229006,48.3,58683.93305108955,62.14929353977099,38.1,60663.26694891046,0,0.085,197,0.5,6,0.12,108,110810381407.93237,90441943.99519056,89,188082867909.6935,0,v26
sweep_0043,v26_dominant,0.65,0.25,0.51,0.16,0.26,0.1,30.0,0.4,0.49,0.0,0.6214929353977099,0.03732503888024884,62.15,62.15,0.0,False,partial_switch,None,None,None,None,2.23,8,0,0.1144,['f2pool'],1,1043,13000,0.05,0.1,2,37.850706460229006,86.4,63594.90658101965,62.14929353977099,0.0,55752.293418980364,153,0.085,643,0.5,6,0.12,619,120083564401.00224,6474865.945270825,24,172856685209.77823,0,v26
sweep_0044,v26_dominant,0.65,0.25,0.51,0.16,0.26,0.1,30.0,0.4,0.49,0.0,0.6214887659734603,0.013612565445026177,62.15,62.15,-0.0,False,partial_switch,None,None,None,None,0.85,8,0,0.0,[],2,1044,13000,0.05,0.1,2,37.85112340265398,86.39999999999999,63801.06188720973,62.148876597346025,0.0,55546.13811279027,185,0.085,1910,0.5,6,0.12,1884,120474165782.66014,1353171.3078392055,26,172216357527.65723,0,v26
sweep_0045,v26_dominant,0.65,0.25,0.51,0.16,0.26,0.1,30.0,0.4,0.49,0.0,0.6214929353977099,0.04486251808972504,62.15,62.15,0.0,False,partial_switch,None,None,None,None,2.37,4,0,0.0684,"['braiinspool', 'luxor', 'ocean']",3,1045,13000,0.05,0.1,2,37.850706460229006,86.4,63558.90502839204,62.14929353977099,0.0,55788.29497160797,116,0.085,691,0.5,6,0.12,660,120015584196.36139,4751094.608955232,31,172968305892.4082,0,v26
sweep_0046,v26_dominant,0.65,0.25,0.51,0.16,0.26,0.1,30.0,0.4,0.49,0.0,0.6214887659734603,0.0022429906542056075,62.15,62.15,-0.0,False,partial_switch,None,None,None,None,0.0,6,0,0.0465,['sbicrypto'],4,1046,13000,0.05,0.1,2,37.85112340265398,86.39999999999999,63879.61750815087,62.148876597346025,0.0,55467.58249184913,43,0.085,2675,0.5,6,0.12,2669,120622500663.31078,1532040.6040588543,6,171972802109.37888,0,v26
sweep_0047,v26_dominant,0.65,0.25,0.51,0.16,0.26,0.1,30.0,0.4,0.49,0.0,0.6214887659734603,0.0013805004314063848,62.15,62.15,-0.0,False,partial_switch,None,None,None,None,0.0,8,0,0.0684,"['ocean', 'luxor', 'braiinspool']",5,1047,13000,0.05,0.1,2,37.85112340265398,86.4,63884.61924137606,62.148876597346025,0.0,55462.58075862395,30,0.085,5795,0.5,6,0.12,5787,120631945328.02242,4480.185102570802,8,171957294635.65286,0,v26
sweep_0048,v26_dominant,0.65,0.25,0.51,0.16,0.26,0.15,30.0,0.4,0.49,0.0,0.6214907705043494,0.030821917808219176,62.15,62.15,-0.0,False,partial_switch,None,None,None,None,6.7,8,0,0.0684,"['ocean', 'luxor', 'braiinspool']",0,1048,13000,0.05,0.1,2,37.85092294956506,86.4,63670.18031916519,62.149077050434954,0.0,55677.01968083481,65,0.085,292,0.5,6,0.12,283,120226388245.57794,3049862.181290918,9,172622702129.0507,0,v26
sweep_0049,v26_dominant,0.65,0.25,0.51,0.16,0.26,0.15,30.0,0.4,0.49,0.0,0.6214887659734603,0.015306122448979591,62.15,62.15,-0.0,False,partial_switch,None,None,None,None,0.52,10,0,0.1004,"['luxor', 'sbicrypto', 'braiinspool']",1,1049,13000,0.05,0.1,2,37.85112340265398,86.4,63800.44591942959,62.148876597346025,0.0,55546.75408057042,99,0.085,784,0.5,6,0.12,772,120473002664.01813,2071903.8120609256,12,172218267286.48215,0,v26
sweep_0050,v26_dominant,0.65,0.25,0.51,0.16,0.26,0.15,30.0,0.4,0.49,0.0,0.6214887659734603,0.007926023778071334,62.15,62.15,-0.0,False,partial_switch,None,None,None,None,8.43,8,0,0.0139,['braiinspool'],2,1050,13000,0.05,0.1,2,37.85112340265398,86.4,63849.05508803877,62.148876597346025,0.0,55498.144911961244,53,0.085,757,0.5,6,0.12,751,120564790306.1726,7508462.4372926,6,172067558447.94287,0,v26
sweep_0051,v26_dominant,0.65,0.25,0.51,0.16,0.26,0.15,30.0,0.4,0.49,0.0,0.6214929353977099,0.21003134796238246,62.15,62.15,0.0,False,partial_switch,None,None,None,None,3.38,4,0,0.0,[],3,1051,13000,0.05,0.1,2,37.850706460229006,86.4,62508.83364740793,62.14929353977099,0.0,56838.36635259207,154,0.085,319,0.5,6,0.12,252,118032778951.67708,36094747.31678288,67,176223990044.92365,0,v26
sweep_0052,v26_dominant,0.65,0.25,0.51,0.16,0.26,0.15,30.0,0.4,0.49,0.0,0.6214887659734603,0.02030456852791878,62.15,62.15,-0.0,False,partial_switch,None,None,None,None,2.76,8,0,0.0,[],4,1052,13000,0.05,0.1,2,37.85112340265398,86.4,63766.6075355912,62.148876597346025,0.0,55580.5924644088,68,0.085,394,0.5,6,0.12,386,120409106375.40196,3158387.680164013,8,172323180488.50232,0,v26
sweep_0053,v26_dominant,0.65,0.25,0.51,0.16,0.26,0.15,30.0,0.4,0.49,0.0,0.6214887659734603,0.0011013215859030838,62.15,62.15,-0.0,False,partial_switch,None,None,None,None,5.96,4,0,0.1297,"['braiinspool', 'viabtc']",5,1053,13000,0.05,0.1,2,37.85112340265398,86.4,63880.59987131918,62.148876597346025,0.0,55466.60012868084,20,0.085,5448,0.5,6,0.12,5442,120624355638.4428,0,6,171969756370.96466,0,v26
sweep_0054,contested,0.65,0.25,0.51,0.16,0.26,0.214,30.0,0.4,0.49,0.4155092592592592,0.6214929353977099,0.46774193548387094,62.15,62.15,0.0,False,partial_switch,None,None,None,None,3.88,3,0,0.1608,"['sbicrypto', 'f2pool']",0,1054,13000,0.05,0.1,2,37.850706460229006,50.5,58731.12775517018,62.14929353977099,35.9,60616.072244829826,99,0.085,744,0.5,6,0.12,396,110899497165.64848,102731455.72262742,348,187936543523.618,0,v26
sweep_0055,v26_dominant,0.65,0.25,0.51,0.16,0.26,0.214,30.0,0.4,0.49,0.0,0.6214887659734603,0.00570409982174688,62.15,62.15,-0.0,False,partial_switch,None,None,None,None,0.04,6,0,0.1957,['antpool'],1,1055,13000,0.05,0.1,2,37.85112340265398,86.39999999999999,63839.33366985904,62.148876597346025,0.0,55507.86633014097,58,0.085,2805,0.5,6,0.12,2789,120546433562.4009,738606.1152587011,16,172097698927.29565,0,v26
sweep_0056,v26_dominant,0.65,0.25,0.51,0.16,0.26,0.214,30.0,0.4,0.49,0.0,0.6214887659734603,0.01015228426395939,62.15,62.15,-0.0,False,partial_switch,None,None,None,None,1.2,8,0,0.163,"['binancepool', 'ocean', 'sbicrypto']",2,1056,13000,0.05,0.1,2,37.85112340265398,86.39999999999998,63810.967461379696,62.148876597346025,0.0,55536.2325386203,78,0.085,788,0.5,6,0.12,780,120492870264.20677,2492830.7748303786,8,172185646087.38916,0,v26
sweep_0057,v26_dominant,0.65,0.25,0.51,0.16,0.26,0.214,30.0,0.4,0.49,0.0,0.6214887659734603,0.0005155525004296271,62.15,62.15,-0.0,False,partial_switch,None,None,None,None,0.0,4,0,0.1859,"['binancepool', 'marapool']",3,1057,13000,0.05,0.1,2,37.85112340265398,86.39999999999999,63886.370485865984,62.148876597346025,0.0,55460.82951413402,12,0.085,5819,0.5,6,0.12,5816,120635252165.13084,0,3,171951865042.2114,0,v26
sweep_0058,v27_dominant,0.65,0.25,0.51,0.16,0.26,0.214,30.0,0.4,0.49,1.0,1.0,0.9410828025477707,62.15,100.0,37.85,True,full_switch,1967.0,2941.0,2493.0,-526.0,46.89,10,0,0.1303,"['marapool', 'sbicrypto']",4,1058,13000,0.05,0.1,2,0.0,0.0,48340.54054054055,100.0,86.4,71006.65945945946,235,0.085,628,0.5,6,0.12,37,0.0,0,591,354230807014.6171,23013820.107941,v27
sweep_0059,v26_dominant,0.65,0.25,0.51,0.16,0.26,0.214,30.0,0.4,0.49,0.0,0.0,0.0366412213740458,50.12,0.0,-50.12,False,no_switch,5677.0,None,None,None,0.0,6,0,0.1158,['viabtc'],5,1059,13000,0.05,0.1,2,100.0,86.39999999999999,71090.05714285714,0.0,0.0,48257.14285714286,150,0.085,655,0.5,6,0.12,631,354646852902.67883,1255296.7710185247,24,0.0,0,v26
sweep_0060,v27_dominant,0.65,0.25,0.51,0.16,0.26,0.25,30.0,0.4,0.49,1.0,1.0,0.8745247148288974,62.15,100.0,37.85,True,full_switch,3266.0,5537.0,3899.0,-633.0,44.89,4,0,0.2734,['foundryusa'],0,1060,13000,0.05,0.1,2,0.0,0.0,48735.31914893617,100.0,86.39999999999999,70611.88085106383,111,0.085,263,0.5,6,0.12,33,0.0,0,230,352261375610.45514,19996872.53291428,v27
sweep_0061,contested,0.65,0.25,0.51,0.16,0.26,0.25,30.0,0.4,0.49,0.4571759259259259,0.6214929353977099,0.3932926829268293,62.15,62.15,0.0,False,partial_switch,None,None,None,None,2.96,4,0,0.1957,['antpool'],1,1061,13000,0.05,0.1,2,37.850706460229006,46.9,59226.024988750614,62.14929353977099,39.5,60121.17501124939,157,0.085,328,0.5,6,0.12,199,111833990618.27777,49066284.66334346,129,186402143948.81808,0,v26
sweep_0062,v27_dominant,0.65,0.25,0.51,0.16,0.26,0.25,30.0,0.4,0.49,1.0,1.0,0.9266666666666666,62.15,100.0,37.85,True,full_switch,321.0,1006.0,819.0,-498.0,46.99,4,0,0.1384,"['luxor', 'ocean', 'marapool']",2,1062,13000,0.05,0.1,2,0.0,0.0,48321.42857142858,100.0,86.39999999999998,71025.77142857145,44,0.085,150,0.5,6,0.12,11,0.0,0,139,354326150863.96466,0,v27
sweep_0063,contested,0.65,0.25,0.51,0.16,0.26,0.25,30.0,0.4,0.49,0.5185185185185185,0.6214929353977099,0.5,62.15,62.15,0.0,False,partial_switch,None,None,None,None,0.0,5,0,0.2734,['foundryusa'],3,1063,13000,0.05,0.1,2,37.850706460229006,41.599999999999994,60000,62.14929353977099,44.800000000000004,60000,0,0.085,0,0.5,6,0.12,0,113295454800.0,47271.897241519764,0,186026448000.00003,0,v27
sweep_0064,v26_dominant,0.65,0.25,0.51,0.16,0.26,0.25,30.0,0.4,0.49,0.0,0.0,0.0003869969040247678,50.12,0.0,-50.12,False,no_switch,1670.0,None,None,None,0.0,8,0,0.2878,"['ocean', 'foundryusa']",4,1064,13000,0.05,0.1,2,100.0,86.39999999999999,71347.20000000001,0.0,0.0,48000.0,9,0.085,5168,0.5,6,0.12,5166,355929661057.5361,2023.5852454043925,2,0.0,0,v26
sweep_0065,v27_dominant,0.65,0.25,0.51,0.16,0.26,0.25,30.0,0.4,0.49,1.0,1.0,0.9838187702265372,62.15,100.0,37.85,True,full_switch,654.0,983.0,902.0,-248.0,48.64,4,0,0.2878,"['ocean', 'foundryusa']",5,1065,13000,0.05,0.1,2,0.0,0.0,48000.0,100.0,86.39999999999999,71347.20000000001,20,0.085,309,0.5,6,0.12,5,0.0,0,304,355929661057.5361,0,v27
sweep_0066,v27_dominant,0.65,0.25,0.51,0.16,0.26,0.3,30.0,0.4,0.49,1.0,1.0,0.9087301587301587,62.15,100.0,37.85,True,full_switch,1028.0,2621.0,1269.0,-241.0,44.97,10,0,0.1021,['binancepool'],0,1066,13000,0.05,0.1,2,0.0,0.0,48720.0,100.0,86.39999999999999,70627.20000000001,166,0.085,252,0.5,6,0.12,23,0.0,0,229,352337798223.93604,1066231.131068658,v27
sweep_0067,v26_dominant,0.65,0.25,0.51,0.16,0.26,0.3,30.0,0.4,0.49,0.0,0.6214887659734603,0.001534526854219949,62.15,62.15,-0.0,False,partial_switch,None,None,None,None,0.04,8,0,0.3337,"['braiinspool', 'sbicrypto', 'foundryusa']",1,1067,13000,0.05,0.1,2,37.85112340265398,86.4,63880.21461444239,62.148876597346025,0.0,55466.98538555762,46,0.085,5865,0.5,6,0.12,5856,120623628166.21161,3496356.866315905,9,171970950829.09058,0,v26
sweep_0068,contested,0.65,0.25,0.51,0.16,0.26,0.3,30.0,0.4,0.49,0.5,0.6214929353977099,0.460573476702509,62.15,62.15,0.0,False,partial_switch,None,None,None,None,4.1,5,0,0.0978,"['marapool', 'braiinspool']",2,1068,13000,0.05,0.1,2,37.850706460229006,43.199999999999996,58550.907447292266,62.14929353977099,43.199999999999996,60796.292552707746,110,0.085,558,0.5,6,0.12,301,110559194803.22807,91720332.68058819,257,188495305919.15128,0,v26
sweep_0069,contested,0.65,0.25,0.51,0.16,0.26,0.3,30.0,0.4,0.49,0.44328703703703703,0.6214929353977099,0.4391959798994975,62.15,62.15,0.0,False,partial_switch,None,None,None,None,3.69,5,0,0.2629,"['sbicrypto', 'binancepool', 'f2pool']",3,1069,13000,0.05,0.1,2,37.850706460229006,48.099999999999994,58919.45620379891,62.14929353977099,38.300000000000004,60427.743796201095,209,0.085,995,0.5,6,0.12,558,111255109786.30132,100224299.64244169,437,187352642317.68878,0,v26
sweep_0070,v26_dominant,0.65,0.25,0.51,0.16,0.26,0.3,30.0,0.4,0.49,0.0,0.0,0.021246458923512748,50.12,0.0,-50.12,False,no_switch,3026.0,None,None,None,3.3,10,0,0.1384,"['ocean', 'marapool', 'luxor']",4,1070,13000,0.05,0.1,2,100.0,86.4,71227.01790591807,0.0,0.0,48120.182094081945,70,0.085,706,0.5,6,0.12,691,355330108839.48444,6235032.837881189,15,0.0,0,v26
sweep_0071,v27_dominant,0.65,0.25,0.51,0.16,0.26,0.3,30.0,0.4,0.49,1.0,1.0,0.8876404494382022,62.15,100.0,37.85,True,full_switch,2272.0,4137.0,2541.0,-269.0,43.76,8,0,0.0978,"['marapool', 'braiinspool']",5,1071,13000,0.05,0.1,2,0.0,0.0,48960.0,100.0,86.4,70387.20000000001,106,0.085,178,0.5,6,0.12,20,0.0,0,158,351140510612.736,11106351.198440887,v27
sweep_0072,v26_dominant,0.65,0.25,0.51,0.16,0.26,0.4,30.0,0.4,0.49,0.3356481481481481,0.6214929353977099,0.2733812949640288,62.15,62.15,0.0,False,partial_switch,None,None,None,None,0.04,4,0,0.2869,"['sbicrypto', 'luxor', 'binancepool', 'ocean', 'marapool']",0,1072,13000,0.05,0.1,2,37.850706460229006,57.400000000000006,60674.4999651009,62.14929353977099,28.999999999999996,58672.7000348991,60,0.085,278,0.5,6,0.12,202,114569084471.81151,0,76,181911233034.3626,50141280.26537829,v26
sweep_0073,v27_dominant,0.65,0.25,0.51,0.16,0.26,0.4,30.0,0.4,0.49,1.0,1.0,0.8598130841121495,62.15,100.0,37.85,True,full_switch,999.0,1676.0,1488.0,-489.0,44.23,8,0,0.2122,"['f2pool', 'marapool', 'braiinspool']",1,1073,13000,0.05,0.1,2,0.0,0.0,48867.469879518074,100.0,86.39999999999999,70479.73012048192,54,0.085,107,0.5,6,0.12,15,0.0,0,92,351602115474.8854,3467.758931702003,v27
sweep_0074,v27_dominant,0.65,0.25,0.51,0.16,0.26,0.4,30.0,0.4,0.49,1.0,1.0,0.8368794326241135,62.15,100.0,37.85,True,full_switch,1675.0,2990.0,1955.0,-280.0,42.96,6,0,0.2153,"['luxor', 'ocean', 'f2pool', 'sbicrypto']",2,1074,13000,0.05,0.1,2,0.0,0.0,49122.93577981652,100.0,86.39999999999999,70224.26422018348,79,0.085,141,0.5,6,0.12,23,0.0,0,118,350327673151.92126,13305629.306283459,v27
sweep_0075,contested,0.65,0.25,0.51,0.16,0.26,0.4,30.0,0.4,0.49,0.45138888888888884,0.6214929353977099,0.43700787401574803,62.15,62.15,0.0,False,partial_switch,None,None,None,None,4.43,7,0,0.2527,"['f2pool', 'marapool', 'ocean', 'luxor']",3,1075,13000,0.05,0.1,2,37.850706460229006,47.4,58766.79933833428,62.14929353977099,39.0,60580.40066166573,3,0.085,254,0.5,6,0.12,143,110966854302.94868,101659849.79852495,111,187825945891.77542,0,v26
sweep_0076,v27_dominant,0.65,0.25,0.51,0.16,0.26,0.4,30.0,0.4,0.49,1.0,1.0,0.9436619718309859,62.15,100.0,37.85,True,full_switch,690.0,1062.0,805.0,-115.0,47.8,4,0,0.2585,"['f2pool', 'braiinspool', 'ocean', 'viabtc']",4,1076,13000,0.05,0.1,2,0.0,0.0,48163.63636363637,100.0,86.4,71183.56363636363,16,0.085,71,0.5,6,0.12,4,0.0,0,67,355113328595.3541,0,v27
sweep_0077,v27_dominant,0.65,0.25,0.51,0.16,0.26,0.4,30.0,0.4,0.49,1.0,1.0,0.9506172839506173,62.15,100.0,37.85,True,full_switch,1701.0,3168.0,2318.0,-617.0,48.05,10,0,0.3645,"['luxor', 'ocean', 'f2pool', 'antpool']",5,1077,13000,0.05,0.1,2,0.0,0.0,48114.28571428572,100.0,86.4,71232.91428571429,47,0.085,162,0.5,6,0.12,8,0.0,0,154,355359524099.8217,2302.517374796793,v27
sweep_0078,v26_dominant,0.65,0.25,0.51,0.16,0.26,0.5,30.0,0.4,0.49,0.32523148148148145,0.6214929353977099,0.23529411764705882,62.15,62.15,0.0,False,partial_switch,None,None,None,None,1.29,6,0,0.3162,"['marapool', 'binancepool', 'viabtc', 'ocean']",0,1078,13000,0.05,0.1,2,37.850706460229006,58.300000000000004,61237.62763237035,62.14929353977099,28.099999999999998,58109.57236762967,60,0.085,153,0.5,6,0.12,117,115632414558.04077,0,36,180165289039.15164,85637311.7878572,v26
sweep_0079,v26_dominant,0.65,0.25,0.51,0.16,0.26,0.5,30.0,0.4,0.49,0.0,0.6214887659734603,0.0003448275862068965,62.15,62.15,-0.0,False,partial_switch,None,None,None,None,0.0,4,0,0.3863,"['ocean', 'antpool', 'braiinspool', 'sbicrypto', 'viabtc']",1,1079,13000,0.05,0.1,2,37.85112340265398,86.39999999999999,63886.33967255895,62.148876597346025,0.0,55460.86032744106,0,0.085,5800,0.5,6,0.12,5798,120635193981.02934,0,2,171951960576.40482,0,v26
sweep_0080,contested,0.65,0.25,0.51,0.16,0.26,0.5,30.0,0.4,0.49,0.4305555555555556,0.6214929353977099,0.5138888888888888,62.15,62.15,0.0,False,partial_switch,None,None,None,None,6.54,5,0,0.3482,"['viabtc', 'sbicrypto', 'marapool', 'binancepool']",2,1080,13000,0.05,0.1,2,37.850706460229006,49.199999999999996,58344.39273982925,62.14929353977099,37.2,61002.807260170746,33,0.085,288,0.5,6,0.12,140,110169241841.47955,128885824.9145058,148,189135592543.9696,0,v27
sweep_0081,contested,0.65,0.25,0.51,0.16,0.26,0.5,30.0,0.4,0.49,0.4571759259259259,0.6214929353977099,0.37640449438202245,62.15,62.15,0.0,False,partial_switch,None,None,None,None,3.34,4,0,0.3001,"['viabtc', 'braiinspool', 'luxor', 'sbicrypto', 'marapool']",3,1081,13000,0.05,0.1,2,37.850706460229006,46.9,59320.5575025002,62.14929353977099,39.5,60026.6424974998,76,0.085,178,0.5,6,0.12,111,112012492353.92189,54397372.08653256,67,186109051486.2623,0,v26
sweep_0082,v26_dominant,0.65,0.25,0.51,0.16,0.26,0.5,30.0,0.4,0.49,0.0,0.6214887659734603,0.001978773160640403,62.15,62.15,-0.0,False,partial_switch,None,None,None,None,0.0,6,0,0.3749,"['viabtc', 'sbicrypto', 'f2pool', 'ocean', 'marapool']",4,1082,13000,0.05,0.1,2,37.85112340265398,86.4,63875.38349658203,62.148876597346025,0.0,55471.81650341798,49,0.085,5559,0.5,6,0.12,5548,120614505670.80466,2033219.098099241,11,171985929323.52716,0,v26
sweep_0084,v27_dominant,0.74,0.25,0.51,0.16,0.26,0.1,30.0,0.4,0.49,1.0,1.0,0.8906976744186047,76.18,100.0,23.82,True,full_switch,303.0,908.0,605.0,-302.0,44.57,4,0,0.0465,['sbicrypto'],0,1084,13000,0.05,0.1,2,0.0,0.0,48799.37007874016,100.0,86.4,70547.82992125985,564,0.085,1290,0.5,6,0.12,141,0.0,0,1149,351941844840.7045,0,v27
sweep_0085,v27_dominant,0.74,0.25,0.51,0.16,0.26,0.1,30.0,0.4,0.49,1.0,1.0,0.9779286926994907,76.18,100.0,23.82,True,full_switch,379.0,1767.0,718.0,-339.0,48.02,4,0,0.0401,['luxor'],1,1085,13000,0.05,0.1,2,0.0,0.0,48120.0,100.0,86.4,71227.20000000001,52,0.085,589,0.5,6,0.12,13,0.0,0,576,355331017251.93604,0,v27
sweep_0086,v27_dominant,0.74,0.25,0.51,0.16,0.26,0.1,30.0,0.4,0.49,1.0,1.0,0.9105263157894737,76.18,100.0,23.82,True,full_switch,642.0,1006.0,763.0,-121.0,45.08,4,0,0.0,[],2,1086,13000,0.05,0.1,2,0.0,0.0,48696.77419354839,100.0,86.4,70650.42580645162,68,0.085,190,0.5,6,0.12,17,0.0,0,173,352453664766.9554,0,v27
sweep_0087,v27_dominant,0.74,0.25,0.51,0.16,0.26,0.1,30.0,0.4,0.49,1.0,1.0,0.9421487603305785,76.18,100.0,23.82,True,full_switch,959.0,1925.0,959.0,0.0,47.74,4,0,0.1144,['f2pool'],3,1087,13000,0.05,0.1,2,0.0,0.0,48173.49397590362,100.0,86.4,71173.70602409639,28,0.085,121,0.5,6,0.12,7,0.0,0,114,355064151941.0059,0,v27
sweep_0088,v26_dominant,0.74,0.25,0.51,0.16,0.26,0.1,30.0,0.4,0.49,0.3310185185185185,0.7618100976471542,0.2937853107344633,76.18,76.18,0.0,False,partial_switch,None,None,None,None,5.2,3,0,0.0,[],4,1088,13000,0.05,0.1,2,23.818990235284577,57.8,59017.55277781399,76.18100976471541,28.6,60329.64722218603,45,0.085,177,0.5,6,0.12,125,70128054441.28754,77087153.43820208,52,229279252752.8025,0,v26
sweep_0089,v27_dominant,0.74,0.25,0.51,0.16,0.26,0.1,30.0,0.4,0.49,1.0,1.0,0.9724517906336089,76.18,100.0,23.82,True,full_switch,653.0,954.0,653.0,0.0,47.63,4,0,0.0139,['braiinspool'],5,1089,13000,0.05,0.1,2,0.0,0.0,48195.180722891564,100.0,86.39999999999999,71152.01927710844,40,0.085,363,0.5,6,0.12,10,0.0,0,353,354955963301.43964,0,v27
sweep_0090,v27_dominant,0.74,0.25,0.51,0.16,0.26,0.15,30.0,0.4,0.49,1.0,0.9999839637528858,0.6235294117647059,76.18,100.0,23.82,True,full_switch,4699.0,5706.0,5114.0,-415.0,36.59,6,0,0.1239,"['luxor', 'marapool']",0,1090,13000,0.05,0.1,2,0.001603624711422221,0.0,50445.4754538333,99.99839637528858,86.39999999999999,68901.7245461667,98,0.085,85,0.5,6,0.12,32,4035638.036306664,0,53,343724409484.70435,49719339.534312114,v27
sweep_0091,v27_dominant,0.74,0.25,0.51,0.16,0.26,0.15,30.0,0.4,0.49,1.0,1.0,0.9521276595744681,76.18,100.0,23.82,True,full_switch,309.0,922.0,672.0,-363.0,46.81,4,0,0.1427,"['ocean', 'braiinspool', 'f2pool']",1,1091,13000,0.05,0.1,2,0.0,0.0,48356.85131195335,100.0,86.4,70990.34868804665,72,0.085,376,0.5,6,0.12,18,0.0,0,358,354149437495.6934,0,v27
sweep_0092,v27_dominant,0.74,0.25,0.51,0.16,0.26,0.15,30.0,0.4,0.49,1.0,1.0,0.9636363636363636,76.18,100.0,23.82,True,full_switch,657.0,993.0,657.0,0.0,47.17,4,0,0.0,[],2,1092,13000,0.05,0.1,2,0.0,0.0,48285.71428571429,100.0,86.39999999999999,71061.4857142857,40,0.085,275,0.5,6,0.12,10,0.0,0,265,354504318663.25024,0,v27
sweep_0093,v27_dominant,0.74,0.25,0.51,0.16,0.26,0.15,30.0,0.4,0.49,1.0,1.0,0.9742388758782201,76.18,100.0,23.82,True,full_switch,659.0,1740.0,765.0,-106.0,47.64,4,0,0.0144,['ocean'],3,1093,13000,0.05,0.1,2,0.0,0.0,48193.406593406595,100.0,86.39999999999999,71153.79340659341,88,0.085,854,0.5,6,0.12,22,0.0,0,832,354964813898.3272,0,v27
sweep_0094,v27_dominant,0.74,0.25,0.51,0.16,0.26,0.15,30.0,0.4,0.49,1.0,1.0,0.6880733944954128,76.18,100.0,23.82,True,full_switch,2086.0,2790.0,2584.0,-498.0,36.22,10,0,0.1021,['binancepool'],4,1094,13000,0.05,0.1,2,0.0,0.0,50524.67532467533,100.0,86.4,68822.52467532468,178,0.085,109,0.5,6,0.12,34,0.0,0,75,343334817355.30225,23959885.536924332,v27
sweep_0096,v27_dominant,0.74,0.25,0.51,0.16,0.26,0.214,30.0,0.4,0.49,1.0,1.0,0.9731182795698925,76.18,100.0,23.82,True,full_switch,724.0,988.0,724.0,0.0,47.66,4,0,0.1165,"['ocean', 'binancepool']",0,1096,13000,0.05,0.1,2,0.0,0.0,48190.7284768212,100.0,86.39999999999999,71156.47152317881,20,0.085,186,0.5,6,0.12,5,0.0,0,181,354978174214.1983,0,v27
sweep_0097,v27_dominant,0.74,0.25,0.51,0.16,0.26,0.214,30.0,0.4,0.49,1.0,1.0,0.9144144144144144,76.18,100.0,23.82,True,full_switch,1339.0,1644.0,1339.0,0.0,46.16,8,0,0.1144,['f2pool'],1,1097,13000,0.05,0.1,2,0.0,0.0,48482.9268292683,100.0,86.4,70864.27317073171,120,0.085,222,0.5,6,0.12,19,0.0,0,203,353520484766.7068,4383118.925600078,v27
sweep_0098,v27_dominant,0.74,0.25,0.51,0.16,0.26,0.214,30.0,0.4,0.49,1.0,1.0,0.9188640973630832,76.18,100.0,23.82,True,full_switch,358.0,1020.0,774.0,-416.0,45.56,4,0,0.1302,"['ocean', 'viabtc']",2,1098,13000,0.05,0.1,2,0.0,0.0,48601.318681318684,100.0,86.4,70745.88131868132,160,0.085,493,0.5,6,0.12,40,0.0,0,453,352929863526.17773,0,v27
sweep_0099,v26_dominant,0.74,0.25,0.51,0.16,0.26,0.214,30.0,0.4,0.49,0.31712962962962965,0.7618100976471542,0.2994652406417112,76.18,76.18,0.0,False,partial_switch,None,None,None,None,3.4,4,0,0.1021,['binancepool'],3,1099,13000,0.05,0.1,2,23.818990235284577,59.0,58949.853296319256,76.18100976471541,27.400000000000002,60397.346703680756,60,0.085,187,0.5,6,0.12,131,70047610019.23935,70147162.96949497,56,229536540624.41388,0,v26
sweep_0100,v27_dominant,0.74,0.25,0.51,0.16,0.26,0.214,30.0,0.4,0.49,1.0,1.0,0.9222614840989399,76.18,100.0,23.82,True,full_switch,668.0,973.0,668.0,0.0,45.31,4,0,0.1624,"['binancepool', 'braiinspool', 'sbicrypto']",4,1100,13000,0.05,0.1,2,0.0,0.0,48651.851851851854,100.0,86.4,70695.34814814816,88,0.085,283,0.5,6,0.12,22,0.0,0,261,352677768780.2027,0,v27
sweep_0101,v26_dominant,0.74,0.25,0.51,0.16,0.26,0.214,30.0,0.4,0.49,0.1076388888888889,0.7618100976471542,0.06182795698924731,76.18,76.18,0.0,False,partial_switch,None,None,None,None,1.68,9,0,0.1622,"['viabtc', 'sbicrypto']",5,1101,13000,0.05,0.1,2,23.818990235284577,77.10000000000001,61519.87617042685,76.18100976471541,9.3,57827.323829573164,48,0.085,372,0.5,6,0.12,349,73101459180.17108,1892515.9881390426,23,219769320836.7221,34596053.05434877,v26
sweep_0102,v26_dominant,0.74,0.25,0.51,0.16,0.26,0.25,30.0,0.4,0.49,0.3136574074074074,0.7618100976471542,0.24187725631768953,76.18,76.18,0.0,False,partial_switch,None,None,None,None,4.0,4,0,0.2004,"['marapool', 'ocean', 'binancepool']",0,1102,13000,0.05,0.1,2,23.818990235284577,59.300000000000004,59170.1333736887,76.18100976471541,27.1,60177.06662631131,22,0.085,277,0.5,6,0.12,210,70309359490.89658,81423367.04911885,67,228699379230.95187,0,v26
sweep_0103,v27_dominant,0.74,0.25,0.51,0.16,0.26,0.25,30.0,0.4,0.49,1.0,1.0,0.71900826446281,76.18,100.0,23.82,True,full_switch,2540.0,3530.0,3134.0,-594.0,36.8,10,0,0.1703,"['luxor', 'viabtc', 'ocean']",1,1103,13000,0.05,0.1,2,0.0,0.0,50400.0,100.0,86.4,68947.20000000001,202,0.085,121,0.5,6,0.12,34,0.0,0,87,343956784945.5361,26046415.170263074,v27
sweep_0104,contested,0.74,0.25,0.51,0.16,0.26,0.25,30.0,0.4,0.49,0.5266203703703703,0.7618100976471542,0.5,76.18,76.18,0.0,False,partial_switch,None,None,None,None,0.0,4,0,0.2179,"['viabtc', 'binancepool']",2,1104,13000,0.05,0.1,2,23.818990235284577,40.9,60000,76.18100976471541,45.5,60000,0,0.085,0,0.5,6,0.12,0,71295454800.0,86784.6916699782,0,228026448000.00003,0,v27
sweep_0105,v27_dominant,0.74,0.25,0.51,0.16,0.26,0.25,30.0,0.4,0.49,1.0,1.0,0.9333333333333333,76.18,100.0,23.82,True,full_switch,993.0,993.0,1958.0,-965.0,46.9,8,0,0.2734,['foundryusa'],3,1105,13000,0.05,0.1,2,0.0,0.0,48338.82352941177,100.0,86.39999999999999,71008.37647058823,49,0.085,120,0.5,6,0.12,8,0.0,0,112,354239372665.25366,5304.075901249889,v27
sweep_0106,v26_dominant,0.74,0.25,0.51,0.16,0.26,0.25,30.0,0.4,0.49,0.32754629629629634,0.7918780609863209,0.28104575163398693,76.18,79.19,3.01,False,partial_switch,312.0,None,None,None,7.57,3,0,0.2096,"['braiinspool', 'antpool']",4,1106,13000,0.05,0.1,2,20.812193901367916,58.099999999999994,58714.834696735576,79.18780609863208,28.3,60632.36530326442,20,0.085,306,0.5,6,0.12,220,60961122182.33272,109423043.61443228,86,239524569694.52017,0,v26
sweep_0107,v27_dominant,0.74,0.25,0.51,0.16,0.26,0.25,30.0,0.4,0.49,1.0,1.0,0.9097744360902256,76.18,100.0,23.82,True,full_switch,308.0,1063.0,785.0,-477.0,45.2,4,0,0.2734,['foundryusa'],5,1107,13000,0.05,0.1,2,0.0,0.0,48672.897196261685,100.0,86.39999999999999,70674.30280373832,48,0.085,133,0.5,6,0.12,12,0.0,0,121,352572779904.6388,0,v27
sweep_0108,v27_dominant,0.74,0.25,0.51,0.16,0.26,0.3,30.0,0.4,0.49,1.0,1.0,0.851063829787234,76.18,100.0,23.82,True,full_switch,1585.0,2229.0,1913.0,-328.0,42.19,10,0,0.1957,['antpool'],0,1108,13000,0.05,0.1,2,0.0,0.0,49277.41935483872,100.0,86.4,70069.7806451613,77,0.085,94,0.5,6,0.12,14,0.0,0,80,349557001191.4715,12550640.48016517,v27
sweep_0109,v26_dominant,0.74,0.25,0.51,0.16,0.26,0.3,30.0,0.4,0.49,0.33564814814814814,0.7618100976471542,0.2709030100334448,76.18,76.18,0.0,False,partial_switch,None,None,None,None,14.74,4,0,0.2179,"['binancepool', 'viabtc']",1,1109,13000,0.05,0.1,2,23.818990235284577,57.4,59013.478828234154,76.18100976471541,29.0,60333.72117176585,48,0.085,299,0.5,6,0.12,218,70123213539.81876,85994141.05244286,81,229294735557.00278,0,v26
sweep_0110,v27_dominant,0.74,0.25,0.51,0.16,0.26,0.3,30.0,0.4,0.49,1.0,1.0,0.915,76.18,100.0,23.82,True,full_switch,632.0,1096.0,632.0,0.0,45.18,4,0,0.2446,"['ocean', 'viabtc', 'f2pool']",2,1110,13000,0.05,0.1,2,0.0,0.0,48677.64705882353,100.0,86.39999999999999,70669.55294117647,68,0.085,200,0.5,6,0.12,17,0.0,0,183,352549084272.9713,0,v27
sweep_0111,v27_dominant,0.74,0.25,0.51,0.16,0.26,0.3,30.0,0.4,0.49,1.0,1.0,0.8671586715867159,76.18,100.0,23.82,True,full_switch,304.0,965.0,666.0,-362.0,43.29,4,0,0.1021,['binancepool'],3,1111,13000,0.05,0.1,2,0.0,0.0,49055.1724137931,100.0,86.39999999999999,70292.02758620691,144,0.085,271,0.5,6,0.12,36,0.0,0,235,350665724146.2257,0,v27
sweep_0112,v27_dominant,0.74,0.25,0.51,0.16,0.26,0.3,30.0,0.4,0.49,1.0,1.0,0.9336158192090396,76.18,100.0,23.82,True,full_switch,346.0,986.0,642.0,-296.0,46.14,4,0,0.2734,['foundryusa'],4,1112,13000,0.05,0.1,2,0.0,0.0,48487.77614138439,100.0,86.4,70859.42385861561,188,0.085,708,0.5,6,0.12,47,0.0,0,661,353496293011.20905,0,v27
sweep_0113,v27_dominant,0.74,0.25,0.51,0.16,0.26,0.3,30.0,0.4,0.49,1.0,1.0,0.7692307692307693,76.18,100.0,23.82,True,full_switch,999.0,2368.0,1852.0,-853.0,39.37,6,0,0.2164,"['binancepool', 'f2pool']",5,1113,13000,0.05,0.1,2,0.0,0.0,49858.06451612904,100.0,86.4,69489.13548387098,134,0.085,130,0.5,6,0.12,30,0.0,0,100,346660337615.9877,11791651.190310312,v27
sweep_0114,v27_dominant,0.74,0.25,0.51,0.16,0.26,0.4,30.0,0.4,0.49,1.0,1.0,0.9192546583850931,76.18,100.0,23.82,True,full_switch,1476.0,1815.0,1392.0,84.0,45.66,6,0,0.3754,"['binancepool', 'foundryusa']",0,1114,13000,0.05,0.1,2,0.0,0.0,48582.35294117647,100.0,86.4,70764.84705882354,57,0.085,161,0.5,6,0.12,13,0.0,0,148,353024477883.3007,5313736.315282864,v27
sweep_0115,v27_dominant,0.74,0.25,0.51,0.16,0.26,0.4,30.0,0.4,0.49,1.0,1.0,0.9391304347826087,76.18,100.0,23.82,True,full_switch,1008.0,2362.0,1638.0,-630.0,46.45,6,0,0.2127,"['ocean', 'f2pool', 'marapool']",1,1115,13000,0.05,0.1,2,0.0,0.0,48425.615763546804,100.0,86.39999999999998,70921.5842364532,49,0.085,230,0.5,6,0.12,14,0.0,0,216,353806392387.4276,3396125.1764503866,v27
sweep_0116,v27_dominant,0.74,0.25,0.51,0.16,0.26,0.4,30.0,0.4,0.49,1.0,1.0,0.9036144578313253,76.18,100.0,23.82,True,full_switch,361.0,1320.0,731.0,-370.0,44.86,4,0,0.2978,"['antpool', 'binancepool']",2,1116,13000,0.05,0.1,2,0.0,0.0,48741.17647058824,100.0,86.4,70606.02352941177,64,0.085,166,0.5,6,0.12,16,0.0,0,150,352232155199.4184,0,v27
sweep_0117,v27_dominant,0.74,0.25,0.51,0.16,0.26,0.4,30.0,0.4,0.49,1.0,1.0,0.8471615720524017,76.18,100.0,23.82,True,full_switch,336.0,1063.0,712.0,-376.0,42.48,4,0,0.2822,"['antpool', 'luxor', 'sbicrypto']",3,1117,13000,0.05,0.1,2,0.0,0.0,49218.46153846154,100.0,86.39999999999999,70128.73846153847,140,0.085,229,0.5,6,0.12,35,0.0,0,194,349851123954.5206,0,v27
sweep_0118,v27_dominant,0.74,0.25,0.51,0.16,0.26,0.4,30.0,0.4,0.49,1.0,1.0,0.9666666666666667,76.18,100.0,23.82,True,full_switch,1635.0,1635.0,1365.0,270.0,47.46,6,0,0.2302,"['f2pool', 'viabtc']",4,1118,13000,0.05,0.1,2,0.0,0.0,48229.78723404256,100.0,86.40000000000002,71117.41276595744,12,0.085,120,0.5,6,0.12,4,0.0,0,116,354783321855.32324,5342.9811034575105,v27
sweep_0119,v27_dominant,0.74,0.25,0.51,0.16,0.26,0.4,30.0,0.4,0.49,1.0,1.0,0.9407894736842105,76.18,100.0,23.82,True,full_switch,774.0,1707.0,1275.0,-501.0,46.18,4,0,0.2357,"['luxor', 'antpool']",5,1119,13000,0.05,0.1,2,0.0,0.0,48480.0,100.0,86.4,70867.20000000001,28,0.085,152,0.5,6,0.12,9,0.0,0,143,353535085835.13605,2333279.1554585695,v27
sweep_0120,v27_dominant,0.74,0.25,0.51,0.16,0.26,0.5,30.0,0.4,0.49,1.0,1.0,0.8070175438596491,76.18,100.0,23.82,True,full_switch,1032.0,2125.0,689.0,343.0,40.0,4,0,0.3278,"['foundryusa', 'ocean', 'luxor']",0,1120,13000,0.05,0.1,2,0.0,0.0,49728.00000000001,100.0,86.39999999999999,69619.2,70,0.085,114,0.5,6,0.12,22,0.0,0,92,347309190256.896,1379804.947582405,v27
sweep_0121,v27_dominant,0.74,0.25,0.51,0.16,0.26,0.5,30.0,0.4,0.49,1.0,1.0,0.9063032367972743,76.18,100.0,23.82,True,full_switch,356.0,963.0,722.0,-366.0,45.19,4,0,0.4266,"['f2pool', 'binancepool', 'ocean', 'antpool']",1,1121,13000,0.05,0.1,2,0.0,0.0,48675.81227436823,100.0,86.4,70671.38772563178,220,0.085,587,0.5,6,0.12,55,0.0,0,532,352558237459.2111,0,v27
sweep_0122,v27_dominant,0.74,0.25,0.51,0.16,0.26,0.5,30.0,0.4,0.49,1.0,1.0,0.8797814207650273,76.18,100.0,23.82,True,full_switch,3075.0,3339.0,3210.0,-135.0,44.9,6,0,0.3939,"['marapool', 'antpool', 'f2pool']",2,1122,13000,0.05,0.1,2,0.0,0.0,48733.75796178345,100.0,86.4,70613.44203821657,64,0.085,183,0.5,6,0.12,22,0.0,0,161,352269163902.2749,20439166.386424378,v27
sweep_0123,v27_dominant,0.74,0.25,0.51,0.16,0.26,0.5,30.0,0.4,0.49,1.0,1.0,0.949748743718593,76.18,100.0,23.82,True,full_switch,634.0,941.0,716.0,-82.0,46.42,4,0,0.3515,"['antpool', 'luxor', 'viabtc']",3,1123,13000,0.05,0.1,2,0.0,0.0,48432.0,100.0,86.4,70915.20000000001,40,0.085,199,0.5,6,0.12,10,0.0,0,189,353774543357.37604,0,v27
sweep_0124,v27_dominant,0.74,0.25,0.51,0.16,0.26,0.5,30.0,0.4,0.49,1.0,1.0,0.965034965034965,76.18,100.0,23.82,True,full_switch,978.0,1623.0,1482.0,-504.0,47.39,10,0,0.3167,"['sbicrypto', 'viabtc', 'f2pool', 'luxor']",4,1124,13000,0.05,0.1,2,0.0,0.0,48243.037974683546,100.0,86.4,71104.16202531646,76,0.085,286,0.5,6,0.12,10,0.0,0,276,354717217906.95374,3548638.1114589022,v27
sweep_0125,v27_dominant,0.74,0.25,0.51,0.16,0.26,0.5,30.0,0.4,0.49,1.0,1.0,0.9395973154362416,76.18,100.0,23.82,True,full_switch,356.0,1809.0,707.0,-351.0,46.25,4,0,0.368,"['viabtc', 'marapool', 'f2pool', 'braiinspool', 'luxor']",5,1125,13000,0.05,0.1,2,0.0,0.0,48465.39923954373,100.0,86.4,70881.80076045629,72,0.085,298,0.5,6,0.12,18,0.0,0,280,353607924625.171,0,v27
sweep_0126,v27_dominant,0.78,0.25,0.51,0.16,0.26,0.1,30.0,0.4,0.49,1.0,1.0,0.8869047619047619,76.18,100.0,23.82,True,full_switch,380.0,1028.0,668.0,-288.0,43.88,4,0,0.0465,['sbicrypto'],0,1126,13000,0.05,0.1,2,0.0,0.0,48936.585365853665,100.0,86.4,70410.61463414635,76,0.085,168,0.5,6,0.12,19,0.0,0,149,351257319160.17017,0,v27
sweep_0127,v27_dominant,0.78,0.25,0.51,0.16,0.26,0.1,30.0,0.4,0.49,1.0,1.0,0.956140350877193,76.18,100.0,23.82,True,full_switch,354.0,2067.0,712.0,-358.0,47.4,4,0,0.0,[],1,1127,13000,0.05,0.1,2,0.0,0.0,48240.0,100.0,86.39999999999998,71107.20000000001,20,0.085,114,0.5,6,0.12,5,0.0,0,109,354732373446.33606,0,v27
sweep_0128,v27_dominant,0.78,0.25,0.51,0.16,0.26,0.1,30.0,0.4,0.49,1.0,1.0,0.9487179487179487,76.18,100.0,23.82,True,full_switch,391.0,1130.0,777.0,-386.0,46.55,4,0,0.0865,"['sbicrypto', 'luxor']",2,1128,13000,0.05,0.1,2,0.0,0.0,48406.45161290323,100.0,86.4,70940.74838709678,56,0.085,273,0.5,6,0.12,14,0.0,0,259,353901996554.6973,0,v27
sweep_0129,v27_dominant,0.78,0.25,0.51,0.16,0.26,0.1,30.0,0.4,0.49,1.0,1.0,0.7734375,76.18,100.0,23.82,True,full_switch,1663.0,3315.0,2509.0,-846.0,39.57,8,0,0.0604,"['sbicrypto', 'braiinspool']",3,1129,13000,0.05,0.1,2,0.0,0.0,49818.18181818182,100.0,86.39999999999998,69529.01818181817,104,0.085,128,0.5,6,0.12,29,0.0,0,99,346859300366.62683,17286815.324244373,v27
sweep_0130,v26_dominant,0.78,0.25,0.51,0.16,0.26,0.1,30.0,0.4,0.49,0.2337962962962963,0.7618100976471542,0.5,76.18,76.18,0.0,False,partial_switch,None,None,None,None,0.0,6,0,0.0401,['luxor'],4,1130,13000,0.05,0.1,2,23.818990235284577,66.2,60000,76.18100976471541,20.200000000000003,60000,0,0.085,0,0.5,6,0.12,0,71295454800.0,372474.5871031699,0,228026448000.00003,0,v27
sweep_0131,v27_dominant,0.78,0.25,0.51,0.16,0.26,0.1,30.0,0.4,0.49,1.0,1.0,0.9681962744207179,76.18,100.0,23.82,True,full_switch,301.0,945.0,643.0,-342.0,47.24,4,0,0.1158,['viabtc'],5,1131,13000,0.05,0.1,2,0.0,0.0,48271.31964464272,100.0,86.4,71075.8803553573,560,0.085,4402,0.5,6,0.12,140,0.0,0,4262,354576129185.8447,0,v27
sweep_0132,v26_dominant,0.78,0.25,0.51,0.16,0.26,0.15,30.0,0.4,0.49,0.12962962962962962,0.7618100976471542,0.0636042402826855,76.18,76.18,0.0,False,partial_switch,None,None,None,None,0.0,5,0,0.054,"['luxor', 'braiinspool']",0,1132,13000,0.05,0.1,2,23.818990235284577,75.19999999999999,61369.12364151217,76.18100976471541,11.2,57978.07635848785,10,0.085,283,0.5,6,0.12,265,72922326344.98404,0,18,220342246898.31268,40856995.960373335,v26
sweep_0133,v26_dominant,0.78,0.25,0.51,0.16,0.26,0.15,30.0,0.4,0.49,0.22337962962962962,0.7618100976471542,0.27488151658767773,76.18,76.18,0.0,False,partial_switch,None,None,None,None,4.79,2,0,0.0839,['marapool'],1,1133,13000,0.05,0.1,2,23.818990235284577,67.1,59040.05443799025,76.18100976471541,19.299999999999997,60307.145562009755,26,0.085,211,0.5,6,0.12,153,70154792209.55457,95895779.57033065,58,229193736525.40082,0,v26
sweep_0134,v27_dominant,0.78,0.25,0.51,0.16,0.26,0.15,30.0,0.4,0.49,1.0,1.0,0.9150943396226415,76.18,100.0,23.82,True,full_switch,610.0,924.0,858.0,-248.0,44.63,4,0,0.1021,['binancepool'],2,1134,13000,0.05,0.1,2,0.0,0.0,48787.5,100.0,86.4,70559.70000000001,36,0.085,106,0.5,6,0.12,9,0.0,0,97,352001061083.2861,0,v27
sweep_0135,v26_dominant,0.78,0.25,0.51,0.16,0.26,0.15,30.0,0.4,0.49,0.0,0.7618100976471542,0.0005358099660653688,76.18,76.18,0.0,False,partial_switch,None,None,None,None,0.0,4,0,0.1544,"['luxor', 'f2pool']",3,1135,13000,0.05,0.1,2,23.818990235284577,86.39999999999999,62205.47882823416,76.18100976471541,0.0,57141.72117176585,8,0.085,5599,0.5,6,0.12,5596,73916131735.17877,0,3,217163728523.40277,0,v26
sweep_0136,v27_dominant,0.78,0.25,0.51,0.16,0.26,0.15,30.0,0.4,0.49,1.0,1.0,0.8290598290598291,76.18,100.0,23.82,True,full_switch,1923.0,3035.0,2104.0,-181.0,41.65,10,0,0.0604,"['sbicrypto', 'braiinspool']",4,1136,13000,0.05,0.1,2,0.0,0.0,49387.95180722892,100.0,86.39999999999999,69959.24819277109,138,0.085,117,0.5,6,0.12,20,0.0,0,97,349005588125.29504,4480405.718475135,v27
sweep_0137,v26_dominant,0.78,0.25,0.51,0.16,0.26,0.15,30.0,0.4,0.49,0.1076388888888889,0.7618100976471542,0.02708803611738149,76.18,76.18,0.0,False,partial_switch,None,None,None,None,0.0,23,0,0.1021,['binancepool'],5,1137,13000,0.05,0.1,2,23.818990235284577,77.10000000000001,61607.49988086573,76.18100976471541,9.3,57739.70011913428,1916,0.085,443,0.5,6,0.12,431,73205578718.28781,6354.51636090735,12,219436312112.5228,23141486.999687463,v26
sweep_0138,v26_dominant,0.78,0.25,0.51,0.16,0.26,0.214,30.0,0.4,0.49,0.33912037037037035,0.7618100976471542,0.2546583850931677,76.18,76.18,0.0,False,partial_switch,None,None,None,None,3.75,5,0,0.1957,['antpool'],0,1138,13000,0.05,0.1,2,23.818990235284577,57.099999999999994,59248.30959746492,76.18100976471541,29.299999999999997,60098.89040253508,38,0.085,322,0.5,6,0.12,240,70402252981.37444,47588061.37892987,82,228402275120.52277,0,v26
sweep_0139,v27_dominant,0.78,0.25,0.51,0.16,0.26,0.214,30.0,0.4,0.49,1.0,1.0,0.9919786096256684,76.18,100.0,23.82,True,full_switch,696.0,1003.0,696.0,0.0,48.33,4,0,0.1303,"['marapool', 'sbicrypto']",1,1139,13000,0.05,0.1,2,0.0,0.0,48060.251046025114,100.0,86.39999999999999,71286.9489539749,24,0.085,748,0.5,6,0.12,6,0.0,0,742,355629086761.8373,0,v27
sweep_0140,v27_dominant,0.78,0.25,0.51,0.16,0.26,0.214,30.0,0.4,0.49,1.0,1.0,0.9263657957244655,76.18,100.0,23.82,True,full_switch,366.0,958.0,717.0,-351.0,45.8,4,0,0.1441,"['braiinspool', 'ocean', 'viabtc']",2,1140,13000,0.05,0.1,2,0.0,0.0,48553.846153846156,100.0,86.39999999999999,70793.35384615384,124,0.085,421,0.5,6,0.12,31,0.0,0,390,353166689647.0744,0,v27
sweep_0141,v26_dominant,0.78,0.25,0.51,0.16,0.26,0.214,30.0,0.4,0.49,0.2222222222222222,0.7618100976471542,0.19895287958115182,76.18,76.18,0.0,False,partial_switch,None,None,None,None,0.0,4,0,0.1149,"['ocean', 'sbicrypto', 'braiinspool', 'luxor']",3,1141,13000,0.05,0.1,2,23.818990235284577,67.2,60601.120207544496,76.18100976471541,19.2,58746.0797924555,14,0.085,191,0.5,6,0.12,153,72009740443.10593,0,38,223260998483.30344,38178122.424092814,v26
sweep_0142,v27_dominant,0.78,0.25,0.51,0.16,0.26,0.214,30.0,0.4,0.49,1.0,1.0,0.9242424242424242,76.18,100.0,23.82,True,full_switch,672.0,979.0,672.0,0.0,47.08,4,0,0.1149,"['luxor', 'ocean', 'braiinspool', 'sbicrypto']",4,1142,13000,0.05,0.1,2,0.0,0.0,48303.61445783133,100.0,86.39999999999999,71043.58554216867,60,0.085,198,0.5,6,0.12,15,0.0,0,183,354415020103.6083,0,v27
sweep_0143,v27_dominant,0.78,0.25,0.51,0.16,0.26,0.214,30.0,0.4,0.49,1.0,1.0,0.9281045751633987,76.18,100.0,23.82,True,full_switch,373.0,918.0,676.0,-303.0,46.18,4,0,0.1957,['antpool'],5,1143,13000,0.05,0.1,2,0.0,0.0,48480.0,100.0,86.4,70867.20000000001,88,0.085,306,0.5,6,0.12,22,0.0,0,284,353535085835.13605,0,v27
sweep_0144,v27_dominant,0.78,0.25,0.51,0.16,0.26,0.25,30.0,0.4,0.49,1.0,1.0,0.8823529411764706,76.18,100.0,23.82,True,full_switch,714.0,1067.0,714.0,0.0,43.88,4,0,0.1704,"['marapool', 'sbicrypto', 'luxor']",0,1144,13000,0.05,0.1,2,0.0,0.0,48936.98630136987,100.0,86.4,70410.21369863013,80,0.085,170,0.5,6,0.12,20,0.0,0,150,351255319013.80994,0,v27
sweep_0145,contested,0.78,0.25,0.51,0.16,0.26,0.25,30.0,0.4,0.49,0.39699074074074076,0.7618100976471542,0.2789115646258503,76.18,76.18,0.0,False,partial_switch,None,None,None,None,3.79,3,0,0.2164,"['f2pool', 'binancepool']",1,1145,13000,0.05,0.1,2,23.818990235284577,52.099999999999994,58711.291217614686,76.18100976471541,34.3,60635.90878238532,30,0.085,147,0.5,6,0.12,106,69764136820.91809,111869118.72889745,41,230443181681.65552,0,v26
sweep_0147,v27_dominant,0.78,0.25,0.51,0.16,0.26,0.25,30.0,0.4,0.49,1.0,1.0,0.91005291005291,76.18,100.0,23.82,True,full_switch,1114.0,1742.0,1318.0,-204.0,46.0,6,0,0.2101,"['ocean', 'antpool']",3,1147,13000,0.05,0.1,2,0.0,0.0,48514.28571428572,100.0,86.39999999999999,70832.91428571429,66,0.085,189,0.5,6,0.12,17,0.0,0,172,353364044747.8217,911383.1908697039,v27
sweep_0148,v27_dominant,0.78,0.25,0.51,0.16,0.26,0.25,30.0,0.4,0.49,1.0,1.0,0.8079470198675497,76.18,100.0,23.82,True,full_switch,2652.0,3607.0,3237.0,-585.0,40.71,10,0,0.1384,"['luxor', 'marapool', 'ocean']",4,1148,13000,0.05,0.1,2,0.0,0.0,49580.48780487805,100.0,86.4,69766.71219512196,125,0.085,151,0.5,6,0.12,29,0.0,0,122,348045084105.73114,30541961.48993516,v27
sweep_0149,v27_dominant,0.78,0.25,0.51,0.16,0.26,0.25,30.0,0.4,0.49,1.0,1.0,0.9845626072041166,76.18,100.0,23.82,True,full_switch,1017.0,1651.0,745.0,272.0,48.16,4,0,0.2023,"['luxor', 'sbicrypto', 'viabtc']",5,1149,13000,0.05,0.1,2,0.0,0.0,48093.333333333336,100.0,86.4,71253.86666666667,36,0.085,583,0.5,6,0.12,9,0.0,0,574,355464049208.736,0,v27
sweep_0150,v27_dominant,0.78,0.25,0.51,0.16,0.26,0.3,30.0,0.4,0.49,1.0,1.0,0.8947368421052632,76.18,100.0,23.82,True,full_switch,2390.0,3086.0,2593.0,-203.0,44.48,8,0,0.2734,['foundryusa'],0,1150,13000,0.05,0.1,2,0.0,0.0,48816.49484536083,100.0,86.4,70530.70515463919,69,0.085,133,0.5,6,0.12,14,0.0,0,119,351856414545.2062,11582932.822488068,v27
sweep_0152,v27_dominant,0.78,0.25,0.51,0.16,0.26,0.3,30.0,0.4,0.49,1.0,1.0,0.9783599088838268,76.18,100.0,23.82,True,full_switch,614.0,1969.0,682.0,-68.0,48.02,4,0,0.0978,"['braiinspool', 'marapool']",2,1152,13000,0.05,0.1,2,0.0,0.0,48119.2899408284,100.0,86.39999999999999,71227.9100591716,76,0.085,878,0.5,6,0.12,19,0.0,0,859,355334559522.97504,0,v27
sweep_0153,v27_dominant,0.78,0.25,0.51,0.16,0.26,0.3,30.0,0.4,0.49,1.0,1.0,0.9932520679146714,76.18,100.0,23.82,True,full_switch,647.0,1746.0,763.0,-116.0,48.31,4,0,0.3134,"['luxor', 'foundryusa']",3,1153,13000,0.05,0.1,2,0.0,0.0,48063.98002070427,100.0,86.39999999999999,71283.21997929573,112,0.085,4594,0.5,6,0.12,31,0.0,0,4563,355610484031.89624,0,v27
sweep_0154,v27_dominant,0.78,0.25,0.51,0.16,0.26,0.3,30.0,0.4,0.49,1.0,1.0,0.9578313253012049,76.18,100.0,23.82,True,full_switch,1128.0,1659.0,1418.0,-290.0,47.36,10,0,0.2421,"['sbicrypto', 'antpool']",4,1154,13000,0.05,0.1,2,0.0,0.0,48248.8120950324,100.0,86.4,71098.3879049676,167,0.085,498,0.5,6,0.12,21,0.0,0,477,354688412562.1235,6022378.898819482,v27
sweep_0155,v27_dominant,0.78,0.25,0.51,0.16,0.26,0.3,30.0,0.4,0.49,1.0,1.0,0.8135593220338984,76.18,100.0,23.82,True,full_switch,1023.0,1630.0,1307.0,-284.0,41.78,8,0,0.2591,"['ocean', 'marapool', 'sbicrypto', 'f2pool']",5,1155,13000,0.05,0.1,2,0.0,0.0,49362.16216216217,100.0,86.4,69985.03783783785,107,0.085,118,0.5,6,0.12,22,0.0,0,96,349134244885.8604,6983719.803351109,v27
sweep_0156,v27_dominant,0.78,0.25,0.51,0.16,0.26,0.4,30.0,0.4,0.49,1.0,1.0,0.9846153846153847,76.18,100.0,23.82,True,full_switch,956.0,1621.0,956.0,0.0,48.48,4,0,0.2862,"['marapool', 'luxor', 'sbicrypto', 'viabtc']",0,1156,13000,0.05,0.1,2,0.0,0.0,48030.50847457628,100.0,86.39999999999999,71316.69152542372,16,0.085,260,0.5,6,0.12,4,0.0,0,256,355777463479.84106,0,v27
sweep_0157,v27_dominant,0.78,0.25,0.51,0.16,0.26,0.4,30.0,0.4,0.49,1.0,1.0,0.8778625954198473,76.18,100.0,23.82,True,full_switch,1085.0,1439.0,1318.0,-233.0,43.67,10,0,0.3572,"['marapool', 'foundryusa']",1,1157,13000,0.05,0.1,2,0.0,0.0,48978.64077669903,100.0,86.4,70368.55922330098,86,0.085,131,0.5,6,0.12,16,0.0,0,115,351047517400.21564,746487.4546243269,v27
sweep_0158,v27_dominant,0.78,0.25,0.51,0.16,0.26,0.4,30.0,0.4,0.49,1.0,1.0,0.8894736842105263,76.18,100.0,23.82,True,full_switch,1071.0,1428.0,1368.0,-297.0,46.36,10,0,0.2705,"['braiinspool', 'ocean', 'sbicrypto', 'antpool']",2,1158,13000,0.05,0.1,2,0.0,0.0,48443.83561643836,100.0,86.4,70903.36438356165,138,0.085,190,0.5,6,0.12,21,0.0,0,169,353715499036.8237,8539387.73858532,v27
sweep_0159,v27_dominant,0.78,0.25,0.51,0.16,0.26,0.4,30.0,0.4,0.49,1.0,1.0,0.9393939393939394,76.18,100.0,23.82,True,full_switch,2585.0,3954.0,2585.0,0.0,46.6,8,0,0.2357,"['luxor', 'antpool']",3,1159,13000,0.05,0.1,2,0.0,0.0,48396.61016949153,100.0,86.4,70950.58983050848,91,0.085,264,0.5,6,0.12,16,0.0,0,248,353951092547.50214,8197238.815996968,v27
sweep_0160,v27_dominant,0.78,0.25,0.51,0.16,0.26,0.4,30.0,0.4,0.49,1.0,1.0,0.9507042253521126,76.18,100.0,23.82,True,full_switch,350.0,1019.0,669.0,-319.0,46.64,4,0,0.2179,"['viabtc', 'binancepool']",4,1160,13000,0.05,0.1,2,0.0,0.0,48390.00000000001,100.0,86.39999999999999,70957.2,56,0.085,284,0.5,6,0.12,14,0.0,0,270,353984068689.336,0,v27
sweep_0161,v27_dominant,0.78,0.25,0.51,0.16,0.26,0.4,30.0,0.4,0.49,1.0,1.0,0.8988095238095238,76.18,100.0,23.82,True,full_switch,383.0,1636.0,1447.0,-1064.0,45.62,8,0,0.2734,['foundryusa'],5,1161,13000,0.05,0.1,2,0.0,0.0,48591.0447761194,100.0,86.4,70756.1552238806,86,0.085,168,0.5,6,0.12,17,0.0,0,151,352981116940.4017,6679970.989786692,v27
sweep_0162,v27_dominant,0.78,0.25,0.51,0.16,0.26,0.5,30.0,0.4,0.49,1.0,1.0,0.8157894736842105,76.18,100.0,23.82,True,full_switch,1061.0,1868.0,716.0,345.0,40.22,6,0,0.3398,"['braiinspool', 'antpool', 'ocean', 'viabtc']",0,1162,13000,0.05,0.1,2,0.0,0.0,49683.11688311688,100.0,86.39999999999999,69664.08311688312,101,0.085,114,0.5,6,0.12,21,0.0,0,93,347533098589.3802,1667735.1528681256,v27
sweep_0163,v27_dominant,0.78,0.25,0.51,0.16,0.26,0.5,30.0,0.4,0.49,1.0,1.0,0.966321243523316,76.18,100.0,23.82,True,full_switch,359.0,1083.0,781.0,-422.0,47.35,4,0,0.3198,"['foundryusa', 'sbicrypto']",1,1163,13000,0.05,0.1,2,0.0,0.0,48250.434782608696,100.0,86.4,71096.76521739131,52,0.085,386,0.5,6,0.12,13,0.0,0,373,354680317463.24036,0,v27
sweep_0164,contested,0.78,0.25,0.51,0.16,0.26,0.5,30.0,0.4,0.49,0.5451388888888888,0.7618100976471542,0.5,76.18,76.18,0.0,False,partial_switch,None,None,None,None,0.0,4,0,0.2878,"['foundryusa', 'ocean']",2,1164,13000,0.05,0.1,2,23.818990235284577,39.3,60000,76.18100976471541,47.1,60000,0,0.085,0,0.5,6,0.12,0,71295454800.0,78917.5585060753,0,228026448000.00003,0,v27
sweep_0165,v27_dominant,0.78,0.25,0.51,0.16,0.26,0.5,30.0,0.4,0.49,1.0,1.0,0.952054794520548,76.18,100.0,23.82,True,full_switch,693.0,693.0,629.0,64.0,47.23,6,0,0.2702,"['f2pool', 'viabtc', 'luxor']",3,1165,13000,0.05,0.1,2,0.0,0.0,48274.28571428572,100.0,86.39999999999999,71072.91428571429,23,0.085,146,0.5,6,0.12,7,0.0,0,139,354561332359.0217,2010.1021141633391,v27
sweep_0166,v27_dominant,0.78,0.25,0.51,0.16,0.26,0.5,30.0,0.4,0.49,1.0,1.0,0.9208103130755064,76.18,100.0,23.82,True,full_switch,331.0,928.0,865.0,-534.0,46.28,4,0,0.2179,"['viabtc', 'binancepool']",4,1166,13000,0.05,0.1,2,0.0,0.0,48459.88023952096,100.0,86.4,70887.31976047905,172,0.085,543,0.5,6,0.12,43,0.0,0,500,353635457251.6438,0,v27
sweep_0167,v27_dominant,0.78,0.25,0.51,0.16,0.26,0.5,30.0,0.4,0.49,1.0,1.0,0.9712586719524281,76.18,100.0,23.82,True,full_switch,959.0,2073.0,672.0,287.0,47.69,6,0,0.3709,"['sbicrypto', 'antpool', 'ocean', 'f2pool']",5,1167,13000,0.05,0.1,2,0.0,0.0,48183.86108273749,100.0,86.4,71163.33891726252,132,0.085,1009,0.5,6,0.12,29,0.0,0,980,355012433571.9385,1505393.8161785956,v27
