scenario_id,outcome,econ_outcome,economic_split,hashrate_split,pool_ideology_strength,pool_profitability_threshold,pool_max_loss_pct,pool_committed_split,pool_neutral_pct,econ_ideology_strength,user_ideology_strength,v27_hash_share,v27_econ_share,v27_block_share,econ_initial,econ_final,econ_delta,econ_switched,econ_outcome,econ_switch_time_s,econ_95pct_time_s,cascade_time_s,econ_lag_s,peak_price_gap_pct,total_reorgs,total_orphans,duration,econ_inertia,econ_switching_threshold,economic_nodes_per_partition,final_v26_economic,final_v26_hashrate,final_v26_price,final_v27_economic,final_v27_hashrate,final_v27_price,reorg_mass,solo_miner_hashrate,total_blocks,transaction_velocity,user_custody_fraction,user_nodes_per_partition,user_split,user_switching_threshold,v26_blocks,v26_fork_valuation,v26_pool_opportunity_cost,v27_blocks,v27_fork_valuation,v27_pool_opportunity_cost,winning_fork
sweep_0000,v27_dominant,full_switch,0.6,0.25,0.62,0.16,0.28,0.35,30.0,0.4,0.49,1.0,1.0,0.7438715131022823,62.74,100.0,37.26,True,full_switch,905.0,4276.0,2516.0,-1611.0,39.33,10,0,13000,0.05,0.1,2,0.0,0.0,49866.89714779603,100.0,86.4,69480.30285220398,2148,0.085,1183,0.5,0.1267,6,0.6252,0.12,303,0.0,0,880,346616274280.6994,21851478.93541935,v27
sweep_0001,v27_dominant,full_switch,0.6,0.25,0.62,0.16,0.28,0.35,30.0,0.4,0.49,1.0,1.0,0.945273631840796,56.45,100.0,43.55,True,full_switch,945.0,5233.0,1316.0,-371.0,46.94,10,0,13000,0.05,0.1,2,0.0,0.0,48329.91913746631,100.0,86.4,71017.2808625337,115,0.085,402,0.5,0.3235,6,0.4462,0.12,22,0.0,0,380,354283793990.9269,2452.108958484605,v27
sweep_0002,v27_dominant,full_switch,0.6,0.25,0.62,0.16,0.28,0.35,30.0,0.4,0.49,1.0,1.0,0.9632829373650108,64.16,100.0,35.84,True,full_switch,991.0,2419.0,1345.0,-354.0,47.67,10,0,13000,0.05,0.1,2,0.0,0.0,48187.234042553195,100.0,86.4,71159.96595744681,145,0.085,463,0.5,0.4386,6,0.6482,0.12,17,0.0,0,446,354995606892.77,7389112.210665073,v27
sweep_0003,contested,no_switch,0.6,0.25,0.62,0.16,0.28,0.35,30.0,0.4,0.49,0.5844907407407407,0.5826738857147157,0.42105263157894735,58.27,58.27,0.0,False,no_switch,None,None,None,None,3.88,5,0,13000,0.05,0.1,2,41.732611428528436,35.9,58538.44321435535,58.26738857147157,50.5,60808.75678564465,307,0.085,247,0.5,0.2205,6,0.2881,0.12,143,110502924423.46059,25440741.208721932,104,188567954792.28406,12616091.941904664,v26
sweep_0004,v27_dominant,full_switch,0.6,0.25,0.62,0.16,0.28,0.35,30.0,0.4,0.49,1.0,1.0,0.9200841219768665,57.05,100.0,42.95,True,full_switch,2361.0,9174.0,3775.0,-1414.0,46.29,10,0,13000,0.05,0.1,2,0.0,0.0,48457.39320920045,100.0,86.4,70889.80679079957,512,0.085,951,0.5,0.2894,6,0.5332,0.12,76,0.0,0,875,353647864295.77484,31285647.20960418,v27
sweep_0005,contested,partial_switch,0.6,0.25,0.62,0.16,0.28,0.35,30.0,0.4,0.49,0.5844907407407407,0.6197845376405171,0.5317604355716878,59.44,61.98,2.54,False,partial_switch,5352.0,None,None,None,7.19,5,0,13000,0.05,0.1,2,38.02154623594829,35.9,57630.66743807757,61.97845376405171,50.5,61716.532561922424,608,0.085,551,0.5,0.1545,6,0.4921,0.12,258,100144717445.46616,144407952.90146506,293,200640447358.8098,0,v27
sweep_0006,v27_dominant,full_switch,0.6,0.25,0.62,0.16,0.28,0.35,30.0,0.4,0.49,1.0,1.0,0.9924812030075187,65.12,100.0,34.88,True,full_switch,726.0,2521.0,726.0,0.0,48.58,4,0,13000,0.05,0.1,2,0.0,0.0,48011.59420289855,100.0,86.4,71335.60579710145,20,0.085,665,0.5,0.6486,6,0.5646,0.12,5,0.0,0,660,355871821076.3186,0,v27
sweep_0007,v27_dominant,full_switch,0.6,0.25,0.62,0.16,0.28,0.35,30.0,0.4,0.49,1.0,1.0,0.972636815920398,64.39,100.0,35.61,True,full_switch,334.0,3813.0,780.0,-446.0,47.91,4,0,13000,0.05,0.1,2,0.0,0.0,48141.971830985916,100.0,86.4,71205.2281690141,44,0.085,402,0.5,0.4876,6,0.5774,0.12,11,0.0,0,391,355221406414.29095,0,v27
sweep_0009,v27_dominant,partial_switch,0.6,0.25,0.62,0.16,0.28,0.35,30.0,0.4,0.49,1.0,0.7617542408311762,0.9930176077717061,54.34,76.18,21.84,True,partial_switch,1407.0,None,3207.0,-1800.0,34.46,10,0,13000,0.05,0.1,2,23.824575916882374,0.0,50903.16092595418,76.17542408311762,86.4,68444.03907404581,147,0.085,3294,0.5,0.4427,6,0.2805,0.12,23,61592824.72040456,0,3271,341363849562.06946,28564907.46699796,v27
sweep_0010,contested,no_switch,0.6,0.25,0.62,0.16,0.28,0.35,30.0,0.4,0.49,0.5844907407407407,0.5727840526443266,0.5087719298245614,57.28,57.28,0.0,False,no_switch,None,None,None,None,4.93,5,0,13000,0.05,0.1,2,42.72159473556734,35.9,58293.26962913765,57.278405264432664,50.5,61053.93037086235,336,0.085,342,0.5,0.2764,6,0.2734,0.12,168,110040110643.82635,104398365.0231731,174,189328238080.04413,0,v27
sweep_0011,v27_dominant,partial_switch,0.6,0.25,0.62,0.16,0.28,0.35,30.0,0.4,0.49,1.0,0.7912456969017693,0.9568527918781726,55.31,79.12,23.82,True,partial_switch,1656.0,None,2031.0,-375.0,35.2,10,0,13000,0.05,0.1,2,20.87543030982307,0.0,50743.72567032794,79.12456969017693,86.4,68603.47432967207,153,0.085,394,0.5,0.3879,6,0.2929,0.12,17,61399908.06109681,0,377,342159031046.86774,12853692.65295186,v27
sweep_0012,v26_dominant,no_switch,0.6,0.25,0.62,0.16,0.28,0.35,30.0,0.4,0.49,0.34722222222222227,0.5200087895871337,0.43190661478599224,52.0,52.0,0.0,False,no_switch,None,None,None,None,0.0,3,0,13000,0.05,0.1,2,47.999121041286635,56.39999999999999,60532.16629528932,52.00087895871337,30.0,58815.03370471068,21,0.085,257,0.5,0.5747,6,0.4628,0.12,146,114266472253.50826,0,111,182385419518.30783,74526724.13720831,v26
sweep_0013,v26_dominant,no_switch,0.6,0.25,0.62,0.16,0.28,0.35,30.0,0.4,0.49,0.34722222222222227,0.5277225055418557,0.3422459893048128,52.77,52.77,0.0,False,no_switch,None,None,None,None,0.0,3,0,13000,0.05,0.1,2,47.22774944581443,56.39999999999999,61157.38707635488,52.772250554185575,30.0,58189.812923645135,24,0.085,187,0.5,0.5311,6,0.6012,0.12,123,115446700509.06804,0,64,180446609876.22357,121186718.36248596,v26
sweep_0014,contested,no_switch,0.6,0.25,0.62,0.16,0.28,0.35,30.0,0.4,0.49,0.5844907407407407,0.5463817661578192,0.5687203791469194,53.16,54.64,1.48,False,no_switch,None,None,None,None,6.75,5,0,13000,0.05,0.1,2,45.36182338421808,35.9,58095.215608948085,54.638176615781916,50.5,61251.98439105191,76,0.085,633,0.5,0.5091,6,0.4746,0.12,273,100951962049.41982,123671883.23444408,360,199130201255.30975,0,v27
sweep_0015,v27_dominant,full_switch,0.6,0.25,0.62,0.16,0.28,0.35,30.0,0.4,0.49,1.0,1.0,0.8904761904761904,60.41,100.0,39.59,True,full_switch,1415.0,5531.0,2643.0,-1228.0,44.6,10,0,13000,0.05,0.1,2,0.0,0.0,48791.815856777495,100.0,86.4,70555.38414322252,396,0.085,420,0.5,0.0994,6,0.3786,0.12,46,0.0,0,374,351979530575.57184,20035365.70410228,v27
sweep_0016,v26_dominant,no_switch,0.6,0.25,0.62,0.16,0.28,0.35,30.0,0.4,0.49,0.34722222222222227,0.5957305884087177,0.3238434163701068,59.57,59.57,0.0,False,no_switch,None,None,None,None,0.0,3,0,13000,0.05,0.1,2,40.42694115912822,56.39999999999999,60532.97839364085,59.573058840871774,30.0,58814.22160635916,15,0.085,281,0.5,0.1467,6,0.4554,0.12,190,114268005250.25084,0,91,182382901201.31976,81764623.59738182,v26
sweep_0017,v26_dominant,no_switch,0.6,0.25,0.62,0.16,0.28,0.35,30.0,0.4,0.49,0.34722222222222227,0.5361969778866078,0.3771043771043771,53.62,53.62,0.0,False,no_switch,None,None,None,None,0.64,3,0,13000,0.05,0.1,2,46.38030221133921,56.39999999999999,60547.836265360704,53.61969778866078,30.0,58799.3637346393,18,0.085,297,0.5,0.4832,6,0.394,0.12,185,114296052430.62666,0,112,182336826941.1165,78536850.94367708,v26
sweep_0018,v26_dominant,no_switch,0.6,0.25,0.62,0.16,0.28,0.35,30.0,0.4,0.49,0.0,0.4993445229928321,0.09293680297397769,49.93,49.93,0.0,False,no_switch,None,None,None,None,0.0,4,0,13000,0.05,0.1,2,50.065547700716785,86.4,64597.17098724392,49.93445229928321,0.0,54750.029012756095,52,0.085,269,0.5,0.6915,6,0.3458,0.12,244,121939975025.20335,45923093.15654473,25,169779839968.55664,0,v26
sweep_0019,v27_dominant,full_switch,0.6,0.25,0.62,0.16,0.28,0.35,30.0,0.4,0.49,1.0,1.0,0.9727564102564102,63.72,100.0,36.28,True,full_switch,1316.0,2796.0,1316.0,0.0,47.76,10,0,13000,0.05,0.1,2,0.0,0.0,48171.137521222416,100.0,86.4,71176.0624787776,146,0.085,624,0.5,0.341,6,0.6099,0.12,17,0.0,0,607,355075907582.6566,4451420.911713038,v27
sweep_0020,v27_dominant,partial_switch,0.6,0.25,0.62,0.16,0.28,0.35,30.0,0.4,0.49,1.0,0.6532084694618887,0.9968798751950078,51.25,65.32,14.07,True,partial_switch,1418.0,None,1418.0,0.0,28.74,10,0,13000,0.05,0.1,2,34.679153053811135,0.0,52176.342263243794,65.32084694618887,86.4,67170.85773675622,95,0.085,3205,0.5,0.6173,6,0.4985,0.12,10,9976638404.154846,0,3195,322251409466.72107,5209841.39211186,v27
sweep_0021,v27_dominant,full_switch,0.6,0.25,0.62,0.16,0.28,0.35,30.0,0.4,0.49,1.0,1.0,0.974757281553398,57.92,100.0,42.08,True,full_switch,1027.0,4022.0,1940.0,-913.0,48.11,10,0,13000,0.05,0.1,2,0.0,0.0,48103.278688524595,100.0,86.4,71243.92131147541,90,0.085,515,0.5,0.24,6,0.256,0.12,13,0.0,0,502,355414434831.40485,10539262.379155524,v27
sweep_0022,v26_dominant,no_switch,0.6,0.25,0.62,0.16,0.28,0.35,30.0,0.4,0.49,0.34722222222222227,0.5156919393739404,0.38153846153846155,51.57,51.57,0.0,False,no_switch,None,None,None,None,0.0,3,0,13000,0.05,0.1,2,48.43080606260595,56.39999999999999,60700.43518905118,51.56919393739404,30.0,58646.76481094884,27,0.085,325,0.5,0.5991,6,0.3717,0.12,201,114584113171.66692,0,124,181863617678.75235,94230595.69868948,v26
sweep_0023,v27_dominant,full_switch,0.6,0.25,0.62,0.16,0.28,0.35,30.0,0.4,0.49,1.0,1.0,0.9802224969097652,65.19,100.0,34.81,True,full_switch,975.0,4840.0,1362.0,-387.0,48.07,10,0,13000,0.05,0.1,2,0.0,0.0,48110.91142490372,100.0,86.4,71236.28857509629,133,0.085,809,0.5,0.6636,6,0.6165,0.12,16,0.0,0,793,355376357411.79535,5608602.506596582,v27
sweep_0024,v27_dominant,full_switch,0.6,0.25,0.62,0.16,0.28,0.35,30.0,0.4,0.49,1.0,1.0,0.9624808575803981,62.5,100.0,37.5,True,full_switch,2018.0,2996.0,2574.0,-556.0,47.27,10,0,13000,0.05,0.1,2,0.0,0.0,48266.876971608835,100.0,86.4,71080.32302839117,328,0.085,1306,0.5,0.0723,6,0.6344,0.12,49,0.0,0,1257,354598292341.6117,16924608.782235876,v27
sweep_0025,v27_dominant,full_switch,0.6,0.25,0.62,0.16,0.28,0.35,30.0,0.4,0.49,1.0,1.0,0.9014423076923077,63.77,100.0,36.23,True,full_switch,3173.0,8517.0,3242.0,-69.0,45.42,10,0,13000,0.05,0.1,2,0.0,0.0,48629.3059125964,100.0,86.4,70717.8940874036,283,0.085,416,0.5,0.3533,6,0.5934,0.12,41,0.0,0,375,352790243670.8419,26715416.666081645,v27
sweep_0026,v27_dominant,full_switch,0.6,0.25,0.62,0.16,0.28,0.35,30.0,0.4,0.49,1.0,1.0,0.9524886877828054,57.48,100.0,42.52,True,full_switch,913.0,2505.0,1325.0,-412.0,47.01,10,0,13000,0.05,0.1,2,0.0,0.0,48316.87041564793,100.0,86.4,71030.32958435209,168,0.085,442,0.5,0.2649,6,0.3841,0.12,21,0.0,0,421,354348890128.32336,4717120.712439265,v27
sweep_0027,v26_dominant,no_switch,0.6,0.25,0.62,0.16,0.28,0.35,30.0,0.4,0.49,0.34722222222222227,0.5817362092339811,0.3355263157894737,58.17,58.17,0.0,False,no_switch,None,None,None,None,2.5,3,0,13000,0.05,0.1,2,41.8263790766019,56.39999999999999,60545.720327901916,58.173620923398104,30.0,58801.47967209811,18,0.085,304,0.5,0.2258,6,0.4047,0.12,202,114292058178.91353,0,102,182343388463.17624,62745135.91381572,v26
sweep_0028,v26_dominant,no_switch,0.6,0.25,0.62,0.16,0.28,0.35,30.0,0.4,0.49,0.0,0.2831816685791548,0.02005730659025788,50.9,28.32,-22.59,False,no_switch,1712.0,None,None,None,0.0,4,0,13000,0.05,0.1,2,71.68183314208451,86.4,67875.7996380671,28.31816685791548,0.0,51471.400361932916,25,0.085,349,0.5,0.6367,6,0.4226,0.12,342,338544015895.9918,6533779.022595048,7,51471400.36193292,0,v26
sweep_0029,v26_dominant,no_switch,0.6,0.25,0.62,0.16,0.28,0.35,30.0,0.4,0.49,0.34722222222222227,0.5106320247797879,0.35366795366795367,51.06,51.06,0.0,False,no_switch,None,None,None,None,0.0,3,0,13000,0.05,0.1,2,48.936797522021216,56.39999999999999,61248.00279941675,51.0632024779788,30.0,58099.197200583265,42,0.085,1295,0.5,0.6277,6,0.4101,0.12,837,115617755662.69446,0,458,180165610519.0087,80995657.19535092,v26
sweep_0030,contested,partial_switch,0.6,0.25,0.62,0.16,0.28,0.35,30.0,0.4,0.49,0.5844907407407407,0.6380834801082851,0.5228758169934641,61.0,63.81,2.81,False,partial_switch,1560.0,None,None,None,7.55,5,0,13000,0.05,0.1,2,36.19165198917149,35.9,57503.235275737614,63.80834801082851,50.5,61843.9647242624,633,0.085,765,0.5,0.0661,6,0.3036,0.12,365,99923278783.40811,163237050.6183718,400,201054729318.57706,0,v27
sweep_0031,v27_dominant,full_switch,0.6,0.25,0.62,0.16,0.28,0.35,30.0,0.4,0.49,1.0,1.0,0.968019680196802,64.7,100.0,35.3,True,full_switch,965.0,4899.0,1314.0,-349.0,47.64,10,0,13000,0.05,0.1,2,0.0,0.0,48193.35038363172,100.0,86.4,71153.84961636829,229,0.085,813,0.5,0.5567,6,0.6433,0.12,26,0.0,0,787,354965094311.94006,5745359.9163178615,v27
sweep_0032,v27_dominant,full_switch,0.6,0.25,0.62,0.16,0.28,0.35,30.0,0.4,0.49,1.0,1.0,0.9608540925266904,57.83,100.0,42.17,True,full_switch,686.0,3595.0,1365.0,-679.0,47.69,10,0,13000,0.05,0.1,2,0.0,0.0,48183.82978723405,100.0,86.4,71163.37021276596,82,0.085,281,0.5,0.2454,6,0.3287,0.12,11,0.0,0,270,355012589695.7658,7653854.871010373,v27
sweep_0033,v26_dominant,no_switch,0.6,0.25,0.62,0.16,0.28,0.35,30.0,0.4,0.49,0.34722222222222227,0.5299516986847341,0.3483709273182957,53.0,53.0,0.0,False,no_switch,None,None,None,None,0.0,3,0,13000,0.05,0.1,2,47.00483013152659,56.39999999999999,60986.84667117678,52.99516986847341,30.0,58360.35332882323,30,0.085,399,0.5,0.5185,6,0.403,0.12,260,115124771662.48882,0,139,180975455672.68082,87720952.26596011,v26
sweep_0034,v26_dominant,no_switch,0.6,0.25,0.62,0.16,0.28,0.35,30.0,0.4,0.49,0.34722222222222227,0.5652649487893795,0.362962962962963,56.53,56.53,0.0,False,no_switch,None,None,None,None,0.0,3,0,13000,0.05,0.1,2,43.473505121062054,56.39999999999999,60576.85080320669,56.52649487893795,30.0,58770.349196793315,6,0.085,270,0.5,0.3189,6,0.3401,0.12,172,114350823126.71498,0,98,182246852859.25607,87746233.47644362,v26
sweep_0035,v27_dominant,full_switch,0.6,0.25,0.62,0.16,0.28,0.35,30.0,0.4,0.49,1.0,1.0,0.7549295774647887,62.67,100.0,37.33,True,full_switch,1306.0,5570.0,3904.0,-2598.0,39.59,10,0,13000,0.05,0.1,2,0.0,0.0,49813.493253373315,100.0,86.4,69533.7067466267,1457,0.085,710,0.5,0.1112,6,0.6201,0.12,174,0.0,0,536,346882690202.2917,37806998.731391296,v27
sweep_0036,v27_dominant,full_switch,0.6,0.25,0.62,0.16,0.28,0.35,30.0,0.4,0.49,1.0,1.0,0.9732142857142857,59.22,100.0,40.78,True,full_switch,1288.0,4355.0,1385.0,-97.0,47.81,10,0,13000,0.05,0.1,2,0.0,0.0,48160.509554140124,100.0,86.4,71186.69044585987,68,0.085,336,0.5,0.1668,6,0.3536,0.12,9,0.0,0,327,355128927304.82263,3481301.7154547176,v27
sweep_0037,v26_dominant,no_switch,0.6,0.25,0.62,0.16,0.28,0.35,30.0,0.4,0.49,0.34722222222222227,0.5592850497235629,0.3227665706051873,55.93,55.93,0.0,False,no_switch,None,None,None,None,0.0,3,0,13000,0.05,0.1,2,44.07149502764372,56.39999999999999,60666.74714525274,55.928504972356286,30.0,58680.45285474728,9,0.085,347,0.5,0.3527,6,0.4242,0.12,235,114520520305.96323,0,112,181968084302.57132,83136493.54586625,v26
sweep_0038,v26_dominant,no_switch,0.6,0.25,0.62,0.16,0.28,0.35,30.0,0.4,0.49,0.34722222222222227,0.5875214962000227,0.3344155844155844,58.75,58.75,0.0,False,no_switch,None,None,None,None,0.0,3,0,13000,0.05,0.1,2,41.24785037999772,56.39999999999999,60378.253521009574,58.75214962000227,30.0,58968.94647899044,30,0.085,308,0.5,0.1931,6,0.5142,0.12,205,113975931358.83908,0,103,182862703031.34933,62563428.829014674,v26
sweep_0039,contested,no_switch,0.6,0.25,0.62,0.16,0.28,0.35,30.0,0.4,0.49,0.5844907407407407,0.55542773658589,0.5214521452145214,53.93,55.54,1.61,False,no_switch,None,None,None,None,7.43,5,0,13000,0.05,0.1,2,44.457226341411,35.9,58367.00333118209,55.542773658589,50.5,60980.19666881792,10,0.085,303,0.5,0.4654,6,0.3621,0.12,145,101424247134.04973,114332379.63267376,158,198246619370.32706,0,v27
sweep_0040,v26_dominant,no_switch,0.6,0.25,0.62,0.16,0.28,0.35,30.0,0.4,0.49,0.34722222222222227,0.5416461166803106,0.39572192513368987,54.16,54.16,0.0,False,no_switch,None,None,None,None,0.0,3,0,13000,0.05,0.1,2,45.83538833196894,56.39999999999999,60608.70051833157,54.16461166803106,30.0,58738.499481668434,174,0.085,374,0.5,0.4524,6,0.5217,0.12,226,114410945782.35968,0,148,182148086892.6538,52197800.83245468,v26
sweep_0041,v26_dominant,no_switch,0.6,0.25,0.62,0.16,0.28,0.35,30.0,0.4,0.49,0.34722222222222227,0.5480860079819594,0.31446540880503143,54.81,54.81,0.0,False,no_switch,None,None,None,None,0.0,3,0,13000,0.05,0.1,2,45.19139920180406,56.39999999999999,60997.367904216495,54.80860079819594,30.0,58349.83209578352,12,0.085,318,0.5,0.416,6,0.3213,0.12,218,115144632577.05348,0,100,180942829329.0247,89537121.85453443,v26
sweep_0042,v27_dominant,full_switch,0.6,0.25,0.62,0.16,0.28,0.35,30.0,0.4,0.49,1.0,1.0,0.8783783783783784,60.62,100.0,39.38,True,full_switch,1330.0,2924.0,2559.0,-1229.0,44.71,10,0,13000,0.05,0.1,2,0.0,0.0,48770.05347593583,100.0,86.4,70577.14652406417,187,0.085,222,0.5,0.0875,6,0.269,0.12,27,0.0,0,195,352088096529.6215,23119447.318452165,v27
sweep_0043,v26_dominant,no_switch,0.6,0.25,0.62,0.16,0.28,0.35,30.0,0.4,0.49,0.0,0.24373104190572767,0.021621621621621623,52.47,24.37,-28.1,False,no_switch,3611.0,None,None,None,0.0,4,0,13000,0.05,0.1,2,75.62689580942723,86.4,68283.52074471969,24.373104190572768,0.0,51063.679255280316,20,0.085,370,0.5,0.548,6,0.3163,0.12,362,340577605799.13477,12600846.439691529,8,51063679.255280316,0,v26
sweep_0044,v27_dominant,full_switch,0.6,0.25,0.62,0.16,0.28,0.35,30.0,0.4,0.49,1.0,1.0,0.9855072463768116,63.56,100.0,36.44,True,full_switch,1344.0,2827.0,1284.0,60.0,48.31,10,0,13000,0.05,0.1,2,0.0,0.0,48064.42953020134,100.0,86.4,71282.77046979866,56,0.085,483,0.5,0.3063,6,0.5889,0.12,7,0.0,0,476,355608241564.59644,2678646.531864912,v27
sweep_0045,v26_dominant,no_switch,0.6,0.25,0.62,0.16,0.28,0.35,30.0,0.4,0.49,0.34722222222222227,0.5462991150658425,0.4009009009009009,54.63,54.63,0.0,False,no_switch,None,None,None,None,0.0,3,0,13000,0.05,0.1,2,45.37008849341575,56.39999999999999,60636.18204778132,54.62991150658425,30.0,58711.01795221869,54,0.085,222,0.5,0.4261,6,0.4887,0.12,133,114462822620.98189,0,89,182062866669.83014,71089451.11460379,v26
sweep_0046,v27_dominant,full_switch,0.6,0.25,0.62,0.16,0.28,0.35,30.0,0.4,0.49,1.0,1.0,0.9825819672131147,65.21,100.0,34.79,True,full_switch,1305.0,9043.0,1305.0,0.0,48.13,10,0,13000,0.05,0.1,2,0.0,0.0,48099.25768822906,100.0,86.4,71247.94231177095,135,0.085,976,0.5,0.6686,6,0.556,0.12,17,0.0,0,959,355434494389.0652,1538249.2660748758,v27
sweep_0047,v26_dominant,no_switch,0.6,0.25,0.62,0.16,0.28,0.35,30.0,0.4,0.49,0.34722222222222227,0.5170542240723662,0.29927007299270075,51.71,51.71,0.0,False,no_switch,None,None,None,None,0.0,3,0,13000,0.05,0.1,2,48.294577592763375,56.39999999999999,61444.367492949794,51.705422407236625,30.0,57902.83250705022,9,0.085,274,0.5,0.5914,6,0.4689,0.12,192,115988432976.566,0,82,179556683604.36273,122477669.7514208,v26
sweep_0048,v26_dominant,no_switch,0.6,0.25,0.62,0.16,0.28,0.35,30.0,0.4,0.49,0.34722222222222227,0.5914314302045952,0.37668161434977576,59.14,59.14,0.0,False,no_switch,None,None,None,None,0.44,3,0,13000,0.05,0.1,2,40.85685697954049,56.39999999999999,60152.87998040201,59.14314302045952,30.0,59194.32001959801,21,0.085,223,0.5,0.171,6,0.5482,0.12,139,113550494091.33931,0,84,183561586380.77344,49386466.2245667,v26
sweep_0049,v26_dominant,no_switch,0.6,0.25,0.62,0.16,0.28,0.35,30.0,0.4,0.49,0.34722222222222227,0.5881761005356299,0.3281853281853282,58.82,58.82,0.0,False,no_switch,None,None,None,None,0.0,3,0,13000,0.05,0.1,2,41.18238994643701,56.39999999999999,60511.424455910106,58.81761005356299,30.0,58835.775544089905,12,0.085,518,0.5,0.1894,6,0.4828,0.12,348,114227317916.9139,0,170,182449739962.2228,87050818.7398652,v26
sweep_0050,v27_dominant,full_switch,0.6,0.25,0.62,0.16,0.28,0.35,30.0,0.4,0.49,1.0,1.0,0.9383259911894273,59.99,100.0,40.01,True,full_switch,1355.0,5323.0,1948.0,-593.0,46.6,10,0,13000,0.05,0.1,2,0.0,0.0,48397.98994974875,100.0,86.4,70949.21005025126,116,0.085,227,0.5,0.1231,6,0.3664,0.12,14,0.0,0,213,353944209239.9682,10456440.087687831,v27
sweep_0051,v27_dominant,full_switch,0.6,0.25,0.62,0.16,0.28,0.35,30.0,0.4,0.49,1.0,1.0,0.9633333333333334,62.42,100.0,37.58,True,full_switch,1016.0,2446.0,1426.0,-410.0,47.55,10,0,13000,0.05,0.1,2,0.0,0.0,48211.76470588236,100.0,86.4,71135.43529411765,94,0.085,300,0.5,0.0548,6,0.5603,0.12,11,0.0,0,289,354873230812.3595,5032484.610318423,v27
sweep_0052,v26_dominant,no_switch,0.6,0.25,0.62,0.16,0.28,0.35,30.0,0.4,0.49,0.34722222222222227,0.5333308724171927,0.3902439024390244,53.33,53.33,0.0,False,no_switch,None,None,None,None,0.52,3,0,13000,0.05,0.1,2,46.66691275828073,56.39999999999999,60677.535207849585,53.33308724171927,30.0,58669.66479215042,48,0.085,287,0.5,0.4994,6,0.2608,0.12,175,114540884914.25063,0,112,181934630520.45844,57291040.88390827,v26
sweep_0053,v26_dominant,no_switch,0.6,0.25,0.62,0.16,0.28,0.35,30.0,0.4,0.49,0.0,0.3025734084096105,0.002178649237472767,50.13,30.26,-19.88,False,no_switch,1742.0,None,None,None,0.0,4,0,13000,0.05,0.1,2,69.74265915903895,86.4,67698.62868139426,30.25734084096105,0.0,51648.57131860575,4,0.085,459,0.5,0.6803,6,0.5094,0.12,458,337660340602.4117,6846301.734913215,1,51648571.31860575,0,v26
sweep_0054,v26_dominant,no_switch,0.6,0.25,0.62,0.16,0.28,0.35,30.0,0.4,0.49,0.34722222222222227,0.5496605967892305,0.36080178173719374,54.97,54.97,0.0,False,no_switch,None,None,None,None,0.0,3,0,13000,0.05,0.1,2,45.03394032107694,56.39999999999999,60702.73909143847,54.96605967892305,30.0,58644.46090856154,36,0.085,1347,0.5,0.4071,6,0.4408,0.12,861,114588462244.47107,0,486,181856473277.44934,52992318.55327979,v26
sweep_0055,v26_dominant,no_switch,0.6,0.25,0.62,0.16,0.28,0.35,30.0,0.4,0.49,0.34722222222222227,0.5556051118369063,0.31399317406143346,55.56,55.56,0.0,False,no_switch,None,None,None,None,0.0,3,0,13000,0.05,0.1,2,44.439488816309364,56.39999999999999,60977.99175530226,55.56051118369063,30.0,58369.20824469775,18,0.085,293,0.5,0.3735,6,0.5407,0.12,201,115108056252.13744,0,92,181002914766.80774,103915263.89172491,v26
sweep_0056,v27_dominant,full_switch,0.6,0.25,0.62,0.16,0.28,0.35,30.0,0.4,0.49,1.0,1.0,0.9695431472081218,63.46,100.0,36.54,True,full_switch,1005.0,3058.0,1291.0,-286.0,47.62,10,0,13000,0.05,0.1,2,0.0,0.0,48197.260273972606,100.0,86.4,71149.9397260274,100,0.085,394,0.5,0.2843,6,0.5703,0.12,12,0.0,0,382,354945589048.3305,5538149.297842094,v27
sweep_0057,v26_dominant,no_switch,0.6,0.25,0.62,0.16,0.28,0.35,30.0,0.4,0.49,0.34722222222222227,0.5136396663217667,0.33613445378151263,51.36,51.36,0.0,False,no_switch,None,None,None,None,0.0,3,0,13000,0.05,0.1,2,48.63603336782333,56.39999999999999,61303.25554776296,51.36396663217667,30.0,58043.94445223705,18,0.085,357,0.5,0.6107,6,0.5299,0.12,237,115722056186.23816,0,120,179994271746.3871,125689332.71763363,v26
sweep_0058,v26_dominant,no_switch,0.6,0.25,0.62,0.16,0.28,0.35,30.0,0.4,0.49,0.34722222222222227,0.555251271655497,0.3344155844155844,55.53,55.53,0.0,False,no_switch,None,None,None,None,0.0,3,0,13000,0.05,0.1,2,44.47487283445029,56.39999999999999,60834.84621873326,55.525127165549705,30.0,58512.35378126675,21,0.085,308,0.5,0.3755,6,0.2975,0.12,205,114837840654.65192,0,103,181446809075.7082,98876479.47381915,v26
sweep_0059,v27_dominant,full_switch,0.6,0.25,0.62,0.16,0.28,0.35,30.0,0.4,0.49,1.0,1.0,0.9731182795698925,58.47,100.0,41.53,True,full_switch,3066.0,9650.0,3341.0,-275.0,48.05,10,0,13000,0.05,0.1,2,0.0,0.0,48114.54545454546,100.0,86.4,71232.65454545456,136,0.085,930,0.5,0.2088,6,0.4311,0.12,25,0.0,0,905,355358228334.0088,16572546.193003532,v27
