timestamps,v27_price,v26_price,v27_hashrate,v26_hashrate,v27_economic,v26_economic,v27_blocks,v26_blocks,v27_difficulty,v26_difficulty,v27_chainwork,v26_chainwork,v27_fee_rate,v26_fee_rate,v27_fee_revenue_btc,v26_fee_revenue_btc,v27_congestion,v26_congestion,v27_mempool_mb,v26_mempool_mb,v27_transactional,v26_transactional,v27_solo_hashrate,v26_solo_hashrate,v27_block_time_s,v26_block_time_s
0,60000,60000,38.1,48.3,56.737060138721,43.262939861279,0,0,1.0,1.0,0.0,0.0,1.0,1.0,0.01,0.01,0.009927744556206649,0.005971420270707937,0,0,56.74589100306744,43.25410899693257,4.845,15.129999999999999,None,None
60,60000,60000,38.1,48.3,56.737060138721,43.262939861279,9,17,1.0,1.0,9.0,17.0,1.0,1.0,0.01,0.01,0.009927744556206649,0.005971420270707937,0,0,56.74589100306744,43.25410899693257,4.845,15.129999999999999,6.666666666666667,3.5294117647058822
121,59129.55490895421,60217.64509104579,38.1,48.3,56.737060138721,43.262939861279,21,29,1.0,1.0,21.0,29.0,0.009929289764316262,0.005970201379838864,9.929289764316261e-05,5.9702013798388646e-05,0.009927744556206649,0.005971420270707937,0,0,56.74589100306744,43.25410899693257,4.845,15.129999999999999,5.083333333333333,5.083333333333333
181,59661.247216646516,59685.95278335348,38.1,48.3,56.737060138721,43.262939861279,30,38,1.0,1.0,30.0,38.0,0.009929289764316262,0.005970201379838864,9.929289764316261e-05,5.9702013798388646e-05,0.009927744556206649,0.005971420270707937,0,0,56.74589100306744,43.25410899693257,4.845,15.129999999999999,6.666666666666667,6.666666666666667
241,59813.71780488182,59533.482195118195,38.1,48.3,56.737060138721,43.262939861279,41,48,1.0,1.0,41.0,48.0,0.009929289764316262,0.005970201379838864,9.929289764316261e-05,5.9702013798388646e-05,0.009927744556206649,0.005971420270707937,0,0,56.74589100306744,43.25410899693257,4.845,15.129999999999999,5.454545454545454,6.0
302,59954.10114923078,59393.09885076921,38.1,48.3,56.737060138721,43.262939861279,52,62,1.0,1.0,52.0,62.0,0.009929289764316262,0.005970201379838864,9.929289764316261e-05,5.9702013798388646e-05,0.009927744556206649,0.005971420270707937,0,0,56.74589100306744,43.25410899693257,4.845,15.129999999999999,5.545454545454546,4.357142857142857
363,59921.45774296231,59425.742257037695,38.1,48.3,56.737060138721,43.262939861279,62,76,1.0,1.0,62.0,76.0,0.009929289764316262,0.005970201379838864,9.929289764316261e-05,5.9702013798388646e-05,0.009927744556206649,0.005971420270707937,0,0,56.74589100306744,43.25410899693257,4.845,15.129999999999999,6.1,4.357142857142857
423,59872.02982534217,59475.17017465784,38.1,48.3,56.737060138721,43.262939861279,75,86,1.0,1.0,75.0,86.0,0.009929289764316262,0.005970201379838864,9.929289764316261e-05,5.9702013798388646e-05,0.009927744556206649,0.005971420270707937,0,0,56.74589100306744,43.25410899693257,4.845,15.129999999999999,4.615384615384615,6.0
483,59991.284483727264,59355.91551627274,38.1,48.3,56.737060138721,43.262939861279,84,101,1.0,1.0,84.0,101.0,0.009929289764316262,0.005970201379838864,9.929289764316261e-05,5.9702013798388646e-05,0.009927744556206649,0.005971420270707937,0,0,56.74589100306744,43.25410899693257,4.845,15.129999999999999,6.666666666666667,4.0
544,59906.4364058357,59440.763594164295,38.1,48.3,56.737060138721,43.262939861279,96,113,1.0,1.0,96.0,113.0,0.009929289764316262,0.005970201379838864,9.929289764316261e-05,5.9702013798388646e-05,0.009927744556206649,0.005971420270707937,0,0,56.74589100306744,43.25410899693257,4.845,15.129999999999999,5.083333333333333,5.083333333333333
604,59944.424250139346,59402.77574986066,20.5,65.9,56.737060138721,43.262939861279,111,126,1.0,1.0,111.0,126.0,0.009929289764316262,0.005970201379838864,9.929289764316261e-05,5.9702013798388646e-05,0.018451076467876748,0.004376625175647851,0,0,56.74589100306744,43.25410899693257,4.845,15.129999999999999,4.0,4.615384615384615
665,59164.5991153807,60182.60088461931,20.5,65.9,56.737060138721,43.262939861279,118,144,1.0,1.0,118.0,144.0,0.01845394829368047,0.00437573181557234,0.0001845394829368047,4.3757318155723393e-05,0.018451076467876748,0.004376625175647851,0,0,56.74589100306744,43.25410899693257,4.845,15.129999999999999,8.714285714285714,3.388888888888889
725,59035.195308249575,60312.00469175042,20.5,65.9,56.737060138721,43.262939861279,125,163,1.0,1.0,125.0,163.0,0.01845394829368047,0.00437573181557234,0.0001845394829368047,4.3757318155723393e-05,0.018451076467876748,0.004376625175647851,0,0,56.74589100306744,43.25410899693257,4.845,15.129999999999999,8.571428571428571,3.1578947368421053
785,58917.44721664652,60429.75278335348,20.5,65.9,56.737060138721,43.262939861279,129,178,1.0,1.0,129.0,178.0,0.01845394829368047,0.00437573181557234,0.0001845394829368047,4.3757318155723393e-05,0.018451076467876748,0.004376625175647851,0,0,56.74589100306744,43.25410899693257,4.845,15.129999999999999,15.0,4.0
846,58817.8543827703,60529.3456172297,20.5,65.9,56.737060138721,43.262939861279,136,194,1.0,1.0,136.0,194.0,0.01845394829368047,0.00437573181557234,0.0001845394829368047,4.3757318155723393e-05,0.018451076467876748,0.004376625175647851,0,0,56.74589100306744,43.25410899693257,4.845,15.129999999999999,8.714285714285714,3.8125
906,58759.71994391924,60587.48005608075,20.5,65.9,56.737060138721,43.262939861279,138,208,1.0,1.0,138.0,208.0,0.01845394829368047,0.00437573181557234,0.0001845394829368047,4.3757318155723393e-05,0.018451076467876748,0.004376625175647851,0,0,56.74589100306744,43.25410899693257,4.845,15.129999999999999,30.0,4.285714285714286
970,58664.12351722456,60683.07648277545,20.5,65.9,56.737060138721,43.262939861279,139,219,1.0,1.0,139.0,219.0,0.01845394829368047,0.00437573181557234,0.0001845394829368047,4.3757318155723393e-05,0.018451076467876748,0.004376625175647851,0,0,56.74589100306744,43.25410899693257,4.845,15.129999999999999,64.0,5.818181818181818
1030,58587.977942903504,60759.2220570965,20.5,65.9,56.737060138721,43.262939861279,147,232,1.0,1.0,147.0,232.0,0.01845394829368047,0.00437573181557234,0.0001845394829368047,4.3757318155723393e-05,0.018451076467876748,0.004376625175647851,0,0,56.74589100306744,43.25410899693257,4.845,15.129999999999999,7.5,4.615384615384615
1091,58585.05935384968,60762.14064615031,20.5,65.9,56.737060138721,43.262939861279,152,250,1.0,1.0,152.0,250.0,0.01845394829368047,0.00437573181557234,0.0001845394829368047,4.3757318155723393e-05,0.018451076467876748,0.004376625175647851,0,0,56.74589100306744,43.25410899693257,4.845,15.129999999999999,12.2,3.388888888888889
1151,58514.835276348014,60832.36472365199,20.5,65.9,56.737060138721,43.262939861279,164,262,1.0,1.0,164.0,262.0,0.01845394829368047,0.00437573181557234,0.0001845394829368047,4.3757318155723393e-05,0.018451076467876748,0.004376625175647851,0,0,56.74589100306744,43.25410899693257,4.845,15.129999999999999,5.0,5.0
1239,58564.27820256201,60782.921797437986,20.5,65.9,56.737060138721,43.262939861279,170,280,1.0,1.0,170.0,280.0,0.01845394829368047,0.00437573181557234,0.0001845394829368047,4.3757318155723393e-05,0.018451076467876748,0.004376625175647851,0,0,56.74589100306744,43.25410899693257,4.845,15.129999999999999,14.666666666666666,4.888888888888889
1300,58512.44721664652,60834.752783353484,0.0,86.4,56.737060138721,43.262939861279,171,305,1.0,1.0,171.0,305.0,0.01845394829368047,0.00437573181557234,0.0001845394829368047,4.3757318155723393e-05,3.782470675914733,0.0033381898041110335,0,0,56.74589100306744,43.25410899693257,4.845,15.129999999999999,61.0,2.44
1360,57395.001838495264,61952.19816150473,0.0,86.4,56.737060138721,43.262939861279,171,332,1.0,1.0,171.0,332.0,3.7830594002044955,0.0033375084102571424,0.03783059400204496,3.337508410257142e-05,3.782470675914733,0.0033381898041110335,27.830594002044954,0,56.74589100306744,43.25410899693257,4.845,15.129999999999999,None,2.2222222222222223
1420,57256.16093434036,62091.03906565964,0.0,86.4,56.737060138721,43.262939861279,171,357,1.0,1.0,171.0,357.0,3.7830594002044955,0.0033375084102571424,0.03783059400204496,3.337508410257142e-05,3.782470675914733,0.0033381898041110335,27.830594002044954,0,56.74589100306744,43.25410899693257,4.845,15.129999999999999,None,2.4
1481,57140.2653984647,62206.93460153531,0.0,86.4,56.737060138721,43.262939861279,171,385,1.0,1.0,171.0,385.0,3.7830594002044955,0.0033375084102571424,0.03783059400204496,3.337508410257142e-05,3.782470675914733,0.0033381898041110335,27.830594002044954,0,56.74589100306744,43.25410899693257,4.845,15.129999999999999,None,2.1785714285714284
1541,57022.835705855156,62324.36429414485,0.0,86.4,56.737060138721,43.262939861279,171,411,1.0,1.0,171.0,411.0,3.7830594002044955,0.0033375084102571424,0.03783059400204496,3.337508410257142e-05,3.782470675914733,0.0033381898041110335,27.830594002044954,0,56.74589100306744,43.25410899693257,4.845,15.129999999999999,None,2.3076923076923075
1601,56923.9111341723,62423.2888658277,0.0,86.4,56.737060138721,43.262939861279,171,430,1.0,1.0,171.0,430.0,3.7830594002044955,0.0033375084102571424,0.03783059400204496,3.337508410257142e-05,3.782470675914733,0.0033381898041110335,27.830594002044954,0,56.74589100306744,43.25410899693257,4.845,15.129999999999999,None,3.1578947368421053
1661,56857.03290716233,62490.16709283768,0.0,86.4,56.737060138721,43.262939861279,171,453,1.0,1.0,171.0,453.0,3.7830594002044955,0.0033375084102571424,0.03783059400204496,3.337508410257142e-05,3.782470675914733,0.0033381898041110335,27.830594002044954,0,56.74589100306744,43.25410899693257,4.845,15.129999999999999,None,2.608695652173913
1722,56781.52413972344,62565.67586027656,0.0,86.4,56.737060138721,43.262939861279,171,478,1.0,1.0,171.0,478.0,3.7830594002044955,0.0033375084102571424,0.03783059400204496,3.337508410257142e-05,3.782470675914733,0.0033381898041110335,27.830594002044954,0,56.74589100306744,43.25410899693257,4.845,15.129999999999999,None,2.44
1783,56705.51963575284,62641.680364247164,0.0,86.4,56.737060138721,43.262939861279,171,510,1.0,1.0,171.0,510.0,3.7830594002044955,0.0033375084102571424,0.03783059400204496,3.337508410257142e-05,3.782470675914733,0.0033381898041110335,27.830594002044954,0,56.74589100306744,43.25410899693257,4.845,15.129999999999999,None,1.90625
1843,56616.37673206502,62730.823267934975,0.0,86.4,56.737060138721,43.262939861279,171,540,1.0,1.0,171.0,540.0,3.7830594002044955,0.0033375084102571424,0.03783059400204496,3.337508410257142e-05,3.782470675914733,0.0033381898041110335,27.830594002044954,0,56.74589100306744,43.25410899693257,4.845,15.129999999999999,None,2.0
1903,56540.09278626678,62807.10721373323,0.0,86.4,56.737060138721,43.262939861279,171,561,1.0,1.0,171.0,561.0,3.7830594002044955,0.0033375084102571424,0.03783059400204496,3.337508410257142e-05,3.782470675914733,0.0033381898041110335,27.830594002044954,0,56.74589100306744,43.25410899693257,4.845,15.129999999999999,None,2.857142857142857
1964,56490.41442976127,62856.78557023873,0.0,86.4,56.737060138721,43.262939861279,171,589,1.0,1.0,171.0,589.0,3.7830594002044955,0.0033375084102571424,0.03783059400204496,3.337508410257142e-05,3.782470675914733,0.0033381898041110335,27.830594002044954,0,56.74589100306744,43.25410899693257,4.845,15.129999999999999,None,2.1785714285714284
2024,56428.44721664652,62918.75278335348,0.0,86.4,56.737060138721,43.262939861279,171,604,1.0,1.0,171.0,604.0,3.7830594002044955,0.0033375084102571424,0.03783059400204496,3.337508410257142e-05,3.782470675914733,0.0033381898041110335,27.830594002044954,0,56.74589100306744,43.25410899693257,4.845,15.129999999999999,None,4.0
2085,56397.092377936846,62950.107622063166,0.0,86.4,56.737060138721,43.262939861279,171,631,1.0,1.0,171.0,631.0,3.7830594002044955,0.0033375084102571424,0.03783059400204496,3.337508410257142e-05,3.782470675914733,0.0033381898041110335,27.830594002044954,0,56.74589100306744,43.25410899693257,4.845,15.129999999999999,None,2.259259259259259
2145,56343.60931140961,63003.5906885904,0.0,86.4,56.737060138721,43.262939861279,171,645,1.0,1.0,171.0,645.0,3.7830594002044955,0.0033375084102571424,0.03783059400204496,3.337508410257142e-05,3.782470675914733,0.0033381898041110335,27.830594002044954,0,56.74589100306744,43.25410899693257,4.845,15.129999999999999,None,4.285714285714286
2206,56317.27074605828,63029.92925394172,0.0,86.4,56.737060138721,43.262939861279,171,672,1.0,1.0,171.0,672.0,3.7830594002044955,0.0033375084102571424,0.03783059400204496,3.337508410257142e-05,3.782470675914733,0.0033381898041110335,27.830594002044954,0,56.74589100306744,43.25410899693257,4.845,15.129999999999999,None,2.259259259259259
2267,56268.94543728709,63078.254562712915,0.0,86.4,56.737060138721,43.262939861279,171,692,1.0,1.0,171.0,692.0,3.7830594002044955,0.0033375084102571424,0.03783059400204496,3.337508410257142e-05,3.782470675914733,0.0033381898041110335,27.830594002044954,0,56.74589100306744,43.25410899693257,4.845,15.129999999999999,None,3.05
2327,56235.0984333325,63112.10156666751,0.0,86.4,56.737060138721,43.262939861279,171,713,1.0,1.0,171.0,713.0,3.7830594002044955,0.0033375084102571424,0.03783059400204496,3.337508410257142e-05,3.782470675914733,0.0033381898041110335,27.830594002044954,0,56.74589100306744,43.25410899693257,4.845,15.129999999999999,None,2.857142857142857
2400,56201.207397642,63145.992602358005,0.0,86.4,56.737060138721,43.262939861279,171,729,1.0,1.0,171.0,729.0,3.7830594002044955,0.0033375084102571424,0.03783059400204496,3.337508410257142e-05,3.782470675914733,0.0033381898041110335,27.830594002044954,0,56.74589100306744,43.25410899693257,4.845,15.129999999999999,None,4.5625
2490,56176.44721664652,63170.75278335348,0.0,86.4,56.737060138721,43.262939861279,171,746,1.0,1.0,171.0,746.0,3.7830594002044955,0.0033375084102571424,0.03783059400204496,3.337508410257142e-05,3.782470675914733,0.0033381898041110335,27.830594002044954,0,56.74589100306744,43.25410899693257,4.845,15.129999999999999,None,5.294117647058823
2556,56151.08625699549,63196.11374300451,0.0,86.4,56.737060138721,43.262939861279,171,772,1.0,1.0,171.0,772.0,3.7830594002044955,0.0033375084102571424,0.03783059400204496,3.337508410257142e-05,3.782470675914733,0.0033381898041110335,27.830594002044954,0,56.74589100306744,43.25410899693257,4.845,15.129999999999999,None,2.5384615384615383
2632,56114.06757719795,63233.13242280205,0.0,86.4,56.737060138721,43.262939861279,171,776,1.0,1.0,171.0,776.0,3.7830594002044955,0.0033375084102571424,0.03783059400204496,3.337508410257142e-05,3.782470675914733,0.0033381898041110335,27.830594002044954,0,56.74589100306744,43.25410899693257,4.845,15.129999999999999,None,19.0
2692,56108.55281326743,63238.64718673257,0.0,86.4,56.737060138721,43.262939861279,171,794,1.0,1.0,171.0,794.0,3.7830594002044955,0.0033375084102571424,0.03783059400204496,3.337508410257142e-05,3.782470675914733,0.0033381898041110335,27.830594002044954,0,56.74589100306744,43.25410899693257,4.845,15.129999999999999,None,3.3333333333333335
2753,56084.302138926316,63262.89786107369,0.0,86.4,56.737060138721,43.262939861279,171,812,1.0,1.0,171.0,812.0,3.7830594002044955,0.0033375084102571424,0.03783059400204496,3.337508410257142e-05,3.782470675914733,0.0033381898041110335,27.830594002044954,0,56.74589100306744,43.25410899693257,4.845,15.129999999999999,None,3.388888888888889
2813,56060.93958694154,63286.26041305846,0.0,86.4,56.737060138721,43.262939861279,171,843,1.0,1.0,171.0,843.0,3.7830594002044955,0.0033375084102571424,0.03783059400204496,3.337508410257142e-05,3.782470675914733,0.0033381898041110335,27.830594002044954,0,56.74589100306744,43.25410899693257,4.845,15.129999999999999,None,1.935483870967742
2873,56022.64840007848,63324.551599921535,0.0,86.4,56.737060138721,43.262939861279,171,871,1.0,1.0,171.0,871.0,3.7830594002044955,0.0033375084102571424,0.03783059400204496,3.337508410257142e-05,3.782470675914733,0.0033381898041110335,27.830594002044954,0,56.74589100306744,43.25410899693257,4.845,15.129999999999999,None,2.142857142857143
2934,55990.02111299969,63357.178887000315,0.0,86.4,56.737060138721,43.262939861279,171,900,1.0,1.0,171.0,900.0,3.7830594002044955,0.0033375084102571424,0.03783059400204496,3.337508410257142e-05,3.782470675914733,0.0033381898041110335,27.830594002044954,0,56.74589100306744,43.25410899693257,4.845,15.129999999999999,None,2.103448275862069
3012,55958.02704857929,63389.17295142071,0.0,86.4,56.737060138721,43.262939861279,171,923,1.0,1.0,171.0,923.0,3.7830594002044955,0.0033375084102571424,0.03783059400204496,3.337508410257142e-05,3.782470675914733,0.0033381898041110335,27.830594002044954,0,56.74589100306744,43.25410899693257,4.845,15.129999999999999,None,3.391304347826087
3073,55933.858551198624,63413.34144880138,0.0,86.4,56.737060138721,43.262939861279,171,938,1.0,1.0,171.0,938.0,3.7830594002044955,0.0033375084102571424,0.03783059400204496,3.337508410257142e-05,3.782470675914733,0.0033381898041110335,27.830594002044954,0,56.74589100306744,43.25410899693257,4.845,15.129999999999999,None,4.066666666666666
3165,55918.636576430115,63428.56342356989,0.0,86.4,56.737060138721,43.262939861279,171,956,1.0,1.0,171.0,956.0,3.7830594002044955,0.0033375084102571424,0.03783059400204496,3.337508410257142e-05,3.782470675914733,0.0033381898041110335,27.830594002044954,0,56.74589100306744,43.25410899693257,4.845,15.129999999999999,None,5.111111111111111
3226,55900.90506935282,63446.29493064718,0.0,86.4,56.737060138721,43.262939861279,171,969,1.0,1.0,171.0,969.0,3.7830594002044955,0.0033375084102571424,0.03783059400204496,3.337508410257142e-05,3.782470675914733,0.0033381898041110335,27.830594002044954,0,56.74589100306744,43.25410899693257,4.845,15.129999999999999,None,4.6923076923076925
3286,55888.44721664652,63458.752783353484,0.0,86.4,56.737060138721,43.262939861279,171,984,1.0,1.0,171.0,984.0,3.7830594002044955,0.0033375084102571424,0.03783059400204496,3.337508410257142e-05,3.782470675914733,0.0033381898041110335,27.830594002044954,0,56.74589100306744,43.25410899693257,4.845,15.129999999999999,None,4.0
3347,55874.42124262055,63472.778757379456,0.0,86.4,56.737060138721,43.262939861279,171,998,1.0,1.0,171.0,998.0,3.7830594002044955,0.0033375084102571424,0.03783059400204496,3.337508410257142e-05,3.782470675914733,0.0033381898041110335,27.830594002044954,0,56.74589100306744,43.25410899693257,4.845,15.129999999999999,None,4.357142857142857
3407,55861.655086620856,63485.54491337915,0.0,86.4,56.737060138721,43.262939861279,171,1024,1.0,1.0,171.0,1024.0,3.7830594002044955,0.0033375084102571424,0.03783059400204496,3.337508410257142e-05,3.782470675914733,0.0033381898041110335,27.830594002044954,0,56.74589100306744,43.25410899693257,4.845,15.129999999999999,None,2.3076923076923075
3476,55838.74010367581,63508.459896324195,0.0,86.4,56.737060138721,43.262939861279,171,1045,1.0,1.0,171.0,1045.0,3.7830594002044955,0.0033375084102571424,0.03783059400204496,3.337508410257142e-05,3.782470675914733,0.0033381898041110335,27.830594002044954,0,56.74589100306744,43.25410899693257,4.845,15.129999999999999,None,3.2857142857142856
3584,55820.94721664652,63526.252783353484,0.0,86.4,56.737060138721,43.262939861279,171,1049,1.0,1.0,171.0,1048.0,3.7830594002044955,0.0033375084102571424,0.03783059400204496,3.337508410257142e-05,3.782470675914733,0.0033381898041110335,27.830594002044954,0,56.74589100306744,43.25410899693257,4.845,15.129999999999999,None,27.0
3645,55818.455420091974,63528.74457990803,0.0,86.4,56.737060138721,43.262939861279,171,1063,1.0,1.0,171.0,1062.0,3.7830594002044955,0.0033375084102571424,0.03783059400204496,3.337508410257142e-05,3.782470675914733,0.0033381898041110335,27.830594002044954,0,56.74589100306744,43.25410899693257,4.845,15.129999999999999,None,4.357142857142857
3706,55806.987362631924,63540.21263736808,0.0,86.4,56.737060138721,43.262939861279,171,1091,1.0,1.0,171.0,1090.0,3.7830594002044955,0.0033375084102571424,0.03783059400204496,3.337508410257142e-05,3.782470675914733,0.0033381898041110335,27.830594002044954,0,56.74589100306744,43.25410899693257,4.845,15.129999999999999,None,2.1785714285714284
3766,55784.81517858149,63562.38482141851,0.0,86.4,56.737060138721,43.262939861279,171,1115,1.0,1.0,171.0,1114.0,3.7830594002044955,0.0033375084102571424,0.03783059400204496,3.337508410257142e-05,3.782470675914733,0.0033381898041110335,27.830594002044954,0,56.74589100306744,43.25410899693257,4.845,15.129999999999999,None,2.5
3827,55766.57951236637,63580.62048763364,0.0,86.4,56.737060138721,43.262939861279,171,1126,1.0,1.0,171.0,1125.0,3.7830594002044955,0.0033375084102571424,0.03783059400204496,3.337508410257142e-05,3.782470675914733,0.0033381898041110335,27.830594002044954,0,56.74589100306744,43.25410899693257,4.845,15.129999999999999,None,5.545454545454546
3887,55758.44721664652,63588.752783353484,0.0,86.4,56.737060138721,43.262939861279,171,1158,1.0,1.0,171.0,1157.0,3.7830594002044955,0.0033375084102571424,0.03783059400204496,3.337508410257142e-05,3.782470675914733,0.0033381898041110335,27.830594002044954,0,56.74589100306744,43.25410899693257,4.845,15.129999999999999,None,1.875
3948,55735.55565038146,63611.64434961854,0.0,86.4,56.737060138721,43.262939861279,171,1183,1.0,1.0,171.0,1182.0,3.7830594002044955,0.0033375084102571424,0.03783059400204496,3.337508410257142e-05,3.782470675914733,0.0033381898041110335,27.830594002044954,0,56.74589100306744,43.25410899693257,4.845,15.129999999999999,None,2.44
4008,55718.42504369752,63628.77495630248,0.0,86.4,56.737060138721,43.262939861279,171,1214,1.0,1.0,171.0,1213.0,3.7830594002044955,0.0033375084102571424,0.03783059400204496,3.337508410257142e-05,3.782470675914733,0.0033381898041110335,27.830594002044954,0,56.74589100306744,43.25410899693257,4.845,15.129999999999999,None,1.935483870967742
4068,55698.042592369064,63649.15740763093,0.0,86.4,56.737060138721,43.262939861279,171,1239,1.0,1.0,171.0,1238.0,3.7830594002044955,0.0033375084102571424,0.03783059400204496,3.337508410257142e-05,3.782470675914733,0.0033381898041110335,27.830594002044954,0,56.74589100306744,43.25410899693257,4.845,15.129999999999999,None,2.4
4129,55682.258430273214,63664.9415697268,0.0,86.4,56.737060138721,43.262939861279,171,1260,1.0,1.0,171.0,1259.0,3.7830594002044955,0.0033375084102571424,0.03783059400204496,3.337508410257142e-05,3.782470675914733,0.0033381898041110335,27.830594002044954,0,56.74589100306744,43.25410899693257,4.845,15.129999999999999,None,2.9047619047619047
4189,55669.426237625536,63677.77376237447,0.0,86.4,56.737060138721,43.262939861279,171,1281,1.0,1.0,171.0,1280.0,3.7830594002044955,0.0033375084102571424,0.03783059400204496,3.337508410257142e-05,3.782470675914733,0.0033381898041110335,27.830594002044954,0,56.74589100306744,43.25410899693257,4.845,15.129999999999999,None,2.857142857142857
4249,55656.96547991323,63690.23452008677,0.0,86.4,56.73664319629601,43.26335680370397,171,1300,1.0,1.0,171.0,1299.0,3.7830594002044955,0.0033375084102571424,0.03783059400204496,3.337508410257142e-05,3.7824428797530674,0.0033382219755944418,27.830594002044954,0,56.745693975547375,43.25430602445263,4.845,15.129999999999999,None,3.1578947368421053
4355,55645.948203963686,63701.25179603631,0.0,86.4,56.73664319629601,43.26335680370397,171,1322,1.0,1.0,171.0,1321.0,3.783046265036491,0.003337523612997888,0.03783046265036491,3.337523612997888e-05,3.7824428797530674,0.0033382219755944418,27.83046265036491,0,56.745693975547375,43.25430602445263,4.845,15.129999999999999,None,4.818181818181818
4423,55633.598255941586,63713.60174405842,0.0,86.4,56.73664319629601,43.26335680370397,171,1323,1.0,1.0,171.0,1321.0,3.783046265036491,0.003337523612997888,0.03783046265036491,3.337523612997888e-05,3.7824428797530674,0.0033382219755944418,27.83046265036491,0,56.745693975547375,43.25430602445263,4.845,15.129999999999999,None,68.0
4484,55633.598255941586,63713.60174405842,0.0,86.4,56.73664319629601,43.26335680370397,171,1342,1.0,1.0,171.0,1340.0,3.783046265036491,0.003337523612997888,0.03783046265036491,3.337523612997888e-05,3.7824428797530674,0.0033382219755944418,27.83046265036491,0,56.745693975547375,43.25430602445263,4.845,15.129999999999999,None,3.210526315789474
4544,55623.22180301284,63723.97819698717,0.0,86.4,56.73664319629601,43.26335680370397,171,1370,1.0,1.0,171.0,1368.0,3.783046265036491,0.003337523612997888,0.03783046265036491,3.337523612997888e-05,3.7824428797530674,0.0033382219755944418,27.83046265036491,0,56.745693975547375,43.25430602445263,4.845,15.129999999999999,None,2.142857142857143
4605,55608.39718355552,63738.802816444484,0.0,86.4,56.73664319629601,43.26335680370397,171,1385,1.0,1.0,171.0,1383.0,3.783046265036491,0.003337523612997888,0.03783046265036491,3.337523612997888e-05,3.7824428797530674,0.0033382219755944418,27.83046265036491,0,56.745693975547375,43.25430602445263,4.845,15.129999999999999,None,4.066666666666666
4665,55600.67517583352,63746.52482416649,0.0,86.4,56.73664319629601,43.26335680370397,171,1403,1.0,1.0,171.0,1401.0,3.783046265036491,0.003337523612997888,0.03783046265036491,3.337523612997888e-05,3.7824428797530674,0.0033382219755944418,27.83046265036491,0,56.745693975547375,43.25430602445263,4.845,15.129999999999999,None,3.3333333333333335
4725,55591.60329042575,63755.59670957425,0.0,86.4,56.73664319629601,43.26335680370397,171,1427,1.0,1.0,171.0,1425.0,3.783046265036491,0.003337523612997888,0.03783046265036491,3.337523612997888e-05,3.7824428797530674,0.0033382219755944418,27.83046265036491,0,56.745693975547375,43.25430602445263,4.845,15.129999999999999,None,2.5
4786,55579.82575498409,63767.374245015904,0.0,86.4,56.73664319629601,43.26335680370397,171,1459,1.0,1.0,171.0,1457.0,3.783046265036491,0.003337523612997888,0.03783046265036491,3.337523612997888e-05,3.7824428797530674,0.0033382219755944418,27.83046265036491,0,56.745693975547375,43.25430602445263,4.845,15.129999999999999,None,1.90625
4846,55564.66253982088,63782.53746017912,0.0,86.4,56.73664319629601,43.26335680370397,171,1478,1.0,1.0,171.0,1476.0,3.783046265036491,0.003337523612997888,0.03783046265036491,3.337523612997888e-05,3.7824428797530674,0.0033382219755944418,27.83046265036491,0,56.745693975547375,43.25430602445263,4.845,15.129999999999999,None,3.1578947368421053
4907,55555.93816716209,63791.26183283792,0.0,86.4,56.73664319629601,43.26335680370397,171,1502,1.0,1.0,171.0,1500.0,3.783046265036491,0.003337523612997888,0.03783046265036491,3.337523612997888e-05,3.7824428797530674,0.0033382219755944418,27.83046265036491,0,56.745693975547375,43.25430602445263,4.845,15.129999999999999,None,2.5416666666666665
4967,55545.20149235265,63801.99850764735,0.0,86.4,56.73664319629601,43.26335680370397,171,1524,1.0,1.0,171.0,1522.0,3.783046265036491,0.003337523612997888,0.03783046265036491,3.337523612997888e-05,3.7824428797530674,0.0033382219755944418,27.83046265036491,0,56.745693975547375,43.25430602445263,4.845,15.129999999999999,None,2.727272727272727
5027,55535.62695319522,63811.573046804784,0.0,86.4,56.73664319629601,43.26335680370397,171,1549,1.0,1.0,171.0,1547.0,3.783046265036491,0.003337523612997888,0.03783046265036491,3.337523612997888e-05,3.7824428797530674,0.0033382219755944418,27.83046265036491,0,56.745693975547375,43.25430602445263,4.845,15.129999999999999,None,2.4
5088,55525.0444478163,63822.155552183714,0.0,86.4,56.73664319629601,43.26335680370397,171,1576,1.0,1.0,171.0,1574.0,3.783046265036491,0.003337523612997888,0.03783046265036491,3.337523612997888e-05,3.7824428797530674,0.0033382219755944418,27.83046265036491,0,56.745693975547375,43.25430602445263,4.845,15.129999999999999,None,2.259259259259259
5148,55513.955922810535,63833.244077189454,0.0,86.4,56.73664319629601,43.26335680370397,171,1596,1.0,1.0,171.0,1594.0,3.783046265036491,0.003337523612997888,0.03783046265036491,3.337523612997888e-05,3.7824428797530674,0.0033382219755944418,27.83046265036491,0,56.745693975547375,43.25430602445263,4.845,15.129999999999999,None,3.0
5208,55505.960922932296,63841.239077067716,0.0,86.4,56.73664319629601,43.26335680370397,171,1623,1.0,1.0,171.0,1621.0,3.783046265036491,0.003337523612997888,0.03783046265036491,3.337523612997888e-05,3.7824428797530674,0.0033382219755944418,27.83046265036491,0,56.745693975547375,43.25430602445263,4.845,15.129999999999999,None,2.2222222222222223
5269,55495.45075498409,63851.749245015904,0.0,86.4,56.73664319629601,43.26335680370397,171,1646,1.0,1.0,171.0,1644.0,3.783046265036491,0.003337523612997888,0.03783046265036491,3.337523612997888e-05,3.7824428797530674,0.0033382219755944418,27.83046265036491,0,56.745693975547375,43.25430602445263,4.845,15.129999999999999,None,2.652173913043478
5329,55486.74429099354,63860.45570900646,0.0,86.4,56.73664319629601,43.26335680370397,171,1662,1.0,1.0,171.0,1660.0,3.783046265036491,0.003337523612997888,0.03783046265036491,3.337523612997888e-05,3.7824428797530674,0.0033382219755944418,27.83046265036491,0,56.745693975547375,43.25430602445263,4.845,15.129999999999999,None,3.75
5389,55480.81662648289,63866.38337351712,0.0,86.4,56.73664319629601,43.26335680370397,171,1684,1.0,1.0,171.0,1682.0,3.783046265036491,0.003337523612997888,0.03783046265036491,3.337523612997888e-05,3.7824428797530674,0.0033382219755944418,27.83046265036491,0,56.745693975547375,43.25430602445263,4.845,15.129999999999999,None,2.727272727272727
5480,55472.833233204736,63874.366766795254,0.0,86.4,56.73664319629601,43.26335680370397,171,1693,1.0,1.0,171.0,1691.0,3.783046265036491,0.003337523612997888,0.03783046265036491,3.337523612997888e-05,3.7824428797530674,0.0033382219755944418,27.83046265036491,0,56.745693975547375,43.25430602445263,4.845,15.129999999999999,None,10.11111111111111
5541,55469.621673351445,63877.57832664856,0.0,86.4,56.73664319629601,43.26335680370397,171,1699,1.0,1.0,171.0,1695.0,3.783046265036491,0.003337523612997888,0.03783046265036491,3.337523612997888e-05,3.7824428797530674,0.0033382219755944418,27.83046265036491,0,56.745693975547375,43.25430602445263,4.845,15.129999999999999,None,10.166666666666666
5601,55468.20425751051,63878.99574248949,0.0,86.4,56.73664319629601,43.26335680370397,171,1721,1.0,1.0,171.0,1717.0,3.783046265036491,0.003337523612997888,0.03783046265036491,3.337523612997888e-05,3.7824428797530674,0.0033382219755944418,27.83046265036491,0,56.745693975547375,43.25430602445263,4.845,15.129999999999999,None,2.727272727272727
5662,55460.51582762332,63886.684172376685,0.0,86.4,56.73664319629601,43.26335680370397,171,1739,1.0,1.0,171.0,1735.0,3.783046265036491,0.003337523612997888,0.03783046265036491,3.337523612997888e-05,3.7824428797530674,0.0033382219755944418,27.83046265036491,0,56.745693975547375,43.25430602445263,4.845,15.129999999999999,None,3.388888888888889
5722,55454.35730947368,63892.84269052633,0.0,86.4,56.73664319629601,43.26335680370397,171,1757,1.0,1.0,171.0,1753.0,3.783046265036491,0.003337523612997888,0.03783046265036491,3.337523612997888e-05,3.7824428797530674,0.0033382219755944418,27.83046265036491,0,56.745693975547375,43.25430602445263,4.845,15.129999999999999,None,3.3333333333333335
5783,55448.31402347236,63898.88597652764,0.0,86.4,56.73664319629601,43.26335680370397,171,1778,1.0,1.0,171.0,1774.0,3.783046265036491,0.003337523612997888,0.03783046265036491,3.337523612997888e-05,3.7824428797530674,0.0033382219755944418,27.83046265036491,0,56.745693975547375,43.25430602445263,4.845,15.129999999999999,None,2.9047619047619047
5843,55441.40489563779,63905.795104362216,0.0,86.4,56.73664319629601,43.26335680370397,171,1799,1.0,1.0,171.0,1795.0,3.783046265036491,0.003337523612997888,0.03783046265036491,3.337523612997888e-05,3.7824428797530674,0.0033382219755944418,27.83046265036491,0,56.745693975547375,43.25430602445263,4.845,15.129999999999999,None,2.857142857142857
5935,55434.64336870304,63912.55663129697,0.0,86.4,56.73664319629601,43.26335680370397,171,1812,1.0,1.0,171.0,1808.0,3.783046265036491,0.003337523612997888,0.03783046265036491,3.337523612997888e-05,3.7824428797530674,0.0033382219755944418,27.83046265036491,0,56.745693975547375,43.25430602445263,4.845,15.129999999999999,None,7.076923076923077
5996,55430.52957365153,63916.67042634847,0.0,86.4,56.73664319629601,43.26335680370397,171,1827,1.0,1.0,171.0,1822.0,3.783046265036491,0.003337523612997888,0.03783046265036491,3.337523612997888e-05,3.7824428797530674,0.0033382219755944418,27.83046265036491,0,56.745693975547375,43.25430602445263,4.845,15.129999999999999,None,4.066666666666666
6056,55426.15935114207,63921.04064885793,0.0,86.4,56.73664319629601,43.26335680370397,171,1857,1.0,1.0,171.0,1852.0,3.783046265036491,0.003337523612997888,0.03783046265036491,3.337523612997888e-05,3.7824428797530674,0.0033382219755944418,27.83046265036491,0,56.745693975547375,43.25430602445263,4.845,15.129999999999999,None,2.0
6117,55416.99827104935,63930.201728950655,0.0,86.4,56.73664319629601,43.26335680370397,171,1879,1.0,1.0,171.0,1874.0,3.783046265036491,0.003337523612997888,0.03783046265036491,3.337523612997888e-05,3.7824428797530674,0.0033382219755944418,27.83046265036491,0,56.745693975547375,43.25430602445263,4.845,15.129999999999999,None,2.772727272727273
6230,55410.45097328657,63936.749026713434,0.0,86.4,56.73664319629601,43.26335680370397,171,1897,1.0,1.0,171.0,1892.0,3.783046265036491,0.003337523612997888,0.03783046265036491,3.337523612997888e-05,3.7824428797530674,0.0033382219755944418,27.83046265036491,0,56.745693975547375,43.25430602445263,4.845,15.129999999999999,None,6.277777777777778
6332,55405.197959125086,63942.00204087491,0.0,86.4,56.73664319629601,43.26335680370397,171,1907,1.0,1.0,171.0,1902.0,3.783046265036491,0.003337523612997888,0.03783046265036491,3.337523612997888e-05,3.7824428797530674,0.0033382219755944418,27.83046265036491,0,56.745693975547375,43.25430602445263,4.845,15.129999999999999,None,10.2
6392,55402.319035943365,63944.88096405663,0.0,86.4,56.73664319629601,43.26335680370397,171,1926,1.0,1.0,171.0,1921.0,3.783046265036491,0.003337523612997888,0.03783046265036491,3.337523612997888e-05,3.7824428797530674,0.0033382219755944418,27.83046265036491,0,56.745693975547375,43.25430602445263,4.845,15.129999999999999,None,3.1578947368421053
6453,55396.92490822091,63950.27509177908,0.0,86.4,56.73664319629601,43.26335680370397,171,1958,1.0,1.0,171.0,1953.0,3.783046265036491,0.003337523612997888,0.03783046265036491,3.337523612997888e-05,3.7824428797530674,0.0033382219755944418,27.83046265036491,0,56.745693975547375,43.25430602445263,4.845,15.129999999999999,None,1.90625
6513,55388.058200504674,63959.14179949533,0.0,86.4,56.73664319629601,43.26335680370397,171,1983,1.0,1.0,171.0,1978.0,3.783046265036491,0.003337523612997888,0.03783046265036491,3.337523612997888e-05,3.7824428797530674,0.0033382219755944418,27.83046265036491,0,56.745693975547375,43.25430602445263,4.845,15.129999999999999,None,2.4
6574,55381.31481966534,63965.885180334655,0.0,86.4,56.73664319629601,43.26335680370397,171,1989,1.0,1.0,171.0,1984.0,3.783046265036491,0.003337523612997888,0.03783046265036491,3.337523612997888e-05,3.7824428797530674,0.0033382219755944418,27.83046265036491,0,56.745693975547375,43.25430602445263,4.845,15.129999999999999,None,10.166666666666666
6635,55379.719689355996,63967.480310644016,0.0,86.4,56.73664319629601,43.26335680370397,171,2008,1.0,1.0,171.0,2003.0,3.783046265036491,0.003337523612997888,0.03783046265036491,3.337523612997888e-05,3.7824428797530674,0.0033382219755944418,27.83046265036491,0,56.745693975547375,43.25430602445263,4.845,15.129999999999999,None,3.210526315789474
6695,55374.72653038165,63972.47346961835,0.0,86.4,56.73664319629601,43.26335680370397,171,2021,1.0,0.6023304451747834,171.0,2016.0,3.783046265036491,0.003337523612997888,0.03783046265036491,3.337523612997888e-05,3.7824428797530674,0.002010712728652045,27.83046265036491,0,56.745693975547375,43.25430602445263,4.845,15.129999999999999,None,4.615384615384615
6756,55371.360146518484,63975.83985348151,0.0,86.4,56.73664319629601,43.26335680370397,171,2069,1.0,0.6023304451747834,171.0,2044.9118613683931,3.783046265036491,0.002010292083598369,0.03783046265036491,2.0102920835983692e-05,3.7824428797530674,0.002010712728652045,27.83046265036491,0,56.745693975547375,43.25430602445263,4.845,15.129999999999999,None,1.2708333333333333
6817,55364.01495042812,63983.18504957189,0.0,86.4,56.73664319629601,43.26335680370397,171,2106,1.0,0.6023304451747834,171.0,2067.198087839856,3.783046265036491,0.002010292083598369,0.03783046265036491,2.0102920835983692e-05,3.7824428797530674,0.002010712728652045,27.83046265036491,0,56.745693975547375,43.25430602445263,4.845,15.129999999999999,None,1.6486486486486487
6877,55358.4825431531,63988.717456846905,0.0,86.4,56.73664319629601,43.26335680370397,171,2144,1.0,0.6023304451747834,171.0,2090.0866447564918,3.783046265036491,0.002010292083598369,0.03783046265036491,2.0102920835983692e-05,3.7824428797530674,0.002010712728652045,27.83046265036491,0,56.745693975547375,43.25430602445263,4.845,15.129999999999999,None,1.5789473684210527
6947,55352.914132012666,63994.28586798733,0.0,86.4,56.73664319629601,43.26335680370397,171,2149,1.0,0.6023304451747834,171.0,2093.098296982365,3.783046265036491,0.002010292083598369,0.03783046265036491,2.0102920835983692e-05,3.7824428797530674,0.002010712728652045,27.83046265036491,0,56.745693975547375,43.25430602445263,4.845,15.129999999999999,None,14.0
7007,55352.18982791243,63995.010172087575,0.0,86.4,56.73664319629601,43.26335680370397,171,2184,1.0,0.6023304451747834,171.0,2114.179862563477,3.783046265036491,0.002010292083598369,0.03783046265036491,2.0102920835983692e-05,3.7824428797530674,0.002010712728652045,27.83046265036491,0,56.745693975547375,43.25430602445263,4.845,15.129999999999999,None,1.7142857142857142
7085,55347.17315483459,64000.02684516541,0.0,86.4,56.73664319629601,43.26335680370397,171,2223,1.0,0.6023304451747834,171.0,2137.6707499252875,3.783046265036491,0.002010292083598369,0.03783046265036491,2.0102920835983692e-05,3.7824428797530674,0.002010712728652045,27.83046265036491,0,56.745693975547375,43.25430602445263,4.845,15.129999999999999,None,2.0
7146,55341.69107140846,64005.50892859155,0.0,86.4,56.73664319629601,43.26335680370397,171,2247,1.0,0.6023304451747834,171.0,2152.1266806094786,3.783046265036491,0.002010292083598369,0.03783046265036491,2.0102920835983692e-05,3.7824428797530674,0.002010712728652045,27.83046265036491,0,56.745693975547375,43.25430602445263,4.845,15.129999999999999,None,2.5416666666666665
7206,55338.37258708238,64008.827412917635,0.0,86.4,56.73664319629601,43.26335680370397,171,2288,1.0,0.6023304451747834,171.0,2176.8222288616385,3.783046265036491,0.002010292083598369,0.03783046265036491,2.0102920835983692e-05,3.7824428797530674,0.002010712728652045,27.83046265036491,0,56.745693975547375,43.25430602445263,4.845,15.129999999999999,None,1.4634146341463414
7267,55332.79804528387,64014.40195471614,0.0,86.4,56.73664319629601,43.26335680370397,171,2334,1.0,0.6023304451747834,171.0,2204.5294293396714,3.783046265036491,0.002010292083598369,0.03783046265036491,2.0102920835983692e-05,3.7824428797530674,0.002010712728652045,27.83046265036491,0,56.745693975547375,43.25430602445263,4.845,15.129999999999999,None,1.326086956521739
7335,55326.68164881775,64020.518351182254,0.0,86.4,56.73664319629601,43.26335680370397,171,2364,1.0,0.6023304451747834,171.0,2222.5993426949103,3.783046265036491,0.002010292083598369,0.03783046265036491,2.0102920835983692e-05,3.7824428797530674,0.002010712728652045,27.83046265036491,0,56.745693975547375,43.25430602445263,4.845,15.129999999999999,None,2.2666666666666666
7396,55322.76898256087,64024.431017439136,0.0,86.4,56.73664319629601,43.26335680370397,171,2399,1.0,0.6023304451747834,171.0,2243.6809082760224,3.783046265036491,0.002010292083598369,0.03783046265036491,2.0102920835983692e-05,3.7824428797530674,0.002010712728652045,27.83046265036491,0,56.745693975547375,43.25430602445263,4.845,15.129999999999999,None,1.7428571428571429
7461,55318.27821826293,64028.921781737066,0.0,86.4,56.73664319629601,43.26335680370397,171,2424,1.0,0.6023304451747834,171.0,2258.739169405388,3.783046265036491,0.002010292083598369,0.03783046265036491,2.0102920835983692e-05,3.7824428797530674,0.002010712728652045,27.83046265036491,0,56.745693975547375,43.25430602445263,4.845,15.129999999999999,None,2.6
7522,55315.11824049157,64032.08175950844,0.0,86.4,56.73664319629601,43.26335680370397,171,2466,1.0,0.6023304451747834,171.0,2284.0370481027226,3.783046265036491,0.002010292083598369,0.03783046265036491,2.0102920835983692e-05,3.7824428797530674,0.002010712728652045,27.83046265036491,0,56.745693975547375,43.25430602445263,4.845,15.129999999999999,None,1.4523809523809523
7582,55309.896743796984,64037.30325620302,0.0,86.4,56.73664319629601,43.26335680370397,171,2508,1.0,0.6023304451747834,171.0,2309.334926800057,3.783046265036491,0.002010292083598369,0.03783046265036491,2.0102920835983692e-05,3.7824428797530674,0.002010712728652045,27.83046265036491,0,56.745693975547375,43.25430602445263,4.845,15.129999999999999,None,1.4285714285714286
7643,55304.78175916137,64042.41824083863,0.0,86.4,56.73664319629601,43.26335680370397,172,2547,1.0,0.6023304451747834,172.0,2332.8258141618676,3.783046265036491,0.002010292083598369,0.03783046265036491,2.0102920835983692e-05,3.7824428797530674,0.002010712728652045,27.83046265036491,0,56.745693975547375,43.25430602445263,4.845,15.129999999999999,61.0,1.564102564102564
7704,55302.80281966734,64044.39718033266,0.0,86.4,56.73664319629601,43.26335680370397,172,2589,1.0,0.6023304451747834,172.0,2358.123692859202,3.783046265036491,0.002010292083598369,0.03783046265036491,2.0102920835983692e-05,3.7824428797530674,0.002010712728652045,27.83046265036491,0,56.745693975547375,43.25430602445263,4.845,15.129999999999999,None,1.4523809523809523
7765,55297.85941953045,64049.34058046956,0.0,86.4,56.73664319629601,43.26335680370397,172,2633,1.0,0.6023304451747834,172.0,2384.6262324468858,3.783046265036491,0.002010292083598369,0.03783046265036491,2.0102920835983692e-05,3.7824428797530674,0.002010712728652045,27.83046265036491,0,56.745693975547375,43.25430602445263,4.845,15.129999999999999,None,1.3863636363636365
7826,55292.78554830087,64054.41445169913,0.0,86.4,56.73664319629601,43.26335680370397,172,2668,1.0,0.6023304451747834,172.0,2405.707798027998,3.783046265036491,0.002010292083598369,0.03783046265036491,2.0102920835983692e-05,3.7824428797530674,0.002010712728652045,27.83046265036491,0,56.745693975547375,43.25430602445263,4.845,15.129999999999999,None,1.7428571428571429
7886,55288.82401895843,64058.37598104157,0.0,86.4,56.73664319629601,43.26335680370397,172,2714,1.0,0.6023304451747834,172.0,2433.4149985060308,3.783046265036491,0.002010292083598369,0.03783046265036491,2.0102920835983692e-05,3.7824428797530674,0.002010712728652045,27.83046265036491,0,56.745693975547375,43.25430602445263,4.845,15.129999999999999,None,1.3043478260869565
7948,55283.71493551063,64063.485064489374,0.0,86.4,56.73664319629601,43.26335680370397,172,2723,1.0,0.6023304451747834,172.0,2438.233642067428,3.783046265036491,0.002010292083598369,0.03783046265036491,2.0102920835983692e-05,3.7824428797530674,0.002010712728652045,27.83046265036491,0,56.745693975547375,43.25430602445263,4.845,15.129999999999999,None,6.888888888888889
8012,55282.83747121465,64064.36252878536,0.0,86.4,56.73664319629601,43.26335680370397,172,2725,1.0,0.6023304451747834,172.0,2438.233642067428,3.783046265036491,0.002010292083598369,0.03783046265036491,2.0102920835983692e-05,3.7824428797530674,0.002010712728652045,27.83046265036491,0,56.745693975547375,43.25430602445263,4.845,15.129999999999999,None,32.0
8072,55282.83747121465,64064.36252878536,0.0,86.4,56.73664319629601,43.26335680370397,172,2759,1.0,0.6023304451747834,172.0,2458.712877203365,3.783046265036491,0.002010292083598369,0.03783046265036491,2.0102920835983692e-05,3.7824428797530674,0.002010712728652045,27.83046265036491,0,56.745693975547375,43.25430602445263,4.845,15.129999999999999,None,1.7647058823529411
8133,55279.14410950531,64068.05589049469,0.0,86.4,56.73664319629601,43.26335680370397,173,2792,1.0,0.6023304451747834,173.0,2478.589781894128,3.783046265036491,0.002010292083598369,0.03783046265036491,2.0102920835983692e-05,3.7824428797530674,0.002010712728652045,27.83046265036491,0,56.745693975547375,43.25430602445263,4.845,15.129999999999999,61.0,1.8484848484848484
8194,55278.153104514844,64069.04689548516,0.0,86.4,56.73664319629601,43.26335680370397,173,2833,1.0,0.6023304451747834,173.0,2503.285330146288,3.783046265036491,0.002010292083598369,0.03783046265036491,2.0102920835983692e-05,3.7824428797530674,0.002010712728652045,27.83046265036491,0,56.745693975547375,43.25430602445263,4.845,15.129999999999999,None,1.4878048780487805
8255,55273.81840974889,64073.38159025111,0.0,86.4,56.73664319629601,43.26335680370397,173,2861,1.0,0.6023304451747834,173.0,2520.1505826111775,3.783046265036491,0.002010292083598369,0.03783046265036491,2.0102920835983692e-05,3.7824428797530674,0.002010712728652045,27.83046265036491,0,56.745693975547375,43.25430602445263,4.845,15.129999999999999,None,2.1785714285714284
8315,55270.90381353843,64076.29618646157,0.0,86.4,56.73664319629601,43.26335680370397,173,2887,1.0,0.6023304451747834,173.0,2535.811174185718,3.783046265036491,0.002010292083598369,0.03783046265036491,2.0102920835983692e-05,3.7824428797530674,0.002010712728652045,27.83046265036491,0,56.745693975547375,43.25430602445263,4.845,15.129999999999999,None,2.3076923076923075
8379,55268.22989979291,64078.97010020709,0.0,86.4,56.73664319629601,43.26335680370397,173,2924,1.0,0.6023304451747834,173.0,2558.097400657179,3.783046265036491,0.002010292083598369,0.03783046265036491,2.0102920835983692e-05,3.7824428797530674,0.002010712728652045,27.83046265036491,0,56.745693975547375,43.25430602445263,4.845,15.129999999999999,None,1.7297297297297298
8440,55264.47758541167,64082.72241458834,0.0,86.4,56.73664319629601,43.26335680370397,173,2970,1.0,0.6023304451747834,173.0,2585.804601135212,3.783046265036491,0.002010292083598369,0.03783046265036491,2.0102920835983692e-05,3.7824428797530674,0.002010712728652045,27.83046265036491,0,56.745693975547375,43.25430602445263,4.845,15.129999999999999,None,1.326086956521739
8501,55259.89708300018,64087.302916999826,0.0,86.4,56.73664319629601,43.26335680370397,173,3014,1.0,0.6023304451747834,173.0,2612.307140722896,3.783046265036491,0.002010292083598369,0.03783046265036491,2.0102920835983692e-05,3.7824428797530674,0.002010712728652045,27.83046265036491,0,56.745693975547375,43.25430602445263,4.845,15.129999999999999,None,1.3863636363636365
8564,55255.60100599527,64091.59899400473,0.0,86.4,56.73664319629601,43.26335680370397,173,3044,1.0,0.6023304451747834,173.0,2630.3770540781347,3.783046265036491,0.002010292083598369,0.03783046265036491,2.0102920835983692e-05,3.7824428797530674,0.002010712728652045,27.83046265036491,0,56.745693975547375,43.25430602445263,4.845,15.129999999999999,None,2.1
8628,55252.71843466514,64094.48156533485,0.0,86.4,56.73664319629601,43.26335680370397,173,3063,1.0,0.6023304451747834,173.0,2641.8213325364527,3.783046265036491,0.002010292083598369,0.03783046265036491,2.0102920835983692e-05,3.7824428797530674,0.002010712728652045,27.83046265036491,0,56.745693975547375,43.25430602445263,4.845,15.129999999999999,None,3.3684210526315788
8722,55250.91194838345,64096.288051616546,0.0,86.4,56.73664319629601,43.26335680370397,173,3086,1.0,0.6023304451747834,173.0,2655.674932775469,3.783046265036491,0.002010292083598369,0.03783046265036491,2.0102920835983692e-05,3.7824428797530674,0.002010712728652045,27.83046265036491,0,56.745693975547375,43.25430602445263,4.845,15.129999999999999,None,4.086956521739131
8797,55248.744706548496,64098.4552934515,0.0,86.4,56.73664319629601,43.26335680370397,173,3092,1.0,0.6023304451747834,173.0,2658.6865850013423,3.783046265036491,0.002010292083598369,0.03783046265036491,2.0102920835983692e-05,3.7824428797530674,0.002010712728652045,27.83046265036491,0,56.745693975547375,43.25430602445263,4.845,15.129999999999999,None,12.5
8859,55248.27637308081,64098.923626919204,0.0,86.4,56.73664319629601,43.26335680370397,173,3108,1.0,0.6023304451747834,173.0,2668.3238721241364,3.783046265036491,0.002010292083598369,0.03783046265036491,2.0102920835983692e-05,3.7824428797530674,0.002010712728652045,27.83046265036491,0,56.745693975547375,43.25430602445263,4.845,15.129999999999999,None,3.875
8920,55246.78437771541,64100.41562228459,0.0,86.4,56.73664319629601,43.26335680370397,173,3148,1.0,0.6023304451747834,173.0,2692.4170899311216,3.783046265036491,0.002010292083598369,0.03783046265036491,2.0102920835983692e-05,3.7824428797530674,0.002010712728652045,27.83046265036491,0,56.745693975547375,43.25430602445263,4.845,15.129999999999999,None,1.525
8981,55243.098297182914,64104.10170281709,0.0,86.4,56.73664319629601,43.26335680370397,173,3187,1.0,0.6023304451747834,173.0,2715.907977292932,3.783046265036491,0.002010292083598369,0.03783046265036491,2.0102920835983692e-05,3.7824428797530674,0.002010712728652045,27.83046265036491,0,56.745693975547375,43.25430602445263,4.845,15.129999999999999,None,1.564102564102564
9042,55239.563565382334,64107.63643461767,0.0,86.4,56.73664319629601,43.26335680370397,173,3228,1.0,0.6023304451747834,173.0,2740.603525545092,3.783046265036491,0.002010292083598369,0.03783046265036491,2.0102920835983692e-05,3.7824428797530674,0.002010712728652045,27.83046265036491,0,56.745693975547375,43.25430602445263,4.845,15.129999999999999,None,1.4878048780487805
9103,55235.909022101565,64111.29097789844,0.0,86.4,56.73664319629601,43.26335680370397,173,3271,1.0,0.6023304451747834,173.0,2766.503734687601,3.783046265036491,0.002010292083598369,0.03783046265036491,2.0102920835983692e-05,3.7824428797530674,0.002010712728652045,27.83046265036491,0,56.745693975547375,43.25430602445263,4.845,15.129999999999999,None,1.4186046511627908
9214,55232.14218013481,64115.05781986519,0.0,86.4,56.73664319629601,43.26335680370397,173,3313,1.0,0.6023304451747834,173.0,2791.8016133849355,3.783046265036491,0.002010292083598369,0.03783046265036491,2.0102920835983692e-05,3.7824428797530674,0.002010712728652045,27.83046265036491,0,56.745693975547375,43.25430602445263,4.845,15.129999999999999,None,2.642857142857143
9276,55228.526474627346,64118.67352537266,0.0,86.4,56.73664319629601,43.26335680370397,173,3342,1.0,0.6023304451747834,173.0,2809.269196295,3.783046265036491,0.002010292083598369,0.03783046265036491,2.0102920835983692e-05,3.7824428797530674,0.002010712728652045,27.83046265036491,0,56.745693975547375,43.25430602445263,4.845,15.129999999999999,None,2.1379310344827585
9337,55226.0657164792,64121.134283520805,0.0,86.4,56.73664319629601,43.26335680370397,173,3380,1.0,0.6023304451747834,173.0,2832.1577532116357,3.783046265036491,0.002010292083598369,0.03783046265036491,2.0102920835983692e-05,3.7824428797530674,0.002010712728652045,27.83046265036491,0,56.745693975547375,43.25430602445263,4.845,15.129999999999999,None,1.605263157894737
9423,55222.884575662916,64124.31542433709,0.0,86.4,56.73664319629601,43.26335680370397,173,3415,1.0,0.6023304451747834,173.0,2853.239318792748,3.783046265036491,0.002010292083598369,0.03783046265036491,2.0102920835983692e-05,3.7824428797530674,0.002010712728652045,27.83046265036491,0,56.745693975547375,43.25430602445263,4.845,15.129999999999999,None,2.4571428571428573
9485,55219.99714931663,64127.202850683374,0.0,86.4,56.73664319629601,43.26335680370397,173,3448,1.0,0.6023304451747834,173.0,2873.1162234835106,3.783046265036491,0.002010292083598369,0.03783046265036491,2.0102920835983692e-05,3.7824428797530674,0.002010712728652045,27.83046265036491,0,56.745693975547375,43.25430602445263,4.845,15.129999999999999,None,1.878787878787879
9557,55217.31132491272,64129.888675087284,0.0,86.4,56.73664319629601,43.26335680370397,173,3491,1.0,0.6023304451747834,173.0,2899.0164326260197,3.783046265036491,0.002010292083598369,0.03783046265036491,2.0102920835983692e-05,3.7824428797530674,0.002010712728652045,27.83046265036491,0,56.745693975547375,43.25430602445263,4.845,15.129999999999999,None,1.6744186046511629
9618,55213.863764649046,64133.33623535095,0.0,86.4,56.73664319629601,43.26335680370397,173,3535,1.0,0.6023304451747834,173.0,2925.5189722137034,3.783046265036491,0.002010292083598369,0.03783046265036491,2.0102920835983692e-05,3.7824428797530674,0.002010712728652045,27.83046265036491,0,56.745693975547375,43.25430602445263,4.845,15.129999999999999,None,1.3863636363636365
9739,55210.395690316356,64136.804309683655,0.0,86.4,56.73664319629601,43.26335680370397,173,3581,1.0,0.6023304451747834,173.0,2953.2261726917363,3.783046265036491,0.002010292083598369,0.03783046265036491,2.0102920835983692e-05,3.7824428797530674,0.002010712728652045,27.83046265036491,0,56.745693975547375,43.25430602445263,4.845,15.129999999999999,None,2.630434782608696
9801,55206.83284725785,64140.367152742154,0.0,86.4,56.73664319629601,43.26335680370397,173,3587,1.0,0.6023304451747834,173.0,2956.840155362784,3.783046265036491,0.002010292083598369,0.03783046265036491,2.0102920835983692e-05,3.7824428797530674,0.002010712728652045,27.83046265036491,0,56.745693975547375,43.25430602445263,4.845,15.129999999999999,None,10.333333333333334
9861,55206.37277916725,64140.82722083275,0.0,86.4,56.73664319629601,43.26335680370397,173,3624,1.0,0.6023304451747834,173.0,2979.1263818342454,3.783046265036491,0.002010292083598369,0.03783046265036491,2.0102920835983692e-05,3.7824428797530674,0.002010712728652045,27.83046265036491,0,56.745693975547375,43.25430602445263,4.845,15.129999999999999,None,1.6216216216216217
9955,55203.559004216775,64143.640995783215,0.0,86.4,56.73664319629601,43.26335680370397,174,3666,1.0,0.6023304451747834,174.0,3004.42426053158,3.783046265036491,0.002010292083598369,0.03783046265036491,2.0102920835983692e-05,3.7824428797530674,0.002010712728652045,27.83046265036491,0,56.745693975547375,43.25430602445263,4.845,15.129999999999999,94.0,2.238095238095238
10016,55202.554758916616,64144.64524108339,0.0,86.4,56.73664319629601,43.26335680370397,174,3693,1.0,0.6023304451747834,174.0,3020.687182551295,3.783046265036491,0.002010292083598369,0.03783046265036491,2.0102920835983692e-05,3.7824428797530674,0.002010712728652045,27.83046265036491,0,56.745693975547375,43.25430602445263,4.845,15.129999999999999,None,2.259259259259259
10076,55200.54825450937,64146.65174549064,0.0,86.4,56.73664319629601,43.26335680370397,174,3736,1.0,0.6023304451747834,174.0,3046.587391693804,3.783046265036491,0.002010292083598369,0.03783046265036491,2.0102920835983692e-05,3.7824428797530674,0.002010712728652045,27.83046265036491,0,56.745693975547375,43.25430602445263,4.845,15.129999999999999,None,1.3953488372093024
10136,55197.39454572339,64149.80545427661,0.0,86.4,56.73664319629601,43.26335680370397,174,3746,1.0,0.6023304451747834,174.0,3052.6106961455503,3.783046265036491,0.002010292083598369,0.03783046265036491,2.0102920835983692e-05,3.7824428797530674,0.002010712728652045,27.83046265036491,0,56.745693975547375,43.25430602445263,4.845,15.129999999999999,None,6.0
10196,55196.66838140923,64150.53161859079,0.0,86.4,56.73664319629601,43.26335680370397,174,3779,1.0,0.6023304451747834,174.0,3072.487600836313,3.783046265036491,0.002010292083598369,0.03783046265036491,2.0102920835983692e-05,3.7824428797530674,0.002010712728652045,27.83046265036491,0,56.745693975547375,43.25430602445263,4.845,15.129999999999999,None,1.8181818181818181
10257,55194.291156992316,64152.90884300769,0.0,86.4,56.73664319629601,43.26335680370397,174,3803,1.0,0.6023304451747834,174.0,3086.943531520504,3.783046265036491,0.002010292083598369,0.03783046265036491,2.0102920835983692e-05,3.7824428797530674,0.002010712728652045,27.83046265036491,0,56.745693975547375,43.25430602445263,4.845,15.129999999999999,None,2.5416666666666665
10317,55192.5804691262,64154.619530873795,0.0,86.4,56.73664319629601,43.26335680370397,174,3812,1.0,0.6023304451747834,174.0,3091.762175081901,3.783046265036491,0.002010292083598369,0.03783046265036491,2.0102920835983692e-05,3.7824428797530674,0.002010712728652045,27.83046265036491,0,56.745693975547375,43.25430602445263,4.845,15.129999999999999,None,6.666666666666667
10378,55192.01360533877,64155.18639466123,0.0,86.4,56.73664319629601,43.26335680370397,174,3838,1.0,0.6023304451747834,174.0,3107.4227666564416,3.783046265036491,0.002010292083598369,0.03783046265036491,2.0102920835983692e-05,3.7824428797530674,0.002010712728652045,27.83046265036491,0,56.745693975547375,43.25430602445263,4.845,15.129999999999999,None,2.3461538461538463
10438,55190.18279579973,64157.01720420028,0.0,86.4,56.73664319629601,43.26335680370397,174,3872,1.0,0.6023304451747834,174.0,3127.902001792379,3.783046265036491,0.002010292083598369,0.03783046265036491,2.0102920835983692e-05,3.7824428797530674,0.002010712728652045,27.83046265036491,0,56.745693975547375,43.25430602445263,4.845,15.129999999999999,None,1.7647058823529411
10498,55187.81486443156,64159.38513556845,0.0,86.4,56.73664319629601,43.26335680370397,174,3917,1.0,0.6023304451747834,174.0,3155.0068718252373,3.783046265036491,0.002010292083598369,0.03783046265036491,2.0102920835983692e-05,3.7824428797530674,0.002010712728652045,27.83046265036491,0,56.745693975547375,43.25430602445263,4.845,15.129999999999999,None,1.3333333333333333
10605,55184.72563472304,64162.474365276976,0.0,86.4,56.73664319629601,43.26335680370397,174,3944,1.0,0.6023304451747834,174.0,3171.2697938449523,3.783046265036491,0.002010292083598369,0.03783046265036491,2.0102920835983692e-05,3.7824428797530674,0.002010712728652045,27.83046265036491,0,56.745693975547375,43.25430602445263,4.845,15.129999999999999,None,3.962962962962963
10686,55182.896126004074,64164.30387399593,0.0,86.4,56.73664319629601,43.26335680370397,174,3945,1.0,0.6023304451747834,174.0,3171.2697938449523,3.783046265036491,0.002010292083598369,0.03783046265036491,2.0102920835983692e-05,3.7824428797530674,0.002010712728652045,27.83046265036491,0,56.745693975547375,43.25430602445263,4.845,15.129999999999999,None,81.0
10747,55182.896126004074,64164.30387399593,0.0,86.4,56.73664319629601,43.26335680370397,174,3945,1.0,0.6023304451747834,174.0,3171.2697938449523,3.783046265036491,0.002010292083598369,0.03783046265036491,2.0102920835983692e-05,3.7824428797530674,0.002010712728652045,27.83046265036491,0,56.745693975547375,43.25430602445263,4.845,15.129999999999999,None,None
10808,55182.896126004074,64164.30387399593,0.0,86.4,56.73664319629601,43.26335680370397,174,3945,1.0,0.6023304451747834,174.0,3171.2697938449523,3.783046265036491,0.002010292083598369,0.03783046265036491,2.0102920835983692e-05,3.7824428797530674,0.002010712728652045,27.83046265036491,0,56.745693975547375,43.25430602445263,4.845,15.129999999999999,None,None
10919,55182.896126004074,64164.30387399593,0.0,86.4,56.73664319629601,43.26335680370397,174,3967,1.0,0.6023304451747834,174.0,3184.521063638794,3.783046265036491,0.002010292083598369,0.03783046265036491,2.0102920835983692e-05,3.7824428797530674,0.002010712728652045,27.83046265036491,0,56.745693975547375,43.25430602445263,4.845,15.129999999999999,None,5.045454545454546
11012,55181.418515344536,64165.78148465547,0.0,86.4,56.73664319629601,43.26335680370397,174,3994,1.0,0.6023304451747834,174.0,3200.783985658509,3.783046265036491,0.002010292083598369,0.03783046265036491,2.0102920835983692e-05,3.7824428797530674,0.002010712728652045,27.83046265036491,0,56.745693975547375,43.25430602445263,4.845,15.129999999999999,None,3.4444444444444446
11073,55179.620943453614,64167.57905654639,0.0,86.4,56.73664319629601,43.26335680370397,174,4032,1.0,0.6023304451747834,174.0,3223.672542575145,3.783046265036491,0.002010292083598369,0.03783046265036491,2.0102920835983692e-05,3.7824428797530674,0.002010712728652045,27.83046265036491,0,56.745693975547375,43.25430602445263,4.845,15.129999999999999,None,1.605263157894737
11133,55177.12017975412,64170.07982024589,0.0,86.4,56.73664319629601,43.26335680370397,174,4052,1.0,0.5530850273160389,174.0,3235.275942717912,3.783046265036491,0.002010292083598369,0.03783046265036491,2.0102920835983692e-05,3.7824428797530674,0.0018463205925586532,27.83046265036491,0,56.745693975547375,43.25430602445263,4.845,15.129999999999999,None,3.0
11193,55175.865238664395,64171.33476133561,0.0,86.4,56.73664319629601,43.26335680370397,174,4099,1.0,0.5530850273160389,174.0,3261.270939001775,3.783046265036491,0.0018459343386628617,0.03783046265036491,1.8459343386628615e-05,3.7824428797530674,0.0018463205925586532,27.83046265036491,0,56.745693975547375,43.25430602445263,4.845,15.129999999999999,None,1.2765957446808511
11255,55173.0845756842,64174.115424315794,0.0,86.4,56.73664319629601,43.26335680370397,174,4136,1.0,0.5530850273160389,174.0,3281.7350850124753,3.783046265036491,0.0018459343386628617,0.03783046265036491,1.8459343386628615e-05,3.7824428797530674,0.0018463205925586532,27.83046265036491,0,56.745693975547375,43.25430602445263,4.845,15.129999999999999,None,1.6756756756756757
11315,55170.924972630964,64176.27502736905,0.0,86.4,56.73664319629601,43.26335680370397,174,4180,1.0,0.5530850273160389,174.0,3306.0708262143894,3.783046265036491,0.0018459343386628617,0.03783046265036491,1.8459343386628615e-05,3.7824428797530674,0.0018463205925586532,27.83046265036491,0,56.745693975547375,43.25430602445263,4.845,15.129999999999999,None,1.3636363636363635
11375,55168.389856854876,64178.81014314512,0.0,86.4,56.73664319629601,43.26335680370397,174,4228,1.0,0.5530850273160389,174.0,3332.6189075255684,3.783046265036491,0.0018459343386628617,0.03783046265036491,1.8459343386628615e-05,3.7824428797530674,0.0018463205925586532,27.83046265036491,0,56.745693975547375,43.25430602445263,4.845,15.129999999999999,None,1.25
11435,55165.66440678054,64181.535593219465,0.0,86.4,56.73664319629601,43.26335680370397,174,4273,1.0,0.5530850273160389,174.0,3357.5077337547987,3.783046265036491,0.0018459343386628617,0.03783046265036491,1.8459343386628615e-05,3.7824428797530674,0.0018463205925586532,27.83046265036491,0,56.745693975547375,43.25430602445263,4.845,15.129999999999999,None,1.3333333333333333
11495,55163.14651286478,64184.05348713522,0.0,86.4,56.73664319629601,43.26335680370397,174,4317,1.0,0.5530850273160389,174.0,3381.8434749567127,3.783046265036491,0.0018459343386628617,0.03783046265036491,1.8459343386628615e-05,3.7824428797530674,0.0018463205925586532,27.83046265036491,0,56.745693975547375,43.25430602445263,4.845,15.129999999999999,None,1.3636363636363635
11556,55160.718653503034,64186.48134649697,0.0,86.4,56.73664319629601,43.26335680370397,174,4360,1.0,0.5530850273160389,174.0,3405.6261311313106,3.783046265036491,0.0018459343386628617,0.03783046265036491,1.8459343386628615e-05,3.7824428797530674,0.0018463205925586532,27.83046265036491,0,56.745693975547375,43.25430602445263,4.845,15.129999999999999,None,1.4186046511627908
11616,55158.37786704217,64188.82213295784,0.0,86.4,56.73664319629601,43.26335680370397,174,4399,1.0,0.5530850273160389,174.0,3427.1964471966435,3.783046265036491,0.0018459343386628617,0.03783046265036491,1.8459343386628615e-05,3.7824428797530674,0.0018463205925586532,27.83046265036491,0,56.745693975547375,43.25430602445263,4.845,15.129999999999999,None,1.5384615384615385
11722,55156.28156541846,64190.91843458154,0.0,86.4,56.73664319629601,43.26335680370397,175,4409,1.0,0.5530850273160389,175.0,3432.7272974698058,3.783046265036491,0.0018459343386628617,0.03783046265036491,1.8459343386628615e-05,3.7824428797530674,0.0018463205925586532,27.83046265036491,0,56.745693975547375,43.25430602445263,4.845,15.129999999999999,106.0,10.6
11782,55157.647527638816,64189.55247236119,0.0,86.4,56.73664319629601,43.26335680370397,175,4437,1.0,0.5530850273160389,175.0,3448.21367823466,3.783046265036491,0.0018459343386628617,0.03783046265036491,1.8459343386628615e-05,3.7824428797530674,0.0018463205925586532,27.83046265036491,0,56.745693975547375,43.25430602445263,4.845,15.129999999999999,None,2.142857142857143
11842,55156.15475787941,64191.04524212059,0.0,86.4,56.73664319629601,43.26335680370397,175,4479,1.0,0.5530850273160389,175.0,3471.4432493819418,3.783046265036491,0.0018459343386628617,0.03783046265036491,1.8459343386628615e-05,3.7824428797530674,0.0018463205925586532,27.83046265036491,0,56.745693975547375,43.25430602445263,4.845,15.129999999999999,None,1.4285714285714286
11922,55153.93937736687,64193.26062263314,0.0,86.4,56.73664319629601,43.26335680370397,175,4491,1.0,0.5530850273160389,175.0,3478.0802697097365,3.783046265036491,0.0018459343386628617,0.03783046265036491,1.8459343386628615e-05,3.7824428797530674,0.0018463205925586532,27.83046265036491,0,56.745693975547375,43.25430602445263,4.845,15.129999999999999,None,6.666666666666667
11982,55153.311586463,64193.88841353702,0.0,86.4,56.73664319629601,43.26335680370397,175,4508,1.0,0.5530850273160389,175.0,3487.4827151741124,3.783046265036491,0.0018459343386628617,0.03783046265036491,1.8459343386628615e-05,3.7824428797530674,0.0018463205925586532,27.83046265036491,0,56.745693975547375,43.25430602445263,4.845,15.129999999999999,None,3.5294117647058822
12057,55152.42611092211,64194.77388907789,0.0,86.4,56.73664319629601,43.26335680370397,175,4516,1.0,0.5530850273160389,175.0,3491.9073953926422,3.783046265036491,0.0018459343386628617,0.03783046265036491,1.8459343386628615e-05,3.7824428797530674,0.0018463205925586532,27.83046265036491,0,56.745693975547375,43.25430602445263,4.845,15.129999999999999,None,9.375
12118,55152.01098781553,64195.18901218448,0.0,86.4,56.73664319629601,43.26335680370397,175,4536,1.0,0.5530850273160389,175.0,3502.4160109116506,3.783046265036491,0.0018459343386628617,0.03783046265036491,1.8459343386628615e-05,3.7824428797530674,0.0018463205925586532,27.83046265036491,0,56.745693975547375,43.25430602445263,4.845,15.129999999999999,None,3.05
12179,55151.029074062695,64196.1709259373,0.0,86.4,56.73664319629601,43.26335680370397,175,4536,1.0,0.5530850273160389,175.0,3502.4160109116506,3.783046265036491,0.0018459343386628617,0.03783046265036491,1.8459343386628615e-05,3.7824428797530674,0.0018463205925586532,27.83046265036491,0,56.745693975547375,43.25430602445263,4.845,15.129999999999999,None,None
12253,55151.029074062695,64196.1709259373,0.0,86.4,56.73664319629601,43.26335680370397,175,4536,1.0,0.5530850273160389,175.0,3502.4160109116506,3.783046265036491,0.0018459343386628617,0.03783046265036491,1.8459343386628615e-05,3.7824428797530674,0.0018463205925586532,27.83046265036491,0,56.745693975547375,43.25430602445263,4.845,15.129999999999999,None,None
12329,55151.029074062695,64196.1709259373,0.0,86.4,56.73664319629601,43.26335680370397,175,4545,1.0,0.5530850273160389,175.0,3507.3937761574966,3.783046265036491,0.0018459343386628617,0.03783046265036491,1.8459343386628615e-05,3.7824428797530674,0.0018463205925586532,27.83046265036491,0,56.745693975547375,43.25430602445263,4.845,15.129999999999999,None,8.444444444444445
12412,55150.565913080914,64196.6340869191,0.0,86.4,56.73664319629601,43.26335680370397,175,4567,1.0,0.5530850273160389,175.0,3519.5616467584537,3.783046265036491,0.0018459343386628617,0.03783046265036491,1.8459343386628615e-05,3.7824428797530674,0.0018463205925586532,27.83046265036491,0,56.745693975547375,43.25430602445263,4.845,15.129999999999999,None,3.772727272727273
12472,55149.438995946315,64197.76100405369,0.0,86.4,56.73664319629601,43.26335680370397,175,4614,1.0,0.5530850273160389,175.0,3545.5566430423164,3.783046265036491,0.0018459343386628617,0.03783046265036491,1.8459343386628615e-05,3.7824428797530674,0.0018463205925586532,27.83046265036491,0,56.745693975547375,43.25430602445263,4.845,15.129999999999999,None,1.2765957446808511
12533,55147.05618565842,64200.14381434159,0.0,86.4,56.73664319629601,43.26335680370397,175,4654,1.0,0.5530850273160389,175.0,3567.6800441349656,3.783046265036491,0.0018459343386628617,0.03783046265036491,1.8459343386628615e-05,3.7824428797530674,0.0018463205925586532,27.83046265036491,0,56.745693975547375,43.25430602445263,4.845,15.129999999999999,None,1.525
12593,55145.054334351655,64202.14566564835,0.0,86.4,56.73664319629601,43.26335680370397,175,4670,1.0,0.5530850273160389,175.0,3576.529404572025,3.783046265036491,0.0018459343386628617,0.03783046265036491,1.8459343386628615e-05,3.7824428797530674,0.0018463205925586532,27.83046265036491,0,56.745693975547375,43.25430602445263,4.845,15.129999999999999,None,3.75
12653,55144.26020477147,64202.939795228536,0.0,86.4,56.73664319629601,43.26335680370397,175,4716,1.0,0.5530850273160389,175.0,3601.9713158285717,3.783046265036491,0.0018459343386628617,0.03783046265036491,1.8459343386628615e-05,3.7824428797530674,0.0018463205925586532,27.83046265036491,0,56.745693975547375,43.25430602445263,4.845,15.129999999999999,None,1.3043478260869565
12713,55141.99781078814,64205.202189211865,0.0,86.4,56.73664319629601,43.26335680370397,176,4755,1.0,0.5530850273160389,175.0,3623.5416318939047,3.783046265036491,0.0018459343386628617,0.03783046265036491,1.8459343386628615e-05,3.7824428797530674,0.0018463205925586532,27.83046265036491,0,56.745693975547375,43.25430602445263,4.845,15.129999999999999,60.0,1.5384615384615385
12774,55140.103433506985,64207.096566493026,0.0,86.4,56.73664319629601,43.26335680370397,176,4801,1.0,0.5530850273160389,175.0,3648.983543150451,3.783046265036491,0.0018459343386628617,0.03783046265036491,1.8459343386628615e-05,3.7824428797530674,0.0018463205925586532,27.83046265036491,0,56.745693975547375,43.25430602445263,4.845,15.129999999999999,None,1.326086956521739
12873,55137.89650952855,64209.30349047146,0.0,86.4,56.73664319629601,43.26335680370397,176,4828,1.0,0.5530850273160389,175.0,3663.9168388879893,3.783046265036491,0.0018459343386628617,0.03783046265036491,1.8459343386628615e-05,3.7824428797530674,0.0018463205925586532,27.83046265036491,0,56.745693975547375,43.25430602445263,4.845,15.129999999999999,None,3.6666666666666665
12934,55136.614764941056,64210.58523505895,0.0,86.4,56.73664319629601,43.26335680370397,176,4848,1.0,0.5530850273160389,175.0,3674.4254544069977,3.783046265036491,0.0018459343386628617,0.03783046265036491,1.8459343386628615e-05,3.7824428797530674,0.0018463205925586532,27.83046265036491,0,56.745693975547375,43.25430602445263,4.845,15.129999999999999,None,3.05
12994,55135.71875788488,64211.48124211513,0.0,86.4,56.73664319629601,43.26335680370397,176,4898,1.0,0.5530850273160389,175.0,3702.079705772809,3.783046265036491,0.0018459343386628617,0.03783046265036491,1.8459343386628615e-05,3.7824428797530674,0.0018463205925586532,27.83046265036491,0,56.745693975547375,43.25430602445263,4.845,15.129999999999999,None,1.2
13000,55133.384053988935,64213.81594601107,0.0,86.4,56.73664319629601,43.26335680370397,176,4902,1.0,0.5530850273160389,175.0,3704.292045882074,3.783046265036491,0.0018459343386628617,0.03783046265036491,1.8459343386628615e-05,3.7824428797530674,0.0018463205925586532,27.83046265036491,0,56.745693975547375,43.25430602445263,4.845,15.129999999999999,None,1.5
