timestamp,height,period_start,blocks_in_period,signaling,signal_pct,above_threshold,fork_count,peer_count,ext_api_signal_pct
2026-08-08T02:46:29.829973+00:00,961518,959616,1903,,,,48,34,
2026-08-08T02:49:30.919479+00:00,961518,959616,1903,,,,48,33,
2026-08-08T02:52:31.735622+00:00,961518,959616,1903,,,,48,32,
2026-08-08T02:55:33.509565+00:00,961518,959616,1903,,,,48,32,
2026-08-08T02:58:34.643725+00:00,961518,959616,1903,,,,48,32,
2026-08-08T03:01:35.499540+00:00,961519,959616,1904,,,,48,34,
2026-08-08T03:04:36.311529+00:00,961520,959616,1905,,,,48,34,
2026-08-08T03:07:37.255498+00:00,961521,959616,1906,,,,48,35,
2026-08-08T03:10:38.923158+00:00,961521,959616,1906,,,,48,34,
2026-08-08T03:11:30.576038+00:00,961521,959616,1906,,,,0,33,
2026-08-08T03:14:31.411593+00:00,961521,959616,1906,,,,0,33,
2026-08-08T03:17:32.301220+00:00,961521,959616,1906,,,,0,33,
2026-08-08T03:20:33.211927+00:00,961522,959616,1907,,,,0,33,
2026-08-08T03:23:34.079624+00:00,961522,959616,1907,,,,0,31,
2026-08-08T03:26:34.927602+00:00,961523,959616,1908,,,,0,33,
2026-08-08T03:29:37.107708+00:00,961523,959616,1908,,,,0,35,
2026-08-08T03:32:38.023604+00:00,961523,959616,1908,,,,0,31,
2026-08-08T03:35:38.983635+00:00,961523,959616,1908,,,,0,31,
2026-08-08T03:38:39.954457+00:00,961524,959616,1909,,,,0,31,
2026-08-08T03:41:40.871623+00:00,961525,959616,1910,,,,0,32,
2026-08-08T03:44:42.225156+00:00,961526,959616,1911,,,,0,32,
2026-08-08T03:47:53.191202+00:00,961526,959616,1911,,,,0,32,
2026-08-08T03:50:54.020187+00:00,961526,959616,1911,,,,0,32,
2026-08-08T03:53:54.913643+00:00,961526,959616,1911,,,,0,33,
2026-08-08T03:56:55.919531+00:00,961526,959616,1911,,,,0,33,
2026-08-08T03:59:56.867575+00:00,961526,959616,1911,,,,0,33,
2026-08-08T04:02:57.819714+00:00,961526,959616,1911,,,,0,32,
2026-08-08T04:05:58.939548+00:00,961527,959616,1912,,,,0,34,
2026-08-08T04:08:59.991606+00:00,961527,959616,1912,,,,0,32,
2026-08-08T04:12:00.835610+00:00,961528,959616,1913,,,,0,31,
2026-08-08T04:15:01.863596+00:00,961528,959616,1913,,,,0,31,
2026-08-08T04:18:02.819532+00:00,961528,959616,1913,,,,0,30,
2026-08-08T04:21:03.838074+00:00,961530,959616,1915,,,,0,30,
2026-08-08T04:24:04.595614+00:00,961530,959616,1915,,,,0,31,
2026-08-08T04:27:05.304952+00:00,961532,959616,1917,,,,0,32,
2026-08-08T04:30:06.243572+00:00,961532,959616,1917,,,,0,31,
2026-08-08T04:33:07.299616+00:00,961532,959616,1917,,,,0,32,
2026-08-08T04:36:08.671558+00:00,961532,959616,1917,,,,0,33,
2026-08-08T04:39:09.667953+00:00,961532,959616,1917,,,,0,34,
2026-08-08T04:42:10.655506+00:00,961533,959616,1918,,,,0,33,
2026-08-08T04:45:12.719711+00:00,961534,959616,1919,,,,0,33,
2026-08-08T04:48:13.563615+00:00,961534,959616,1919,,,,0,33,
2026-08-08T04:51:14.579590+00:00,961534,959616,1919,,,,0,31,
2026-08-08T04:54:15.503521+00:00,961534,959616,1919,,,,0,31,
2026-08-08T04:57:16.491625+00:00,961535,959616,1920,,,,0,33,
2026-08-08T05:00:17.369902+00:00,961535,959616,1920,,,,0,32,
2026-08-08T05:03:18.357895+00:00,961535,959616,1920,,,,0,33,
2026-08-08T05:06:19.232237+00:00,961535,959616,1920,,,,0,32,
2026-08-08T05:09:20.263765+00:00,961536,959616,1921,,,,0,31,
2026-08-08T05:12:21.037201+00:00,961536,959616,1921,,,,0,30,
2026-08-08T05:15:21.865825+00:00,961536,959616,1921,,,,0,31,
2026-08-08T05:18:22.667710+00:00,961536,959616,1921,,,,0,30,
2026-08-08T05:21:23.403547+00:00,961536,959616,1921,,,,0,30,
2026-08-08T05:24:39.207748+00:00,961537,959616,1922,,,,0,30,
2026-08-08T05:27:40.143609+00:00,961537,959616,1922,,,,0,30,
2026-08-08T05:30:40.975562+00:00,961537,959616,1922,,,,0,30,
2026-08-08T05:33:41.879535+00:00,961537,959616,1922,,,,0,30,
2026-08-08T05:36:42.856858+00:00,961537,959616,1922,,,,0,31,
2026-08-08T05:39:43.791587+00:00,961537,959616,1922,,,,0,31,
2026-08-08T05:42:44.752493+00:00,961537,959616,1922,,,,0,33,
2026-08-08T05:45:45.678953+00:00,961537,959616,1922,,,,0,31,
2026-08-08T05:48:46.558097+00:00,961537,959616,1922,,,,0,30,
2026-08-08T05:51:47.502407+00:00,961537,959616,1922,,,,0,30,
2026-08-08T05:54:48.409891+00:00,961538,959616,1923,,,,0,30,
2026-08-08T05:57:49.327511+00:00,961538,959616,1923,,,,0,30,
2026-08-08T06:00:50.207764+00:00,961538,959616,1923,,,,0,30,
2026-08-08T06:03:51.105369+00:00,961538,959616,1923,,,,0,31,
2026-08-08T06:06:51.935915+00:00,961538,959616,1923,,,,0,30,
2026-08-08T06:09:52.887613+00:00,961538,959616,1923,,,,0,29,
2026-08-08T06:12:53.836969+00:00,961538,959616,1923,,,,0,30,
2026-08-08T06:15:54.790384+00:00,961538,959616,1923,,,,0,30,
2026-08-08T06:18:55.735070+00:00,961539,959616,1924,,,,0,31,
2026-08-08T06:21:56.772424+00:00,961539,959616,1924,,,,0,31,
2026-08-08T06:24:57.715992+00:00,961539,959616,1924,,,,0,31,
2026-08-08T06:27:58.759614+00:00,961539,959616,1924,,,,0,32,
2026-08-08T06:30:59.647688+00:00,961540,959616,1925,,,,0,32,
2026-08-08T06:34:00.647579+00:00,961541,959616,1926,,,,0,34,
2026-08-08T06:37:01.583514+00:00,961541,959616,1926,,,,0,34,
2026-08-08T06:40:02.435596+00:00,961541,959616,1926,,,,0,33,
2026-08-08T06:43:03.288269+00:00,961541,959616,1926,,,,0,34,
2026-08-08T06:46:04.315602+00:00,961541,959616,1926,,,,0,37,
2026-08-08T06:49:05.192679+00:00,961542,959616,1927,,,,0,37,
2026-08-08T06:52:06.087590+00:00,961542,959616,1927,,,,0,35,
2026-08-08T06:55:06.918448+00:00,961542,959616,1927,,,,0,34,
2026-08-08T06:58:07.763737+00:00,961542,959616,1927,,,,0,34,
2026-08-08T07:01:08.608294+00:00,961542,959616,1927,,,,0,34,
2026-08-08T07:04:09.547071+00:00,961542,959616,1927,,,,0,34,
2026-08-08T07:07:10.387609+00:00,961542,959616,1927,,,,0,33,
2026-08-08T07:10:11.241901+00:00,961543,959616,1928,,,,0,32,
2026-08-08T07:13:12.059569+00:00,961543,959616,1928,,,,0,31,
2026-08-08T07:16:12.927700+00:00,961543,959616,1928,,,,0,31,
2026-08-08T07:19:13.726198+00:00,961543,959616,1928,,,,0,33,
2026-08-08T07:22:14.627755+00:00,961543,959616,1928,,,,0,33,
2026-08-08T07:25:15.527603+00:00,961543,959616,1928,,,,0,33,
2026-08-08T07:28:16.447944+00:00,961543,959616,1928,,,,0,34,
2026-08-08T07:31:17.405261+00:00,961544,959616,1929,,,,0,33,
2026-08-08T07:34:18.299563+00:00,961544,959616,1929,,,,0,33,
2026-08-08T07:37:19.294288+00:00,961546,959616,1931,,,,0,32,
2026-08-08T07:40:20.338793+00:00,961546,959616,1931,,,,0,32,
2026-08-08T07:43:21.262812+00:00,961546,959616,1931,,,,0,33,
2026-08-08T07:46:22.183630+00:00,961546,959616,1931,,,,0,34,
2026-08-08T07:49:23.158353+00:00,961546,959616,1931,,,,0,34,
2026-08-08T07:52:24.020306+00:00,961546,959616,1931,,,,0,33,
2026-08-08T07:55:24.939622+00:00,961546,959616,1931,,,,0,35,
2026-08-08T07:58:25.944448+00:00,961547,959616,1932,,,,0,33,
2026-08-08T08:01:26.814280+00:00,961547,959616,1932,,,,0,33,
2026-08-08T08:04:27.758553+00:00,961547,959616,1932,,,,0,33,
2026-08-08T08:07:28.703694+00:00,961547,959616,1932,,,,0,33,
2026-08-08T08:10:29.695721+00:00,961548,959616,1933,,,,0,31,
2026-08-08T08:13:30.841185+00:00,961548,959616,1933,,,,0,31,
2026-08-08T08:16:31.827608+00:00,961548,959616,1933,,,,0,32,
2026-08-08T08:19:32.712686+00:00,961548,959616,1933,,,,0,31,
2026-08-08T08:22:33.631610+00:00,961549,959616,1934,,,,0,31,
2026-08-08T08:25:37.443589+00:00,961549,959616,1934,,,,0,32,
2026-08-08T08:28:38.307582+00:00,961550,959616,1935,,,,0,32,
2026-08-08T08:31:39.173806+00:00,961552,959616,1937,,,,0,32,
2026-08-08T08:34:40.091374+00:00,961554,959616,1939,,,,0,32,
2026-08-08T08:37:40.939609+00:00,961554,959616,1939,,,,0,32,
2026-08-08T08:40:41.779713+00:00,961554,959616,1939,,,,0,32,
2026-08-08T08:43:42.575638+00:00,961554,959616,1939,,,,0,33,
2026-08-08T08:46:43.515643+00:00,961554,959616,1939,,,,0,33,
2026-08-08T08:49:44.445933+00:00,961554,959616,1939,,,,0,32,
2026-08-08T08:52:45.659705+00:00,961554,959616,1939,,,,0,33,
2026-08-08T08:55:46.523549+00:00,961554,959616,1939,,,,0,34,
2026-08-08T08:58:47.481098+00:00,961555,959616,1940,,,,0,32,
2026-08-08T09:01:48.327595+00:00,961555,959616,1940,,,,0,34,
2026-08-08T09:04:49.356036+00:00,961555,959616,1940,,,,0,33,
2026-08-08T09:07:50.312105+00:00,961555,959616,1940,,,,0,34,
2026-08-08T09:10:51.247581+00:00,961556,959616,1941,,,,0,34,
2026-08-08T09:13:52.203632+00:00,961556,959616,1941,,,,0,34,
2026-08-08T09:16:53.211556+00:00,961556,959616,1941,,,,0,34,
2026-08-08T09:19:54.174259+00:00,961558,959616,1943,,,,0,36,
2026-08-08T09:22:55.087689+00:00,961559,959616,1944,,,,0,35,
2026-08-08T09:25:56.051613+00:00,961559,959616,1944,,,,0,37,
2026-08-08T09:28:57.195533+00:00,961559,959616,1944,,,,0,37,
2026-08-08T09:31:58.185273+00:00,961559,959616,1944,,,,0,37,
2026-08-08T09:34:59.294430+00:00,961560,959616,1945,,,,0,36,
2026-08-08T09:38:00.159622+00:00,961560,959616,1945,,,,0,35,
2026-08-08T09:41:01.171490+00:00,961560,959616,1945,,,,0,35,
2026-08-08T09:44:01.991542+00:00,961562,959616,1947,,,,0,36,
2026-08-08T09:47:03.191531+00:00,961563,959616,1948,,,,0,35,
2026-08-08T09:50:04.168243+00:00,961565,959616,1950,,,,0,36,
2026-08-08T09:53:05.139623+00:00,961565,959616,1950,,,,0,36,
2026-08-08T09:56:06.057993+00:00,961565,959616,1950,,,,0,35,
2026-08-08T09:59:07.032432+00:00,961565,959616,1950,,,,0,35,
2026-08-08T10:02:07.902974+00:00,961565,959616,1950,,,,0,35,
2026-08-08T10:05:08.914971+00:00,961565,959616,1950,,,,0,34,
2026-08-08T10:08:10.057155+00:00,961565,959616,1950,,,,0,33,
2026-08-08T10:11:10.995670+00:00,961565,959616,1950,,,,0,33,
2026-08-08T10:14:11.939603+00:00,961566,959616,1951,,,,0,36,
2026-08-08T10:17:12.763754+00:00,961566,959616,1951,,,,0,33,
2026-08-08T10:20:13.719592+00:00,961566,959616,1951,,,,0,33,
2026-08-08T10:23:14.651497+00:00,961566,959616,1951,,,,0,32,
2026-08-08T10:26:15.538836+00:00,961566,959616,1951,,,,0,32,
2026-08-08T10:29:16.403626+00:00,961566,959616,1951,,,,0,33,
2026-08-08T10:32:17.287594+00:00,961566,959616,1951,,,,0,32,
2026-08-08T10:35:18.219502+00:00,961566,959616,1951,,,,0,32,
2026-08-08T10:38:19.051570+00:00,961566,959616,1951,,,,0,35,
2026-08-08T10:41:19.947677+00:00,961566,959616,1951,,,,0,32,
2026-08-08T10:44:20.819546+00:00,961567,959616,1952,,,,0,34,
2026-08-08T10:47:21.771519+00:00,961567,959616,1952,,,,0,34,
2026-08-08T10:50:22.711610+00:00,961567,959616,1952,,,,0,35,
2026-08-08T10:53:23.647605+00:00,961567,959616,1952,,,,0,34,
2026-08-08T10:56:24.487515+00:00,961569,959616,1954,,,,0,32,
2026-08-08T10:59:25.435500+00:00,961569,959616,1954,,,,0,32,
2026-08-08T11:02:42.351572+00:00,961569,959616,1954,,,,0,33,
2026-08-08T11:05:43.294336+00:00,961569,959616,1954,,,,0,34,
2026-08-08T11:08:44.135494+00:00,961569,959616,1954,,,,0,34,
2026-08-08T11:11:45.095592+00:00,961570,959616,1955,,,,0,34,
2026-08-08T11:14:46.123641+00:00,961570,959616,1955,,,,0,33,
2026-08-08T11:17:47.295525+00:00,961570,959616,1955,,,,0,33,
2026-08-08T11:20:48.103650+00:00,961571,959616,1956,,,,0,31,
2026-08-08T11:23:49.155520+00:00,961571,959616,1956,,,,0,30,
2026-08-08T11:26:49.999571+00:00,961571,959616,1956,,,,0,32,
2026-08-08T11:29:51.036474+00:00,961571,959616,1956,,,,0,31,
2026-08-08T11:32:51.871597+00:00,961572,959616,1957,,,,0,31,
2026-08-08T11:35:52.823495+00:00,961573,959616,1958,,,,0,31,
2026-08-08T11:38:53.680770+00:00,961574,959616,1959,,,,0,31,
2026-08-08T11:41:54.588469+00:00,961575,959616,1960,,,,0,30,
2026-08-08T11:44:55.538885+00:00,961576,959616,1961,,,,0,30,
2026-08-08T11:47:56.467613+00:00,961576,959616,1961,,,,0,30,
2026-08-08T11:50:57.627571+00:00,961576,959616,1961,,,,0,30,
2026-08-08T11:53:58.561270+00:00,961576,959616,1961,,,,0,30,
2026-08-08T11:56:59.467560+00:00,961576,959616,1961,,,,0,31,
2026-08-08T12:00:00.443601+00:00,961577,959616,1962,,,,0,31,
2026-08-08T12:03:01.275508+00:00,961577,959616,1962,,,,0,31,
2026-08-08T12:06:02.643571+00:00,961577,959616,1962,,,,0,31,
2026-08-08T12:09:03.579549+00:00,961578,959616,1963,,,,0,32,
2026-08-08T12:12:05.033499+00:00,961579,959616,1964,,,,0,31,
2026-08-08T12:15:05.971551+00:00,961579,959616,1964,,,,0,31,
2026-08-08T12:18:07.027507+00:00,961579,959616,1964,,,,0,32,
2026-08-08T12:21:07.959598+00:00,961580,959616,1965,,,,0,30,
2026-08-08T12:24:08.891511+00:00,961580,959616,1965,,,,0,31,
2026-08-08T12:27:09.703503+00:00,961581,959616,1966,,,,0,34,
2026-08-08T12:30:10.675531+00:00,961581,959616,1966,,,,0,31,
2026-08-08T12:33:11.523518+00:00,961581,959616,1966,,,,0,32,
2026-08-08T12:36:12.384526+00:00,961581,959616,1966,,,,0,32,
2026-08-08T12:39:13.291597+00:00,961582,959616,1967,,,,0,31,
2026-08-08T12:42:14.235615+00:00,961582,959616,1967,,,,0,31,
2026-08-08T12:45:15.187903+00:00,961582,959616,1967,,,,0,32,
2026-08-08T12:48:16.023598+00:00,961582,959616,1967,,,,0,33,
2026-08-08T12:51:16.871550+00:00,961583,959616,1968,,,,0,32,
2026-08-08T12:54:17.683518+00:00,961584,959616,1969,,,,0,30,
2026-08-08T12:57:18.503591+00:00,961584,959616,1969,,,,0,31,
2026-08-08T13:00:19.347579+00:00,961585,959616,1970,,,,0,32,
2026-08-08T13:03:21.143496+00:00,961586,959616,1971,,,,0,31,
2026-08-08T13:06:22.630478+00:00,961586,959616,1971,,,,0,31,
2026-08-08T13:09:23.483536+00:00,961587,959616,1972,,,,0,30,
2026-08-08T13:12:24.515594+00:00,961588,959616,1973,,,,0,30,
2026-08-08T13:15:25.415587+00:00,961588,959616,1973,,,,0,30,
2026-08-08T13:18:26.364826+00:00,961588,959616,1973,,,,0,31,
2026-08-08T13:21:27.359537+00:00,961588,959616,1973,,,,0,30,
2026-08-08T13:24:28.539516+00:00,961588,959616,1973,,,,0,30,
2026-08-08T13:27:29.587487+00:00,961588,959616,1973,,,,0,30,
2026-08-08T13:30:30.631558+00:00,961590,959616,1975,,,,0,31,
2026-08-08T13:33:31.551598+00:00,961590,959616,1975,,,,0,32,
2026-08-08T13:36:33.119536+00:00,961590,959616,1975,,,,0,32,
2026-08-08T13:39:34.071581+00:00,961590,959616,1975,,,,0,31,
2026-08-08T13:42:35.220996+00:00,961590,959616,1975,,,,0,31,
2026-08-08T13:45:36.155664+00:00,961590,959616,1975,,,,0,31,
2026-08-08T13:48:37.107509+00:00,961591,959616,1976,,,,0,31,
2026-08-08T13:51:37.940392+00:00,961591,959616,1976,,,,0,31,
2026-08-08T13:54:39.431595+00:00,961591,959616,1976,,,,0,30,
2026-08-08T13:57:40.239532+00:00,961591,959616,1976,,,,0,30,
2026-08-08T14:00:41.235689+00:00,961591,959616,1976,,,,0,33,
2026-08-08T14:03:42.119572+00:00,961591,959616,1976,,,,0,32,
2026-08-08T14:06:43.040181+00:00,961592,959616,1977,,,,0,32,
2026-08-08T14:09:43.875551+00:00,961593,959616,1978,,,,0,32,
2026-08-08T14:12:45.035604+00:00,961593,959616,1978,,,,0,34,
2026-08-08T14:15:45.891499+00:00,961593,959616,1978,,,,0,33,
2026-08-08T14:18:48.264216+00:00,961593,959616,1978,,,,0,32,
2026-08-08T14:21:50.219513+00:00,961593,959616,1978,,,,0,32,
2026-08-08T14:24:51.166317+00:00,961594,959616,1979,,,,0,34,
2026-08-08T14:27:53.587560+00:00,961595,959616,1980,,,,0,31,
2026-08-08T14:30:54.387614+00:00,961595,959616,1980,,,,0,31,
2026-08-08T14:33:59.623599+00:00,961595,959616,1980,,,,0,31,
2026-08-08T14:37:00.455592+00:00,961595,959616,1980,,,,0,33,
2026-08-08T14:40:01.287577+00:00,961595,959616,1980,,,,0,32,
2026-08-08T14:43:02.138766+00:00,961595,959616,1980,,,,0,31,
2026-08-08T14:46:02.971564+00:00,961595,959616,1980,,,,0,30,
2026-08-08T14:49:03.823713+00:00,961595,959616,1980,,,,0,31,
2026-08-08T14:52:04.667806+00:00,961595,959616,1980,,,,0,31,
2026-08-08T14:55:05.487593+00:00,961595,959616,1980,,,,0,31,
2026-08-08T14:58:06.567692+00:00,961596,959616,1981,,,,0,30,
2026-08-08T15:01:07.694452+00:00,961598,959616,1983,,,,0,32,
2026-08-08T15:04:08.431572+00:00,961598,959616,1983,,,,0,31,
2026-08-08T15:07:09.171246+00:00,961598,959616,1983,,,,0,31,
2026-08-08T15:10:09.955573+00:00,961598,959616,1983,,,,0,32,
2026-08-08T15:13:10.747566+00:00,961598,959616,1983,,,,0,33,
2026-08-08T15:16:11.489080+00:00,961598,959616,1983,,,,0,33,
2026-08-08T15:19:12.343575+00:00,961598,959616,1983,,,,0,33,
2026-08-08T15:22:13.155669+00:00,961598,959616,1983,,,,0,33,
2026-08-08T15:25:13.937363+00:00,961598,959616,1983,,,,0,35,
2026-08-08T15:28:14.919540+00:00,961598,959616,1983,,,,0,36,
2026-08-08T15:31:15.781399+00:00,961599,959616,1984,,,,0,35,
2026-08-08T15:34:16.576360+00:00,961599,959616,1984,,,,0,35,
2026-08-08T15:37:17.515563+00:00,961599,959616,1984,,,,0,35,
2026-08-08T15:38:56.668223+00:00,961599,959616,1984,,,,0,36,2.57
2026-08-08T15:41:57.619503+00:00,961599,959616,1984,,,,0,35,2.57
2026-08-08T15:44:58.467571+00:00,961599,959616,1984,,,,0,35,2.57
2026-08-08T15:47:59.449702+00:00,961599,959616,1984,,,,0,34,2.57
2026-08-08T15:51:00.506410+00:00,961599,959616,1984,,,,0,34,2.57
2026-08-08T15:54:01.375551+00:00,961599,959616,1984,,,,0,33,2.57
2026-08-08T15:57:02.259510+00:00,961599,959616,1984,,,,0,33,2.57
2026-08-08T16:00:03.126463+00:00,961600,959616,1985,,,,0,33,2.57
2026-08-08T16:03:03.960191+00:00,961600,959616,1985,,,,0,32,2.57
2026-08-08T16:06:04.947511+00:00,961600,959616,1985,,,,0,33,2.57
2026-08-08T16:09:05.875509+00:00,961601,959616,1986,,,,0,34,2.57
2026-08-08T16:12:08.721645+00:00,961601,959616,1986,,,,0,35,2.57
2026-08-08T16:15:10.755042+00:00,961601,959616,1986,,,,0,35,2.57
2026-08-08T16:18:11.623484+00:00,961601,959616,1986,,,,0,34,2.57
2026-08-08T16:21:12.461604+00:00,961601,959616,1986,,,,0,35,2.57
2026-08-08T16:24:13.355590+00:00,961603,959616,1988,,,,0,34,2.57
2026-08-08T16:27:14.179651+00:00,961603,959616,1988,,,,0,33,2.57
2026-08-08T16:30:14.887592+00:00,961603,959616,1988,,,,0,33,2.57
2026-08-08T16:33:15.775503+00:00,961603,959616,1988,,,,0,34,2.57
2026-08-08T16:36:16.643520+00:00,961603,959616,1988,,,,0,34,2.57
2026-08-08T16:39:17.551764+00:00,961603,959616,1988,,,,0,34,2.57
2026-08-08T16:42:24.263542+00:00,961604,959616,1989,,,,0,35,2.57
2026-08-08T16:45:25.183510+00:00,961605,959616,1990,,,,0,33,2.57
2026-08-08T16:48:25.835588+00:00,961605,959616,1990,,,,0,32,2.56
2026-08-08T16:51:26.943613+00:00,961605,959616,1990,,,,0,32,2.56
2026-08-08T16:54:27.703689+00:00,961605,959616,1990,,,,0,31,2.56
2026-08-08T16:57:28.483484+00:00,961606,959616,1991,,,,0,32,2.56
2026-08-08T17:00:29.508673+00:00,961607,959616,1992,,,,0,35,2.56
2026-08-08T17:03:30.439646+00:00,961607,959616,1992,,,,0,33,2.56
2026-08-08T17:06:31.539721+00:00,961608,959616,1993,,,,0,32,2.56
2026-08-08T17:09:32.403584+00:00,961608,959616,1993,,,,0,35,2.56
2026-08-08T17:12:33.347739+00:00,961608,959616,1993,,,,0,33,2.56
2026-08-08T17:15:34.283628+00:00,961608,959616,1993,,,,0,34,2.56
2026-08-08T17:18:35.103730+00:00,961610,959616,1995,,,,0,33,2.56
2026-08-08T17:21:36.484867+00:00,961611,959616,1996,,,,0,34,2.56
2026-08-08T17:24:37.349471+00:00,961613,959616,1998,,,,0,33,2.56
2026-08-08T17:27:38.654046+00:00,961613,959616,1998,,,,0,33,2.55
2026-08-08T17:30:39.703586+00:00,961614,959616,1999,,,,0,33,2.55
2026-08-08T17:33:40.735598+00:00,961614,959616,1999,,,,0,32,2.55
2026-08-08T17:36:41.551723+00:00,961615,959616,2000,,,,0,32,2.55
2026-08-08T17:39:42.520792+00:00,961615,959616,2000,,,,0,31,2.55
2026-08-08T17:42:43.472725+00:00,961615,959616,2000,,,,0,31,2.55
2026-08-08T17:45:44.363609+00:00,961616,959616,2001,,,,0,32,2.55
2026-08-08T17:48:45.367560+00:00,961616,959616,2001,,,,0,33,2.55
2026-08-08T17:52:00.342355+00:00,961617,959616,2002,,,,0,31,2.55
2026-08-08T17:55:01.555708+00:00,961617,959616,2002,,,,0,31,2.55
2026-08-08T17:58:02.519520+00:00,961617,959616,2002,,,,0,31,2.55
2026-08-08T18:01:03.455588+00:00,961617,959616,2002,,,,0,32,2.55
2026-08-08T18:04:04.715723+00:00,961617,959616,2002,,,,0,33,2.55
2026-08-08T18:07:05.531638+00:00,961617,959616,2002,,,,0,35,2.55
2026-08-08T18:10:06.408415+00:00,961618,959616,2003,,,,0,33,2.55
2026-08-08T18:13:07.287257+00:00,961618,959616,2003,,,,0,34,2.55
2026-08-08T18:16:08.222208+00:00,961618,959616,2003,,,,0,33,2.55
2026-08-08T18:19:09.283556+00:00,961618,959616,2003,,,,0,33,2.55
2026-08-08T18:22:10.187613+00:00,961619,959616,2004,,,,0,34,2.54
2026-08-08T18:25:11.015713+00:00,961619,959616,2004,,,,0,34,2.54
2026-08-08T18:28:11.964827+00:00,961620,959616,2005,,,,0,36,2.54
2026-08-08T18:31:12.811602+00:00,961620,959616,2005,,,,0,35,2.54
2026-08-08T18:34:14.127540+00:00,961620,959616,2005,,,,0,35,2.54
2026-08-08T18:37:15.059583+00:00,961620,959616,2005,,,,0,35,2.54
2026-08-08T18:40:16.007635+00:00,961620,959616,2005,,,,0,34,2.54
2026-08-08T18:43:16.895607+00:00,961620,959616,2005,,,,0,34,2.54
2026-08-08T18:46:17.890851+00:00,961620,959616,2005,,,,0,36,2.54
2026-08-08T18:49:18.727584+00:00,961620,959616,2005,,,,0,36,2.54
2026-08-08T18:52:19.644803+00:00,961620,959616,2005,,,,0,35,2.54
2026-08-08T18:55:20.623605+00:00,961622,959616,2007,,,,0,36,2.54
2026-08-08T18:58:21.475606+00:00,961623,959616,2008,,,,0,35,2.54
2026-08-08T19:01:22.335717+00:00,961623,959616,2008,,,,0,36,2.54
2026-08-08T19:04:23.339507+00:00,961623,959616,2008,,,,0,36,2.54
2026-08-08T19:07:24.280746+00:00,961623,959616,2008,,,,0,34,2.54
2026-08-08T19:10:25.215525+00:00,961623,959616,2008,,,,0,35,2.54
2026-08-08T19:13:26.031619+00:00,961623,959616,2008,,,,0,35,2.54
2026-08-08T19:16:26.913560+00:00,961625,959616,2010,,,,0,36,2.54
2026-08-08T19:19:27.835691+00:00,961627,959616,2012,,,,0,36,2.54
2026-08-08T19:22:28.843590+00:00,961627,959616,2012,,,,0,35,2.53
2026-08-08T19:25:29.819618+00:00,961627,959616,2012,,,,0,35,2.53
2026-08-08T19:28:30.767512+00:00,961628,959616,2013,,,,0,35,2.53
2026-08-08T19:31:31.823614+00:00,961630,959616,2015,,,,0,35,2.53
2026-08-08T19:34:32.759588+00:00,961631,959616,2016,,,,0,38,2.53
2026-08-08T19:37:33.643630+00:00,961632,961632,1,,,,0,37,2.53
2026-08-08T19:40:34.555595+00:00,961632,961632,1,,,,0,36,0
2026-08-08T19:43:35.566580+00:00,961632,961632,1,,,,0,36,0
2026-08-08T19:46:36.765504+00:00,961632,961632,1,,,,0,36,0
2026-08-08T19:49:37.671529+00:00,961632,961632,1,,,,0,36,0
2026-08-08T19:52:38.572835+00:00,961632,961632,1,,,,0,36,0
2026-08-08T19:55:39.551712+00:00,961632,961632,1,,,,0,36,0
2026-08-08T19:58:40.435700+00:00,961632,961632,1,,,,0,36,0
2026-08-08T20:01:41.319590+00:00,961632,961632,1,,,,0,37,0
2026-08-08T20:04:42.251644+00:00,961632,961632,1,,,,0,36,0
2026-08-08T20:07:43.101451+00:00,961632,961632,1,,,,0,37,0
2026-08-08T20:10:44.033519+00:00,961632,961632,1,,,,0,36,0
2026-08-08T20:13:45.369805+00:00,961632,961632,1,,,,0,36,0
2026-08-08T20:16:46.246143+00:00,961632,961632,1,,,,0,36,0
2026-08-08T20:19:47.280798+00:00,961633,961632,2,,,,0,35,0
2026-08-08T20:22:48.171935+00:00,961633,961632,2,,,,0,35,0
2026-08-08T20:25:49.135531+00:00,961633,961632,2,,,,0,35,0
2026-08-08T20:28:53.366421+00:00,961633,961632,2,,,,0,36,0
2026-08-08T20:31:54.175585+00:00,961634,961632,3,,,,0,37,0
2026-08-08T20:34:55.467545+00:00,961634,961632,3,,,,0,36,0
2026-08-08T20:37:56.415597+00:00,961634,961632,3,,,,0,35,0
2026-08-08T20:40:57.338985+00:00,961634,961632,3,,,,0,36,0
2026-08-08T20:43:58.122901+00:00,961634,961632,3,,,,0,36,0
2026-08-08T20:46:59.030496+00:00,961634,961632,3,,,,0,35,0
2026-08-08T20:49:59.940108+00:00,961634,961632,3,,,,0,34,0
2026-08-08T20:53:00.803692+00:00,961634,961632,3,,,,0,34,0
2026-08-08T20:56:01.627154+00:00,961634,961632,3,,,,0,35,0
2026-08-08T20:59:02.539520+00:00,961634,961632,3,,,,0,35,0
2026-08-08T21:02:03.483723+00:00,961634,961632,3,,,,0,35,0
2026-08-08T21:05:04.358947+00:00,961635,961632,4,,,,0,35,0
2026-08-08T21:08:05.680931+00:00,961635,961632,4,,,,0,34,0
2026-08-08T21:11:06.551620+00:00,961635,961632,4,,,,0,34,0
2026-08-08T21:14:07.503577+00:00,961637,961632,6,,,,0,35,0
2026-08-08T21:17:08.359565+00:00,961637,961632,6,,,,0,34,0
2026-08-08T21:20:09.175518+00:00,961637,961632,6,,,,0,35,0
2026-08-08T21:23:10.123606+00:00,961637,961632,6,,,,0,35,0
2026-08-08T21:26:11.071903+00:00,961637,961632,6,,,,0,35,0
2026-08-08T21:29:12.007605+00:00,961637,961632,6,,,,0,35,0
2026-08-08T21:32:12.843596+00:00,961637,961632,6,,,,0,34,0
2026-08-08T21:35:13.799612+00:00,961637,961632,6,,,,0,34,0
2026-08-08T21:38:14.933048+00:00,961637,961632,6,,,,0,34,0
2026-08-08T21:41:15.871510+00:00,961637,961632,6,,,,0,34,0
2026-08-08T21:44:16.707376+00:00,961637,961632,6,,,,0,33,0
2026-08-08T21:47:17.655612+00:00,961638,961632,7,,,,0,33,0
2026-08-08T21:50:18.515609+00:00,961638,961632,7,,,,0,35,0
2026-08-08T21:53:19.431780+00:00,961638,961632,7,,,,0,36,0
2026-08-08T21:56:20.339516+00:00,961639,961632,8,,,,0,35,0
2026-08-08T21:59:22.000207+00:00,961640,961632,9,,,,0,36,0
2026-08-08T22:02:22.879664+00:00,961640,961632,9,,,,0,36,0
2026-08-08T22:05:25.456549+00:00,961640,961632,9,,,,0,36,0
2026-08-08T22:08:26.342698+00:00,961640,961632,9,,,,0,36,0
2026-08-08T22:11:27.703486+00:00,961640,961632,9,,,,0,36,0
2026-08-08T22:14:28.575628+00:00,961640,961632,9,,,,0,37,0
2026-08-08T22:17:29.536948+00:00,961641,961632,10,,,,0,38,0
2026-08-08T22:20:30.402282+00:00,961641,961632,10,,,,0,40,0
2026-08-08T22:23:31.299871+00:00,961641,961632,10,,,,0,38,0
2026-08-08T22:26:32.279703+00:00,961641,961632,10,,,,0,37,0
2026-08-08T22:29:33.199705+00:00,961642,961632,11,,,,0,37,0
2026-08-08T22:32:34.591592+00:00,961642,961632,11,,,,0,38,0
2026-08-08T22:35:35.791571+00:00,961642,961632,11,,,,0,39,0
2026-08-08T22:38:36.707528+00:00,961643,961632,12,,,,0,37,0
2026-08-08T22:41:37.925850+00:00,961643,961632,12,,,,0,37,0
2026-08-08T22:44:38.815483+00:00,961643,961632,12,,,,0,37,0
2026-08-08T22:47:39.639532+00:00,961643,961632,12,,,,0,39,0
2026-08-08T22:50:40.476006+00:00,961644,961632,13,,,,0,39,0
2026-08-08T22:53:41.263535+00:00,961645,961632,14,,,,0,37,0
2026-08-08T22:56:42.166801+00:00,961645,961632,14,,,,0,38,0
2026-08-08T22:59:43.104023+00:00,961646,961632,15,,,,0,38,0
2026-08-08T23:01:24.673902+00:00,961646,961632,15,,,,0,39,0
2026-08-08T23:04:26.975483+00:00,961647,961632,16,,,,0,40,0
2026-08-08T23:07:29.259490+00:00,961647,961632,16,,,,0,39,0
2026-08-08T23:10:31.703532+00:00,961647,961632,16,,,,0,38,0
2026-08-08T23:13:34.611680+00:00,961647,961632,16,,,,0,39,0
2026-08-08T23:16:37.743674+00:00,961647,961632,16,,,,0,38,0
2026-08-08T23:19:40.095515+00:00,961647,961632,16,,,,0,38,0
2026-08-08T23:22:42.724753+00:00,961647,961632,16,,,,0,38,0
2026-08-08T23:25:45.429019+00:00,961647,961632,16,,,,0,36,0
2026-08-08T23:28:47.775537+00:00,961648,961632,17,,,,0,34,0
2026-08-08T23:31:50.813976+00:00,961650,961632,19,,,,0,35,0
2026-08-08T23:34:54.303726+00:00,961650,961632,19,,,,0,35,0
2026-08-08T23:37:57.227515+00:00,961650,961632,19,,,,0,35,0
2026-08-08T23:40:59.583478+00:00,961650,961632,19,,,,0,35,0
2026-08-08T23:44:02.431489+00:00,961650,961632,19,,,,0,34,0
2026-08-08T23:47:05.028066+00:00,961651,961632,20,,,,0,34,0
2026-08-08T23:50:08.490972+00:00,961651,961632,20,,,,0,36,0
2026-08-08T23:53:10.803523+00:00,961651,961632,20,,,,0,34,0
2026-08-08T23:56:13.414851+00:00,961651,961632,20,,,,0,34,0
2026-08-08T23:59:15.602364+00:00,961651,961632,20,,,,0,34,0
2026-08-09T00:02:18.055515+00:00,961651,961632,20,,,,0,36,0
2026-08-09T00:05:20.896548+00:00,961651,961632,20,,,,0,38,0
2026-08-09T00:08:23.044259+00:00,961651,961632,20,,,,0,37,0
2026-08-09T00:11:25.401581+00:00,961651,961632,20,,,,0,37,0
2026-08-09T00:14:27.938307+00:00,961651,961632,20,,,,0,38,0
2026-08-09T00:17:30.368361+00:00,961652,961632,21,,,,0,38,0
2026-08-09T00:20:32.737052+00:00,961652,961632,21,,,,0,38,0
2026-08-09T00:23:35.223667+00:00,961652,961632,21,,,,0,37,0
2026-08-09T00:26:38.263644+00:00,961652,961632,21,,,,0,37,0
2026-08-09T00:29:40.887680+00:00,961652,961632,21,,,,0,37,0
2026-08-09T00:32:43.502421+00:00,961652,961632,21,,,,0,37,0
2026-08-09T00:35:46.011675+00:00,961652,961632,21,,,,0,37,0
2026-08-09T00:38:48.654709+00:00,961652,961632,21,,,,0,38,0
2026-08-09T00:41:51.232302+00:00,961652,961632,21,,,,0,38,0
2026-08-09T00:44:54.479182+00:00,961652,961632,21,,,,0,38,0
2026-08-09T00:47:56.974237+00:00,961652,961632,21,,,,0,39,0
2026-08-09T00:50:59.315959+00:00,961653,961632,22,,,,0,38,0
2026-08-09T00:54:01.679709+00:00,961653,961632,22,,,,0,37,0
2026-08-09T00:57:04.047563+00:00,961654,961632,23,,,,0,37,0
2026-08-09T01:00:06.498327+00:00,961654,961632,23,,,,0,39,0
2026-08-09T01:03:09.016833+00:00,961654,961632,23,,,,0,39,0
2026-08-09T01:06:11.417859+00:00,961654,961632,23,,,,0,39,0
2026-08-09T01:09:14.045532+00:00,961654,961632,23,,,,0,39,0
2026-08-09T01:12:16.503612+00:00,961654,961632,23,,,,0,40,0
2026-08-09T01:15:18.792849+00:00,961654,961632,23,,,,0,39,0
2026-08-09T01:18:21.102195+00:00,961654,961632,23,,,,0,38,0
2026-08-09T01:21:23.623633+00:00,961656,961632,25,,,,0,39,0
2026-08-09T01:24:26.053191+00:00,961657,961632,26,,,,0,38,0
2026-08-09T01:27:28.795574+00:00,961658,961632,27,,,,0,39,0
2026-08-09T01:30:31.099731+00:00,961658,961632,27,,,,0,39,0
2026-08-09T01:33:33.935637+00:00,961658,961632,27,,,,0,39,0
2026-08-09T01:36:36.455568+00:00,961658,961632,27,,,,0,39,0
2026-08-09T01:39:38.693487+00:00,961658,961632,27,,,,0,39,0
2026-08-09T01:42:42.155583+00:00,961659,961632,28,,,,0,38,0
2026-08-09T01:45:44.623588+00:00,961659,961632,28,,,,0,38,0
2026-08-09T01:48:47.327627+00:00,961659,961632,28,,,,0,35,0
2026-08-09T01:51:49.967622+00:00,961659,961632,28,,,,0,35,0
2026-08-09T01:54:52.435622+00:00,961659,961632,28,,,,0,35,0
2026-08-09T01:57:55.023586+00:00,961659,961632,28,,,,0,35,0
2026-08-09T02:00:58.851739+00:00,961659,961632,28,,,,0,35,0
2026-08-09T02:04:01.355633+00:00,961659,961632,28,,,,0,34,0
2026-08-09T02:07:04.071612+00:00,961659,961632,28,,,,0,34,0
2026-08-09T02:10:06.699614+00:00,961659,961632,28,,,,0,34,0
2026-08-09T02:13:09.151592+00:00,961659,961632,28,,,,0,36,0
2026-08-09T02:16:11.908407+00:00,961660,961632,29,,,,0,34,0
2026-08-09T02:19:14.429338+00:00,961660,961632,29,,,,0,34,0
2026-08-09T02:22:17.287631+00:00,961660,961632,29,,,,0,34,0
2026-08-09T02:25:19.767701+00:00,961660,961632,29,,,,0,34,0
2026-08-09T02:28:22.395561+00:00,961662,961632,31,,,,0,35,0
2026-08-09T02:31:24.991641+00:00,961662,961632,31,,,,0,36,0
2026-08-09T02:34:28.063664+00:00,961662,961632,31,,,,0,35,0
2026-08-09T02:37:30.641112+00:00,961662,961632,31,,,,0,36,0
2026-08-09T02:40:33.063619+00:00,961664,961632,33,,,,0,35,0
2026-08-09T02:43:35.800535+00:00,961664,961632,33,,,,0,36,0
2026-08-09T02:46:38.495695+00:00,961664,961632,33,,,,0,36,0
2026-08-09T02:49:41.075642+00:00,961664,961632,33,,,,0,35,0
2026-08-09T02:52:43.879525+00:00,961664,961632,33,,,,0,36,0
2026-08-09T02:55:46.439574+00:00,961664,961632,33,,,,0,35,0
2026-08-09T02:58:49.003579+00:00,961666,961632,35,,,,0,35,0
2026-08-09T03:01:51.435598+00:00,961666,961632,35,,,,0,33,0
2026-08-09T03:04:54.099574+00:00,961667,961632,36,,,,0,32,0
2026-08-09T03:07:56.767564+00:00,961667,961632,36,,,,0,33,0
2026-08-09T03:10:59.241549+00:00,961667,961632,36,,,,0,33,0
2026-08-09T03:14:02.087620+00:00,961667,961632,36,,,,0,32,0
2026-08-09T03:17:04.580377+00:00,961669,961632,38,,,,0,33,0
2026-08-09T03:20:07.291641+00:00,961670,961632,39,,,,0,33,0
2026-08-09T03:23:10.195627+00:00,961671,961632,40,,,,0,32,0
2026-08-09T03:26:13.191752+00:00,961671,961632,40,,,,0,33,0
2026-08-09T03:29:15.799652+00:00,961671,961632,40,,,,0,33,0
2026-08-09T03:32:18.235554+00:00,961672,961632,41,,,,0,33,0
2026-08-09T03:35:21.805065+00:00,961673,961632,42,,,,0,34,0
2026-08-09T03:38:24.123484+00:00,961673,961632,42,,,,0,34,0
2026-08-09T03:41:26.838115+00:00,961673,961632,42,,,,0,33,0
2026-08-09T03:44:29.335527+00:00,961673,961632,42,,,,0,33,0
2026-08-09T03:47:31.887632+00:00,961674,961632,43,,,,0,33,0
2026-08-09T03:50:34.415578+00:00,961674,961632,43,,,,0,33,0
2026-08-09T03:53:37.039592+00:00,961674,961632,43,,,,0,33,0
2026-08-09T03:56:39.765155+00:00,961674,961632,43,,,,0,33,0
2026-08-09T03:59:42.413512+00:00,961676,961632,45,,,,0,33,0
2026-08-09T04:02:44.979515+00:00,961676,961632,45,,,,0,32,0
2026-08-09T04:05:47.515496+00:00,961676,961632,45,,,,0,31,0
2026-08-09T04:08:49.836811+00:00,961676,961632,45,,,,0,31,0
2026-08-09T04:11:52.555641+00:00,961676,961632,45,,,,0,31,0
2026-08-09T04:14:55.343571+00:00,961676,961632,45,,,,0,32,0
2026-08-09T04:17:58.039509+00:00,961677,961632,46,,,,0,32,0
2026-08-09T04:21:00.739637+00:00,961678,961632,47,,,,0,33,0
2026-08-09T04:24:03.723635+00:00,961678,961632,47,,,,0,32,0
2026-08-09T04:27:07.392406+00:00,961678,961632,47,,,,0,33,0
2026-08-09T04:30:09.967561+00:00,961679,961632,48,,,,0,32,0
2026-08-09T04:33:12.599760+00:00,961679,961632,48,,,,0,33,0
2026-08-09T04:36:15.351739+00:00,961679,961632,48,,,,0,34,0
2026-08-09T04:39:18.059543+00:00,961679,961632,48,,,,0,33,0
2026-08-09T04:42:20.875593+00:00,961680,961632,49,,,,0,34,0
2026-08-09T04:45:23.767655+00:00,961680,961632,49,,,,0,34,0
2026-08-09T04:48:26.589364+00:00,961681,961632,50,,,,0,35,0
2026-08-09T04:51:29.303518+00:00,961681,961632,50,,,,0,35,0
2026-08-09T04:54:31.991770+00:00,961681,961632,50,,,,0,35,0
2026-08-09T04:57:34.635681+00:00,961681,961632,50,,,,0,35,0
2026-08-09T05:00:37.335601+00:00,961681,961632,50,,,,0,37,0
2026-08-09T05:03:40.371571+00:00,961681,961632,50,,,,0,36,0
2026-08-09T05:06:43.836501+00:00,961681,961632,50,,,,0,36,0
2026-08-09T05:09:46.567798+00:00,961681,961632,50,,,,0,34,0
2026-08-09T05:12:49.218103+00:00,961682,961632,51,,,,0,34,0
2026-08-09T05:15:52.644154+00:00,961683,961632,52,,,,0,31,0
2026-08-09T05:18:55.353045+00:00,961683,961632,52,,,,0,32,0
2026-08-09T05:21:58.067825+00:00,961683,961632,52,,,,0,34,0
2026-08-09T05:25:01.699590+00:00,961685,961632,54,,,,0,33,0
2026-08-09T05:28:04.323716+00:00,961685,961632,54,,,,0,32,0
2026-08-09T05:31:07.359515+00:00,961686,961632,55,,,,0,31,0
2026-08-09T05:34:10.148452+00:00,961686,961632,55,,,,0,31,0
2026-08-09T05:37:12.807614+00:00,961686,961632,55,,,,0,31,0
2026-08-09T05:40:15.731561+00:00,961687,961632,56,,,,0,31,0
2026-08-09T05:43:18.711613+00:00,961687,961632,56,,,,0,31,0
2026-08-09T05:46:21.423614+00:00,961687,961632,56,,,,0,31,0
2026-08-09T05:49:24.172691+00:00,961687,961632,56,,,,0,31,0
2026-08-09T05:52:26.804229+00:00,961688,961632,57,,,,0,31,0
2026-08-09T05:55:29.867564+00:00,961688,961632,57,,,,0,31,0
2026-08-09T05:58:32.535619+00:00,961688,961632,57,,,,0,30,0
2026-08-09T06:01:35.196417+00:00,961688,961632,57,,,,0,30,0
2026-08-09T06:04:37.955645+00:00,961689,961632,58,,,,0,30,0
2026-08-09T06:07:40.715551+00:00,961689,961632,58,,,,0,31,0
2026-08-09T06:10:43.495582+00:00,961689,961632,58,,,,0,30,0
2026-08-09T06:13:46.255504+00:00,961690,961632,59,,,,0,31,0
2026-08-09T06:16:49.027601+00:00,961690,961632,59,,,,0,31,0
2026-08-09T06:19:51.723551+00:00,961690,961632,59,,,,0,31,0
2026-08-09T06:22:54.507614+00:00,961690,961632,59,,,,0,31,0
2026-08-09T06:25:57.769114+00:00,961690,961632,59,,,,0,31,0
2026-08-09T06:29:00.895708+00:00,961690,961632,59,,,,0,30,0
2026-08-09T06:32:03.771536+00:00,961690,961632,59,,,,0,30,0
2026-08-09T06:35:06.388336+00:00,961690,961632,59,,,,0,31,0
2026-08-09T06:38:08.949318+00:00,961690,961632,59,,,,0,29,0
2026-08-09T06:41:11.628296+00:00,961690,961632,59,,,,0,29,0
2026-08-09T06:44:14.099013+00:00,961691,961632,60,,,,0,30,0
2026-08-09T06:47:17.531637+00:00,961692,961632,61,,,,0,30,0
2026-08-09T06:50:20.280159+00:00,961692,961632,61,,,,0,29,0
2026-08-09T06:53:23.143549+00:00,961692,961632,61,,,,0,30,0
2026-08-09T06:56:25.703290+00:00,961693,961632,62,,,,0,30,0
2026-08-09T06:59:28.427317+00:00,961693,961632,62,,,,0,29,0
2026-08-09T07:02:30.935610+00:00,961693,961632,62,,,,0,29,0
2026-08-09T07:05:33.397666+00:00,961694,961632,63,,,,0,29,0
2026-08-09T07:08:36.179619+00:00,961696,961632,65,,,,0,30,0
2026-08-09T07:11:39.574575+00:00,961697,961632,66,,,,0,29,0
2026-08-09T07:14:42.242215+00:00,961699,961632,68,,,,0,29,0
2026-08-09T07:17:44.959667+00:00,961699,961632,68,,,,0,30,0
2026-08-09T07:20:47.727647+00:00,961699,961632,68,,,,0,30,0
2026-08-09T07:23:50.379914+00:00,961699,961632,68,,,,0,31,0
2026-08-09T07:26:53.587561+00:00,961700,961632,69,,,,0,30,0
2026-08-09T07:29:56.019616+00:00,961702,961632,71,,,,0,29,0
2026-08-09T07:32:58.891574+00:00,961702,961632,71,,,,0,29,0
2026-08-09T07:36:01.695558+00:00,961702,961632,71,,,,0,30,0
2026-08-09T07:39:04.406086+00:00,961702,961632,71,,,,0,29,0
2026-08-09T07:42:07.323751+00:00,961705,961632,74,,,,0,30,0
2026-08-09T07:45:10.011560+00:00,961705,961632,74,,,,0,29,0
2026-08-09T07:48:12.615703+00:00,961705,961632,74,,,,0,29,0
2026-08-09T07:51:15.327532+00:00,961705,961632,74,,,,0,30,0
2026-08-09T07:54:20.603551+00:00,961705,961632,74,,,,0,29,0
2026-08-09T07:57:23.371521+00:00,961705,961632,74,,,,0,29,0
2026-08-09T08:00:25.881392+00:00,961705,961632,74,,,,0,29,0
2026-08-09T08:03:28.435564+00:00,961705,961632,74,,,,0,29,0
2026-08-09T08:06:31.523552+00:00,961706,961632,75,,,,0,29,0
2026-08-09T08:09:34.183509+00:00,961707,961632,76,,,,0,30,0
2026-08-09T08:12:36.991565+00:00,961707,961632,76,,,,0,29,0
2026-08-09T08:15:39.519624+00:00,961709,961632,78,,,,0,30,0
2026-08-09T08:18:42.819651+00:00,961709,961632,78,,,,0,30,0
2026-08-09T08:21:46.085015+00:00,961709,961632,78,,,,0,30,0
2026-08-09T08:24:48.659562+00:00,961709,961632,78,,,,0,29,0
2026-08-09T08:27:51.615726+00:00,961709,961632,78,,,,0,29,0
2026-08-09T08:30:54.327564+00:00,961709,961632,78,,,,0,28,0
2026-08-09T08:33:57.167530+00:00,961710,961632,79,,,,0,28,0
2026-08-09T08:37:00.151629+00:00,961710,961632,79,,,,0,28,0
2026-08-09T08:40:02.667224+00:00,961710,961632,79,,,,0,28,0
2026-08-09T08:43:05.355649+00:00,961710,961632,79,,,,0,27,0
2026-08-09T08:46:08.107583+00:00,961710,961632,79,,,,0,27,0
2026-08-09T08:49:10.747488+00:00,961711,961632,80,,,,0,28,0
2026-08-09T08:52:13.447569+00:00,961711,961632,80,,,,0,28,0
2026-08-09T08:55:16.047584+00:00,961712,961632,81,,,,0,28,0
2026-08-09T08:58:18.655619+00:00,961714,961632,83,,,,0,31,0
2026-08-09T09:01:21.211627+00:00,961714,961632,83,,,,0,29,0
2026-08-09T09:04:23.719555+00:00,961714,961632,83,,,,0,27,0
2026-08-09T09:07:26.107585+00:00,961714,961632,83,,,,0,30,0
2026-08-09T09:10:28.511547+00:00,961714,961632,83,,,,0,31,0
2026-08-09T09:13:31.053627+00:00,961714,961632,83,,,,0,31,0
2026-08-09T09:16:33.939581+00:00,961714,961632,83,,,,0,31,0
2026-08-09T09:19:36.407622+00:00,961714,961632,83,,,,0,30,0
2026-08-09T09:22:39.207608+00:00,961714,961632,83,,,,0,31,0
2026-08-09T09:25:41.682507+00:00,961715,961632,84,,,,0,30,0
2026-08-09T09:28:44.767576+00:00,961715,961632,84,,,,0,28,0
2026-08-09T09:31:48.039603+00:00,961715,961632,84,,,,0,27,0
2026-08-09T09:34:50.901802+00:00,961715,961632,84,,,,0,28,0
2026-08-09T09:37:53.608919+00:00,961715,961632,84,,,,0,28,0
2026-08-09T09:40:56.075628+00:00,961715,961632,84,,,,0,27,0
2026-08-09T09:43:58.823621+00:00,961716,961632,85,,,,0,27,0
2026-08-09T09:47:01.330433+00:00,961716,961632,85,,,,0,27,0
2026-08-09T09:50:04.003534+00:00,961716,961632,85,,,,0,27,0
2026-08-09T09:53:06.636591+00:00,961717,961632,86,,,,0,28,0
2026-08-09T09:56:09.271491+00:00,961717,961632,86,,,,0,28,0
2026-08-09T09:59:12.467571+00:00,961717,961632,86,,,,0,28,0
2026-08-09T10:02:15.315624+00:00,961717,961632,86,,,,0,28,0
2026-08-09T10:05:18.123548+00:00,961718,961632,87,,,,0,30,0
2026-08-09T10:08:20.823568+00:00,961718,961632,87,,,,0,29,0
2026-08-09T10:11:23.639619+00:00,961719,961632,88,,,,0,29,0
2026-08-09T10:14:26.219573+00:00,961719,961632,88,,,,0,27,0
2026-08-09T10:17:29.183570+00:00,961720,961632,89,,,,0,28,0
2026-08-09T10:20:31.551621+00:00,961721,961632,90,,,,0,27,0
