timestamp,entity,entity_type,weight,stance,source,notes
2026-08-08T02:51:22.277911+00:00,Binance,exchange,5,neutral,,No public BIP-110 position observed as of pre-flag-day baseline (2026-08-08)
2026-08-08T02:51:22.334692+00:00,Coinbase,exchange,5,neutral,,No public BIP-110 position observed as of pre-flag-day baseline (2026-08-08)
2026-08-08T02:51:22.413671+00:00,Kraken,exchange,4,neutral,,No public BIP-110 position observed as of pre-flag-day baseline (2026-08-08)
2026-08-08T02:51:22.473431+00:00,MicroStrategy,other,4,neutral,,No public BIP-110 position observed as of pre-flag-day baseline (2026-08-08)
2026-08-08T02:51:22.535735+00:00,Grayscale,custodian,4,neutral,,No public BIP-110 position observed as of pre-flag-day baseline (2026-08-08)
2026-08-08T02:51:22.587739+00:00,Fidelity Digital,custodian,3,neutral,,No public BIP-110 position observed as of pre-flag-day baseline (2026-08-08)
2026-08-08T03:01:13.244425+00:00,start9,other,1,support,https://x.com/start9labs/status/2082478765373042718?s=20,Tweeted support for bip-110 activation
2026-08-08T03:03:52.399159+00:00,"Mid-tier Exchanges (aggregate, 6)",exchange,4,neutral,,"Aggregate placeholder for the model's Tier-2 mid-tier exchange cohort (~880K BTC combined per realistic_economy_model.md, ~25% of major-exchange custody) -- not a specific observed statement, replace/supplement with individual entries as specific regional exchanges take a position"
2026-08-08T15:56:18.279617+00:00,Binance,exchange,5,neutral,,"Checked social media day-of, ~32 blocks before period end -- no mention of BIP-110/softfork found"
2026-08-08T15:56:18.329381+00:00,Coinbase,exchange,5,neutral,,"Checked social media day-of, ~32 blocks before period end -- no mention of BIP-110/softfork found"
2026-08-08T15:56:18.373464+00:00,Kraken,exchange,4,neutral,,"Checked social media day-of, ~32 blocks before period end -- no mention of BIP-110/softfork found"
2026-08-09T01:18:58.851062+00:00,Binance,exchange,5,neutral,,"Re-checked ~23:12 UTC, during confirmed live chain split -- still no mention"
2026-08-09T01:18:58.934714+00:00,Coinbase,exchange,5,neutral,,"Re-checked ~23:12 UTC, during confirmed live chain split -- still no mention"
2026-08-09T01:18:59.008680+00:00,Kraken,exchange,4,neutral,,"Re-checked ~23:12 UTC, during confirmed live chain split -- still no mention"
