timestamp,height,mempool_guide_hash,mynode_hash,diverged
2026-08-08T23:01:24.673902+00:00,961633,0000000000000000000139eda19858a84b2ed80cb6056ba8449f0792d13d0968,00000000000000000002022e1d17f86131559d0e3707a1a25852d9ccf0130437,True
2026-08-08T23:04:26.975483+00:00,961633,0000000000000000000139eda19858a84b2ed80cb6056ba8449f0792d13d0968,00000000000000000002022e1d17f86131559d0e3707a1a25852d9ccf0130437,True
2026-08-08T23:07:29.259490+00:00,961633,0000000000000000000139eda19858a84b2ed80cb6056ba8449f0792d13d0968,00000000000000000002022e1d17f86131559d0e3707a1a25852d9ccf0130437,True
2026-08-08T23:10:31.703532+00:00,961633,0000000000000000000139eda19858a84b2ed80cb6056ba8449f0792d13d0968,00000000000000000002022e1d17f86131559d0e3707a1a25852d9ccf0130437,True
2026-08-08T23:13:34.611680+00:00,961633,0000000000000000000139eda19858a84b2ed80cb6056ba8449f0792d13d0968,00000000000000000002022e1d17f86131559d0e3707a1a25852d9ccf0130437,True
2026-08-08T23:16:37.743674+00:00,961633,0000000000000000000139eda19858a84b2ed80cb6056ba8449f0792d13d0968,00000000000000000002022e1d17f86131559d0e3707a1a25852d9ccf0130437,True
2026-08-08T23:19:40.095515+00:00,961633,0000000000000000000139eda19858a84b2ed80cb6056ba8449f0792d13d0968,00000000000000000002022e1d17f86131559d0e3707a1a25852d9ccf0130437,True
2026-08-08T23:22:42.724753+00:00,961633,0000000000000000000139eda19858a84b2ed80cb6056ba8449f0792d13d0968,00000000000000000002022e1d17f86131559d0e3707a1a25852d9ccf0130437,True
2026-08-08T23:25:45.429019+00:00,961633,0000000000000000000139eda19858a84b2ed80cb6056ba8449f0792d13d0968,00000000000000000002022e1d17f86131559d0e3707a1a25852d9ccf0130437,True
2026-08-08T23:28:47.775537+00:00,961633,0000000000000000000139eda19858a84b2ed80cb6056ba8449f0792d13d0968,00000000000000000002022e1d17f86131559d0e3707a1a25852d9ccf0130437,True
2026-08-08T23:31:50.813976+00:00,961633,0000000000000000000139eda19858a84b2ed80cb6056ba8449f0792d13d0968,00000000000000000002022e1d17f86131559d0e3707a1a25852d9ccf0130437,True
2026-08-08T23:34:54.303726+00:00,961633,0000000000000000000139eda19858a84b2ed80cb6056ba8449f0792d13d0968,00000000000000000002022e1d17f86131559d0e3707a1a25852d9ccf0130437,True
2026-08-08T23:37:57.227515+00:00,961633,0000000000000000000139eda19858a84b2ed80cb6056ba8449f0792d13d0968,00000000000000000002022e1d17f86131559d0e3707a1a25852d9ccf0130437,True
2026-08-08T23:40:59.583478+00:00,961633,0000000000000000000139eda19858a84b2ed80cb6056ba8449f0792d13d0968,00000000000000000002022e1d17f86131559d0e3707a1a25852d9ccf0130437,True
2026-08-08T23:44:02.431489+00:00,961633,0000000000000000000139eda19858a84b2ed80cb6056ba8449f0792d13d0968,00000000000000000002022e1d17f86131559d0e3707a1a25852d9ccf0130437,True
2026-08-08T23:47:05.028066+00:00,961633,0000000000000000000139eda19858a84b2ed80cb6056ba8449f0792d13d0968,00000000000000000002022e1d17f86131559d0e3707a1a25852d9ccf0130437,True
2026-08-08T23:50:08.490972+00:00,961633,0000000000000000000139eda19858a84b2ed80cb6056ba8449f0792d13d0968,00000000000000000002022e1d17f86131559d0e3707a1a25852d9ccf0130437,True
2026-08-08T23:53:10.803523+00:00,961633,0000000000000000000139eda19858a84b2ed80cb6056ba8449f0792d13d0968,00000000000000000002022e1d17f86131559d0e3707a1a25852d9ccf0130437,True
2026-08-08T23:56:13.414851+00:00,961633,0000000000000000000139eda19858a84b2ed80cb6056ba8449f0792d13d0968,00000000000000000002022e1d17f86131559d0e3707a1a25852d9ccf0130437,True
2026-08-08T23:59:15.602364+00:00,961633,0000000000000000000139eda19858a84b2ed80cb6056ba8449f0792d13d0968,00000000000000000002022e1d17f86131559d0e3707a1a25852d9ccf0130437,True
2026-08-09T00:02:18.055515+00:00,961633,0000000000000000000139eda19858a84b2ed80cb6056ba8449f0792d13d0968,00000000000000000002022e1d17f86131559d0e3707a1a25852d9ccf0130437,True
2026-08-09T00:05:20.896548+00:00,961633,0000000000000000000139eda19858a84b2ed80cb6056ba8449f0792d13d0968,00000000000000000002022e1d17f86131559d0e3707a1a25852d9ccf0130437,True
2026-08-09T00:08:23.044259+00:00,961633,0000000000000000000139eda19858a84b2ed80cb6056ba8449f0792d13d0968,00000000000000000002022e1d17f86131559d0e3707a1a25852d9ccf0130437,True
2026-08-09T00:11:25.401581+00:00,961633,0000000000000000000139eda19858a84b2ed80cb6056ba8449f0792d13d0968,00000000000000000002022e1d17f86131559d0e3707a1a25852d9ccf0130437,True
2026-08-09T00:14:27.938307+00:00,961633,0000000000000000000139eda19858a84b2ed80cb6056ba8449f0792d13d0968,00000000000000000002022e1d17f86131559d0e3707a1a25852d9ccf0130437,True
2026-08-09T00:17:30.368361+00:00,961633,0000000000000000000139eda19858a84b2ed80cb6056ba8449f0792d13d0968,00000000000000000002022e1d17f86131559d0e3707a1a25852d9ccf0130437,True
2026-08-09T00:20:32.737052+00:00,961633,0000000000000000000139eda19858a84b2ed80cb6056ba8449f0792d13d0968,00000000000000000002022e1d17f86131559d0e3707a1a25852d9ccf0130437,True
2026-08-09T00:23:35.223667+00:00,961633,0000000000000000000139eda19858a84b2ed80cb6056ba8449f0792d13d0968,00000000000000000002022e1d17f86131559d0e3707a1a25852d9ccf0130437,True
2026-08-09T00:26:38.263644+00:00,961633,0000000000000000000139eda19858a84b2ed80cb6056ba8449f0792d13d0968,00000000000000000002022e1d17f86131559d0e3707a1a25852d9ccf0130437,True
2026-08-09T00:29:40.887680+00:00,961633,0000000000000000000139eda19858a84b2ed80cb6056ba8449f0792d13d0968,00000000000000000002022e1d17f86131559d0e3707a1a25852d9ccf0130437,True
2026-08-09T00:32:43.502421+00:00,961633,0000000000000000000139eda19858a84b2ed80cb6056ba8449f0792d13d0968,00000000000000000002022e1d17f86131559d0e3707a1a25852d9ccf0130437,True
2026-08-09T00:35:46.011675+00:00,961633,0000000000000000000139eda19858a84b2ed80cb6056ba8449f0792d13d0968,00000000000000000002022e1d17f86131559d0e3707a1a25852d9ccf0130437,True
2026-08-09T00:38:48.654709+00:00,961633,0000000000000000000139eda19858a84b2ed80cb6056ba8449f0792d13d0968,00000000000000000002022e1d17f86131559d0e3707a1a25852d9ccf0130437,True
2026-08-09T00:41:51.232302+00:00,961633,0000000000000000000139eda19858a84b2ed80cb6056ba8449f0792d13d0968,00000000000000000002022e1d17f86131559d0e3707a1a25852d9ccf0130437,True
2026-08-09T00:44:54.479182+00:00,961633,0000000000000000000139eda19858a84b2ed80cb6056ba8449f0792d13d0968,00000000000000000002022e1d17f86131559d0e3707a1a25852d9ccf0130437,True
2026-08-09T00:47:56.974237+00:00,961633,0000000000000000000139eda19858a84b2ed80cb6056ba8449f0792d13d0968,00000000000000000002022e1d17f86131559d0e3707a1a25852d9ccf0130437,True
2026-08-09T00:50:59.315959+00:00,961633,0000000000000000000139eda19858a84b2ed80cb6056ba8449f0792d13d0968,00000000000000000002022e1d17f86131559d0e3707a1a25852d9ccf0130437,True
2026-08-09T00:54:01.679709+00:00,961633,0000000000000000000139eda19858a84b2ed80cb6056ba8449f0792d13d0968,00000000000000000002022e1d17f86131559d0e3707a1a25852d9ccf0130437,True
2026-08-09T00:57:04.047563+00:00,961633,0000000000000000000139eda19858a84b2ed80cb6056ba8449f0792d13d0968,00000000000000000002022e1d17f86131559d0e3707a1a25852d9ccf0130437,True
2026-08-09T01:00:06.498327+00:00,961633,0000000000000000000139eda19858a84b2ed80cb6056ba8449f0792d13d0968,00000000000000000002022e1d17f86131559d0e3707a1a25852d9ccf0130437,True
2026-08-09T01:03:09.016833+00:00,961633,0000000000000000000139eda19858a84b2ed80cb6056ba8449f0792d13d0968,00000000000000000002022e1d17f86131559d0e3707a1a25852d9ccf0130437,True
2026-08-09T01:06:11.417859+00:00,961633,0000000000000000000139eda19858a84b2ed80cb6056ba8449f0792d13d0968,00000000000000000002022e1d17f86131559d0e3707a1a25852d9ccf0130437,True
2026-08-09T01:09:14.045532+00:00,961633,0000000000000000000139eda19858a84b2ed80cb6056ba8449f0792d13d0968,00000000000000000002022e1d17f86131559d0e3707a1a25852d9ccf0130437,True
2026-08-09T01:12:16.503612+00:00,961633,0000000000000000000139eda19858a84b2ed80cb6056ba8449f0792d13d0968,00000000000000000002022e1d17f86131559d0e3707a1a25852d9ccf0130437,True
2026-08-09T01:15:18.792849+00:00,961633,0000000000000000000139eda19858a84b2ed80cb6056ba8449f0792d13d0968,00000000000000000002022e1d17f86131559d0e3707a1a25852d9ccf0130437,True
2026-08-09T01:18:21.102195+00:00,961633,0000000000000000000139eda19858a84b2ed80cb6056ba8449f0792d13d0968,00000000000000000002022e1d17f86131559d0e3707a1a25852d9ccf0130437,True
2026-08-09T01:21:23.623633+00:00,961633,0000000000000000000139eda19858a84b2ed80cb6056ba8449f0792d13d0968,00000000000000000002022e1d17f86131559d0e3707a1a25852d9ccf0130437,True
2026-08-09T01:24:26.053191+00:00,961633,0000000000000000000139eda19858a84b2ed80cb6056ba8449f0792d13d0968,00000000000000000002022e1d17f86131559d0e3707a1a25852d9ccf0130437,True
2026-08-09T01:27:28.795574+00:00,961633,0000000000000000000139eda19858a84b2ed80cb6056ba8449f0792d13d0968,00000000000000000002022e1d17f86131559d0e3707a1a25852d9ccf0130437,True
2026-08-09T01:30:31.099731+00:00,961633,0000000000000000000139eda19858a84b2ed80cb6056ba8449f0792d13d0968,00000000000000000002022e1d17f86131559d0e3707a1a25852d9ccf0130437,True
2026-08-09T01:33:33.935637+00:00,961633,0000000000000000000139eda19858a84b2ed80cb6056ba8449f0792d13d0968,00000000000000000002022e1d17f86131559d0e3707a1a25852d9ccf0130437,True
2026-08-09T01:36:36.455568+00:00,961633,0000000000000000000139eda19858a84b2ed80cb6056ba8449f0792d13d0968,00000000000000000002022e1d17f86131559d0e3707a1a25852d9ccf0130437,True
2026-08-09T01:39:38.693487+00:00,961633,0000000000000000000139eda19858a84b2ed80cb6056ba8449f0792d13d0968,00000000000000000002022e1d17f86131559d0e3707a1a25852d9ccf0130437,True
2026-08-09T01:42:42.155583+00:00,961633,0000000000000000000139eda19858a84b2ed80cb6056ba8449f0792d13d0968,00000000000000000002022e1d17f86131559d0e3707a1a25852d9ccf0130437,True
2026-08-09T01:45:44.623588+00:00,961633,0000000000000000000139eda19858a84b2ed80cb6056ba8449f0792d13d0968,00000000000000000002022e1d17f86131559d0e3707a1a25852d9ccf0130437,True
2026-08-09T01:48:47.327627+00:00,961633,0000000000000000000139eda19858a84b2ed80cb6056ba8449f0792d13d0968,00000000000000000002022e1d17f86131559d0e3707a1a25852d9ccf0130437,True
2026-08-09T01:51:49.967622+00:00,961633,0000000000000000000139eda19858a84b2ed80cb6056ba8449f0792d13d0968,00000000000000000002022e1d17f86131559d0e3707a1a25852d9ccf0130437,True
2026-08-09T01:54:52.435622+00:00,961633,0000000000000000000139eda19858a84b2ed80cb6056ba8449f0792d13d0968,00000000000000000002022e1d17f86131559d0e3707a1a25852d9ccf0130437,True
2026-08-09T01:57:55.023586+00:00,961633,0000000000000000000139eda19858a84b2ed80cb6056ba8449f0792d13d0968,00000000000000000002022e1d17f86131559d0e3707a1a25852d9ccf0130437,True
2026-08-09T02:00:58.851739+00:00,961633,0000000000000000000139eda19858a84b2ed80cb6056ba8449f0792d13d0968,00000000000000000002022e1d17f86131559d0e3707a1a25852d9ccf0130437,True
2026-08-09T02:04:01.355633+00:00,961633,0000000000000000000139eda19858a84b2ed80cb6056ba8449f0792d13d0968,00000000000000000002022e1d17f86131559d0e3707a1a25852d9ccf0130437,True
2026-08-09T02:07:04.071612+00:00,961633,0000000000000000000139eda19858a84b2ed80cb6056ba8449f0792d13d0968,00000000000000000002022e1d17f86131559d0e3707a1a25852d9ccf0130437,True
2026-08-09T02:10:06.699614+00:00,961633,0000000000000000000139eda19858a84b2ed80cb6056ba8449f0792d13d0968,00000000000000000002022e1d17f86131559d0e3707a1a25852d9ccf0130437,True
2026-08-09T02:13:09.151592+00:00,961633,0000000000000000000139eda19858a84b2ed80cb6056ba8449f0792d13d0968,00000000000000000002022e1d17f86131559d0e3707a1a25852d9ccf0130437,True
2026-08-09T02:16:11.908407+00:00,961633,0000000000000000000139eda19858a84b2ed80cb6056ba8449f0792d13d0968,00000000000000000002022e1d17f86131559d0e3707a1a25852d9ccf0130437,True
2026-08-09T02:19:14.429338+00:00,961633,0000000000000000000139eda19858a84b2ed80cb6056ba8449f0792d13d0968,00000000000000000002022e1d17f86131559d0e3707a1a25852d9ccf0130437,True
2026-08-09T02:22:17.287631+00:00,961633,0000000000000000000139eda19858a84b2ed80cb6056ba8449f0792d13d0968,00000000000000000002022e1d17f86131559d0e3707a1a25852d9ccf0130437,True
2026-08-09T02:25:19.767701+00:00,961633,0000000000000000000139eda19858a84b2ed80cb6056ba8449f0792d13d0968,00000000000000000002022e1d17f86131559d0e3707a1a25852d9ccf0130437,True
2026-08-09T02:28:22.395561+00:00,961633,0000000000000000000139eda19858a84b2ed80cb6056ba8449f0792d13d0968,00000000000000000002022e1d17f86131559d0e3707a1a25852d9ccf0130437,True
2026-08-09T02:31:24.991641+00:00,961633,0000000000000000000139eda19858a84b2ed80cb6056ba8449f0792d13d0968,00000000000000000002022e1d17f86131559d0e3707a1a25852d9ccf0130437,True
2026-08-09T02:34:28.063664+00:00,961633,0000000000000000000139eda19858a84b2ed80cb6056ba8449f0792d13d0968,00000000000000000002022e1d17f86131559d0e3707a1a25852d9ccf0130437,True
2026-08-09T02:37:30.641112+00:00,961633,0000000000000000000139eda19858a84b2ed80cb6056ba8449f0792d13d0968,00000000000000000002022e1d17f86131559d0e3707a1a25852d9ccf0130437,True
2026-08-09T02:40:33.063619+00:00,961633,0000000000000000000139eda19858a84b2ed80cb6056ba8449f0792d13d0968,00000000000000000002022e1d17f86131559d0e3707a1a25852d9ccf0130437,True
2026-08-09T02:43:35.800535+00:00,961633,0000000000000000000139eda19858a84b2ed80cb6056ba8449f0792d13d0968,00000000000000000002022e1d17f86131559d0e3707a1a25852d9ccf0130437,True
2026-08-09T02:46:38.495695+00:00,961633,0000000000000000000139eda19858a84b2ed80cb6056ba8449f0792d13d0968,00000000000000000002022e1d17f86131559d0e3707a1a25852d9ccf0130437,True
2026-08-09T02:49:41.075642+00:00,961633,0000000000000000000139eda19858a84b2ed80cb6056ba8449f0792d13d0968,00000000000000000002022e1d17f86131559d0e3707a1a25852d9ccf0130437,True
2026-08-09T02:52:43.879525+00:00,961633,0000000000000000000139eda19858a84b2ed80cb6056ba8449f0792d13d0968,00000000000000000002022e1d17f86131559d0e3707a1a25852d9ccf0130437,True
2026-08-09T02:55:46.439574+00:00,961633,0000000000000000000139eda19858a84b2ed80cb6056ba8449f0792d13d0968,00000000000000000002022e1d17f86131559d0e3707a1a25852d9ccf0130437,True
2026-08-09T02:58:49.003579+00:00,961633,0000000000000000000139eda19858a84b2ed80cb6056ba8449f0792d13d0968,00000000000000000002022e1d17f86131559d0e3707a1a25852d9ccf0130437,True
2026-08-09T03:01:51.435598+00:00,961633,0000000000000000000139eda19858a84b2ed80cb6056ba8449f0792d13d0968,00000000000000000002022e1d17f86131559d0e3707a1a25852d9ccf0130437,True
2026-08-09T03:04:54.099574+00:00,961633,0000000000000000000139eda19858a84b2ed80cb6056ba8449f0792d13d0968,00000000000000000002022e1d17f86131559d0e3707a1a25852d9ccf0130437,True
2026-08-09T03:07:56.767564+00:00,961633,0000000000000000000139eda19858a84b2ed80cb6056ba8449f0792d13d0968,00000000000000000002022e1d17f86131559d0e3707a1a25852d9ccf0130437,True
2026-08-09T03:10:59.241549+00:00,961633,0000000000000000000139eda19858a84b2ed80cb6056ba8449f0792d13d0968,00000000000000000002022e1d17f86131559d0e3707a1a25852d9ccf0130437,True
2026-08-09T03:14:02.087620+00:00,961633,0000000000000000000139eda19858a84b2ed80cb6056ba8449f0792d13d0968,00000000000000000002022e1d17f86131559d0e3707a1a25852d9ccf0130437,True
2026-08-09T03:17:04.580377+00:00,961633,0000000000000000000139eda19858a84b2ed80cb6056ba8449f0792d13d0968,00000000000000000002022e1d17f86131559d0e3707a1a25852d9ccf0130437,True
2026-08-09T03:20:07.291641+00:00,961633,0000000000000000000139eda19858a84b2ed80cb6056ba8449f0792d13d0968,00000000000000000002022e1d17f86131559d0e3707a1a25852d9ccf0130437,True
2026-08-09T03:23:10.195627+00:00,961633,0000000000000000000139eda19858a84b2ed80cb6056ba8449f0792d13d0968,00000000000000000002022e1d17f86131559d0e3707a1a25852d9ccf0130437,True
2026-08-09T03:26:13.191752+00:00,961633,0000000000000000000139eda19858a84b2ed80cb6056ba8449f0792d13d0968,00000000000000000002022e1d17f86131559d0e3707a1a25852d9ccf0130437,True
2026-08-09T03:29:15.799652+00:00,961633,0000000000000000000139eda19858a84b2ed80cb6056ba8449f0792d13d0968,00000000000000000002022e1d17f86131559d0e3707a1a25852d9ccf0130437,True
2026-08-09T03:32:18.235554+00:00,961633,0000000000000000000139eda19858a84b2ed80cb6056ba8449f0792d13d0968,00000000000000000002022e1d17f86131559d0e3707a1a25852d9ccf0130437,True
2026-08-09T03:35:21.805065+00:00,961633,0000000000000000000139eda19858a84b2ed80cb6056ba8449f0792d13d0968,00000000000000000002022e1d17f86131559d0e3707a1a25852d9ccf0130437,True
2026-08-09T03:38:24.123484+00:00,961633,0000000000000000000139eda19858a84b2ed80cb6056ba8449f0792d13d0968,00000000000000000002022e1d17f86131559d0e3707a1a25852d9ccf0130437,True
2026-08-09T03:41:26.838115+00:00,961633,0000000000000000000139eda19858a84b2ed80cb6056ba8449f0792d13d0968,00000000000000000002022e1d17f86131559d0e3707a1a25852d9ccf0130437,True
2026-08-09T03:44:29.335527+00:00,961633,0000000000000000000139eda19858a84b2ed80cb6056ba8449f0792d13d0968,00000000000000000002022e1d17f86131559d0e3707a1a25852d9ccf0130437,True
2026-08-09T03:47:31.887632+00:00,961633,0000000000000000000139eda19858a84b2ed80cb6056ba8449f0792d13d0968,00000000000000000002022e1d17f86131559d0e3707a1a25852d9ccf0130437,True
2026-08-09T03:50:34.415578+00:00,961633,0000000000000000000139eda19858a84b2ed80cb6056ba8449f0792d13d0968,00000000000000000002022e1d17f86131559d0e3707a1a25852d9ccf0130437,True
2026-08-09T03:53:37.039592+00:00,961633,0000000000000000000139eda19858a84b2ed80cb6056ba8449f0792d13d0968,00000000000000000002022e1d17f86131559d0e3707a1a25852d9ccf0130437,True
2026-08-09T03:56:39.765155+00:00,961633,0000000000000000000139eda19858a84b2ed80cb6056ba8449f0792d13d0968,00000000000000000002022e1d17f86131559d0e3707a1a25852d9ccf0130437,True
2026-08-09T03:59:42.413512+00:00,961633,0000000000000000000139eda19858a84b2ed80cb6056ba8449f0792d13d0968,00000000000000000002022e1d17f86131559d0e3707a1a25852d9ccf0130437,True
2026-08-09T04:02:44.979515+00:00,961633,0000000000000000000139eda19858a84b2ed80cb6056ba8449f0792d13d0968,00000000000000000002022e1d17f86131559d0e3707a1a25852d9ccf0130437,True
2026-08-09T04:05:47.515496+00:00,961633,0000000000000000000139eda19858a84b2ed80cb6056ba8449f0792d13d0968,00000000000000000002022e1d17f86131559d0e3707a1a25852d9ccf0130437,True
2026-08-09T04:08:49.836811+00:00,961633,0000000000000000000139eda19858a84b2ed80cb6056ba8449f0792d13d0968,00000000000000000002022e1d17f86131559d0e3707a1a25852d9ccf0130437,True
2026-08-09T04:11:52.555641+00:00,961633,0000000000000000000139eda19858a84b2ed80cb6056ba8449f0792d13d0968,00000000000000000002022e1d17f86131559d0e3707a1a25852d9ccf0130437,True
2026-08-09T04:14:55.343571+00:00,961633,0000000000000000000139eda19858a84b2ed80cb6056ba8449f0792d13d0968,00000000000000000002022e1d17f86131559d0e3707a1a25852d9ccf0130437,True
2026-08-09T04:17:58.039509+00:00,961633,0000000000000000000139eda19858a84b2ed80cb6056ba8449f0792d13d0968,00000000000000000002022e1d17f86131559d0e3707a1a25852d9ccf0130437,True
2026-08-09T04:21:00.739637+00:00,961633,0000000000000000000139eda19858a84b2ed80cb6056ba8449f0792d13d0968,00000000000000000002022e1d17f86131559d0e3707a1a25852d9ccf0130437,True
2026-08-09T04:24:03.723635+00:00,961633,0000000000000000000139eda19858a84b2ed80cb6056ba8449f0792d13d0968,00000000000000000002022e1d17f86131559d0e3707a1a25852d9ccf0130437,True
2026-08-09T04:27:07.392406+00:00,961633,0000000000000000000139eda19858a84b2ed80cb6056ba8449f0792d13d0968,00000000000000000002022e1d17f86131559d0e3707a1a25852d9ccf0130437,True
2026-08-09T04:30:09.967561+00:00,961633,0000000000000000000139eda19858a84b2ed80cb6056ba8449f0792d13d0968,00000000000000000002022e1d17f86131559d0e3707a1a25852d9ccf0130437,True
2026-08-09T04:33:12.599760+00:00,961633,0000000000000000000139eda19858a84b2ed80cb6056ba8449f0792d13d0968,00000000000000000002022e1d17f86131559d0e3707a1a25852d9ccf0130437,True
2026-08-09T04:36:15.351739+00:00,961633,0000000000000000000139eda19858a84b2ed80cb6056ba8449f0792d13d0968,00000000000000000002022e1d17f86131559d0e3707a1a25852d9ccf0130437,True
2026-08-09T04:39:18.059543+00:00,961633,0000000000000000000139eda19858a84b2ed80cb6056ba8449f0792d13d0968,00000000000000000002022e1d17f86131559d0e3707a1a25852d9ccf0130437,True
2026-08-09T04:42:20.875593+00:00,961633,0000000000000000000139eda19858a84b2ed80cb6056ba8449f0792d13d0968,00000000000000000002022e1d17f86131559d0e3707a1a25852d9ccf0130437,True
2026-08-09T04:45:23.767655+00:00,961633,0000000000000000000139eda19858a84b2ed80cb6056ba8449f0792d13d0968,00000000000000000002022e1d17f86131559d0e3707a1a25852d9ccf0130437,True
2026-08-09T04:48:26.589364+00:00,961633,0000000000000000000139eda19858a84b2ed80cb6056ba8449f0792d13d0968,00000000000000000002022e1d17f86131559d0e3707a1a25852d9ccf0130437,True
2026-08-09T04:51:29.303518+00:00,961633,0000000000000000000139eda19858a84b2ed80cb6056ba8449f0792d13d0968,00000000000000000002022e1d17f86131559d0e3707a1a25852d9ccf0130437,True
2026-08-09T04:54:31.991770+00:00,961633,0000000000000000000139eda19858a84b2ed80cb6056ba8449f0792d13d0968,00000000000000000002022e1d17f86131559d0e3707a1a25852d9ccf0130437,True
2026-08-09T04:57:34.635681+00:00,961633,0000000000000000000139eda19858a84b2ed80cb6056ba8449f0792d13d0968,00000000000000000002022e1d17f86131559d0e3707a1a25852d9ccf0130437,True
2026-08-09T05:00:37.335601+00:00,961633,0000000000000000000139eda19858a84b2ed80cb6056ba8449f0792d13d0968,00000000000000000002022e1d17f86131559d0e3707a1a25852d9ccf0130437,True
2026-08-09T05:03:40.371571+00:00,961633,0000000000000000000139eda19858a84b2ed80cb6056ba8449f0792d13d0968,00000000000000000002022e1d17f86131559d0e3707a1a25852d9ccf0130437,True
2026-08-09T05:06:43.836501+00:00,961633,0000000000000000000139eda19858a84b2ed80cb6056ba8449f0792d13d0968,00000000000000000002022e1d17f86131559d0e3707a1a25852d9ccf0130437,True
2026-08-09T05:09:46.567798+00:00,961633,0000000000000000000139eda19858a84b2ed80cb6056ba8449f0792d13d0968,00000000000000000002022e1d17f86131559d0e3707a1a25852d9ccf0130437,True
2026-08-09T05:12:49.218103+00:00,961633,0000000000000000000139eda19858a84b2ed80cb6056ba8449f0792d13d0968,00000000000000000002022e1d17f86131559d0e3707a1a25852d9ccf0130437,True
2026-08-09T05:15:52.644154+00:00,961633,0000000000000000000139eda19858a84b2ed80cb6056ba8449f0792d13d0968,00000000000000000002022e1d17f86131559d0e3707a1a25852d9ccf0130437,True
2026-08-09T05:18:55.353045+00:00,961633,0000000000000000000139eda19858a84b2ed80cb6056ba8449f0792d13d0968,00000000000000000002022e1d17f86131559d0e3707a1a25852d9ccf0130437,True
2026-08-09T05:21:58.067825+00:00,961633,0000000000000000000139eda19858a84b2ed80cb6056ba8449f0792d13d0968,00000000000000000002022e1d17f86131559d0e3707a1a25852d9ccf0130437,True
2026-08-09T05:25:01.699590+00:00,961633,0000000000000000000139eda19858a84b2ed80cb6056ba8449f0792d13d0968,00000000000000000002022e1d17f86131559d0e3707a1a25852d9ccf0130437,True
2026-08-09T05:28:04.323716+00:00,961633,0000000000000000000139eda19858a84b2ed80cb6056ba8449f0792d13d0968,00000000000000000002022e1d17f86131559d0e3707a1a25852d9ccf0130437,True
2026-08-09T05:31:07.359515+00:00,961633,0000000000000000000139eda19858a84b2ed80cb6056ba8449f0792d13d0968,00000000000000000002022e1d17f86131559d0e3707a1a25852d9ccf0130437,True
2026-08-09T05:34:10.148452+00:00,961633,0000000000000000000139eda19858a84b2ed80cb6056ba8449f0792d13d0968,00000000000000000002022e1d17f86131559d0e3707a1a25852d9ccf0130437,True
2026-08-09T05:37:12.807614+00:00,961633,0000000000000000000139eda19858a84b2ed80cb6056ba8449f0792d13d0968,00000000000000000002022e1d17f86131559d0e3707a1a25852d9ccf0130437,True
2026-08-09T05:40:15.731561+00:00,961633,0000000000000000000139eda19858a84b2ed80cb6056ba8449f0792d13d0968,00000000000000000002022e1d17f86131559d0e3707a1a25852d9ccf0130437,True
2026-08-09T05:43:18.711613+00:00,961633,0000000000000000000139eda19858a84b2ed80cb6056ba8449f0792d13d0968,00000000000000000002022e1d17f86131559d0e3707a1a25852d9ccf0130437,True
2026-08-09T05:46:21.423614+00:00,961633,0000000000000000000139eda19858a84b2ed80cb6056ba8449f0792d13d0968,00000000000000000002022e1d17f86131559d0e3707a1a25852d9ccf0130437,True
2026-08-09T05:49:24.172691+00:00,961633,0000000000000000000139eda19858a84b2ed80cb6056ba8449f0792d13d0968,00000000000000000002022e1d17f86131559d0e3707a1a25852d9ccf0130437,True
2026-08-09T05:52:26.804229+00:00,961633,0000000000000000000139eda19858a84b2ed80cb6056ba8449f0792d13d0968,00000000000000000002022e1d17f86131559d0e3707a1a25852d9ccf0130437,True
2026-08-09T05:55:29.867564+00:00,961633,0000000000000000000139eda19858a84b2ed80cb6056ba8449f0792d13d0968,00000000000000000002022e1d17f86131559d0e3707a1a25852d9ccf0130437,True
2026-08-09T05:58:32.535619+00:00,961633,0000000000000000000139eda19858a84b2ed80cb6056ba8449f0792d13d0968,00000000000000000002022e1d17f86131559d0e3707a1a25852d9ccf0130437,True
2026-08-09T06:01:35.196417+00:00,961633,0000000000000000000139eda19858a84b2ed80cb6056ba8449f0792d13d0968,00000000000000000002022e1d17f86131559d0e3707a1a25852d9ccf0130437,True
2026-08-09T06:04:37.955645+00:00,961633,0000000000000000000139eda19858a84b2ed80cb6056ba8449f0792d13d0968,00000000000000000002022e1d17f86131559d0e3707a1a25852d9ccf0130437,True
2026-08-09T06:07:40.715551+00:00,961633,0000000000000000000139eda19858a84b2ed80cb6056ba8449f0792d13d0968,00000000000000000002022e1d17f86131559d0e3707a1a25852d9ccf0130437,True
2026-08-09T06:10:43.495582+00:00,961633,0000000000000000000139eda19858a84b2ed80cb6056ba8449f0792d13d0968,00000000000000000002022e1d17f86131559d0e3707a1a25852d9ccf0130437,True
2026-08-09T06:13:46.255504+00:00,961633,0000000000000000000139eda19858a84b2ed80cb6056ba8449f0792d13d0968,00000000000000000002022e1d17f86131559d0e3707a1a25852d9ccf0130437,True
2026-08-09T06:16:49.027601+00:00,961633,0000000000000000000139eda19858a84b2ed80cb6056ba8449f0792d13d0968,00000000000000000002022e1d17f86131559d0e3707a1a25852d9ccf0130437,True
2026-08-09T06:19:51.723551+00:00,961633,0000000000000000000139eda19858a84b2ed80cb6056ba8449f0792d13d0968,00000000000000000002022e1d17f86131559d0e3707a1a25852d9ccf0130437,True
2026-08-09T06:22:54.507614+00:00,961633,0000000000000000000139eda19858a84b2ed80cb6056ba8449f0792d13d0968,00000000000000000002022e1d17f86131559d0e3707a1a25852d9ccf0130437,True
2026-08-09T06:25:57.769114+00:00,961633,0000000000000000000139eda19858a84b2ed80cb6056ba8449f0792d13d0968,00000000000000000002022e1d17f86131559d0e3707a1a25852d9ccf0130437,True
2026-08-09T06:29:00.895708+00:00,961633,0000000000000000000139eda19858a84b2ed80cb6056ba8449f0792d13d0968,00000000000000000002022e1d17f86131559d0e3707a1a25852d9ccf0130437,True
2026-08-09T06:32:03.771536+00:00,961633,0000000000000000000139eda19858a84b2ed80cb6056ba8449f0792d13d0968,00000000000000000002022e1d17f86131559d0e3707a1a25852d9ccf0130437,True
2026-08-09T06:35:06.388336+00:00,961633,0000000000000000000139eda19858a84b2ed80cb6056ba8449f0792d13d0968,00000000000000000002022e1d17f86131559d0e3707a1a25852d9ccf0130437,True
2026-08-09T06:38:08.949318+00:00,961633,0000000000000000000139eda19858a84b2ed80cb6056ba8449f0792d13d0968,00000000000000000002022e1d17f86131559d0e3707a1a25852d9ccf0130437,True
2026-08-09T06:41:11.628296+00:00,961633,0000000000000000000139eda19858a84b2ed80cb6056ba8449f0792d13d0968,00000000000000000002022e1d17f86131559d0e3707a1a25852d9ccf0130437,True
2026-08-09T06:44:14.099013+00:00,961633,0000000000000000000139eda19858a84b2ed80cb6056ba8449f0792d13d0968,00000000000000000002022e1d17f86131559d0e3707a1a25852d9ccf0130437,True
2026-08-09T06:47:17.531637+00:00,961633,0000000000000000000139eda19858a84b2ed80cb6056ba8449f0792d13d0968,00000000000000000002022e1d17f86131559d0e3707a1a25852d9ccf0130437,True
2026-08-09T06:50:20.280159+00:00,961633,0000000000000000000139eda19858a84b2ed80cb6056ba8449f0792d13d0968,00000000000000000002022e1d17f86131559d0e3707a1a25852d9ccf0130437,True
2026-08-09T06:53:23.143549+00:00,961633,0000000000000000000139eda19858a84b2ed80cb6056ba8449f0792d13d0968,00000000000000000002022e1d17f86131559d0e3707a1a25852d9ccf0130437,True
2026-08-09T06:56:25.703290+00:00,961633,0000000000000000000139eda19858a84b2ed80cb6056ba8449f0792d13d0968,00000000000000000002022e1d17f86131559d0e3707a1a25852d9ccf0130437,True
2026-08-09T06:59:28.427317+00:00,961633,0000000000000000000139eda19858a84b2ed80cb6056ba8449f0792d13d0968,00000000000000000002022e1d17f86131559d0e3707a1a25852d9ccf0130437,True
2026-08-09T07:02:30.935610+00:00,961633,0000000000000000000139eda19858a84b2ed80cb6056ba8449f0792d13d0968,00000000000000000002022e1d17f86131559d0e3707a1a25852d9ccf0130437,True
2026-08-09T07:05:33.397666+00:00,961633,0000000000000000000139eda19858a84b2ed80cb6056ba8449f0792d13d0968,00000000000000000002022e1d17f86131559d0e3707a1a25852d9ccf0130437,True
2026-08-09T07:08:36.179619+00:00,961633,0000000000000000000139eda19858a84b2ed80cb6056ba8449f0792d13d0968,00000000000000000002022e1d17f86131559d0e3707a1a25852d9ccf0130437,True
2026-08-09T07:11:39.574575+00:00,961633,0000000000000000000139eda19858a84b2ed80cb6056ba8449f0792d13d0968,00000000000000000002022e1d17f86131559d0e3707a1a25852d9ccf0130437,True
2026-08-09T07:14:42.242215+00:00,961633,0000000000000000000139eda19858a84b2ed80cb6056ba8449f0792d13d0968,00000000000000000002022e1d17f86131559d0e3707a1a25852d9ccf0130437,True
2026-08-09T07:17:44.959667+00:00,961633,0000000000000000000139eda19858a84b2ed80cb6056ba8449f0792d13d0968,00000000000000000002022e1d17f86131559d0e3707a1a25852d9ccf0130437,True
2026-08-09T07:20:47.727647+00:00,961633,0000000000000000000139eda19858a84b2ed80cb6056ba8449f0792d13d0968,00000000000000000002022e1d17f86131559d0e3707a1a25852d9ccf0130437,True
2026-08-09T07:23:50.379914+00:00,961633,0000000000000000000139eda19858a84b2ed80cb6056ba8449f0792d13d0968,00000000000000000002022e1d17f86131559d0e3707a1a25852d9ccf0130437,True
2026-08-09T07:26:53.587561+00:00,961633,0000000000000000000139eda19858a84b2ed80cb6056ba8449f0792d13d0968,00000000000000000002022e1d17f86131559d0e3707a1a25852d9ccf0130437,True
2026-08-09T07:29:56.019616+00:00,961633,0000000000000000000139eda19858a84b2ed80cb6056ba8449f0792d13d0968,00000000000000000002022e1d17f86131559d0e3707a1a25852d9ccf0130437,True
2026-08-09T07:32:58.891574+00:00,961633,0000000000000000000139eda19858a84b2ed80cb6056ba8449f0792d13d0968,00000000000000000002022e1d17f86131559d0e3707a1a25852d9ccf0130437,True
2026-08-09T07:36:01.695558+00:00,961633,0000000000000000000139eda19858a84b2ed80cb6056ba8449f0792d13d0968,00000000000000000002022e1d17f86131559d0e3707a1a25852d9ccf0130437,True
2026-08-09T07:39:04.406086+00:00,961633,0000000000000000000139eda19858a84b2ed80cb6056ba8449f0792d13d0968,00000000000000000002022e1d17f86131559d0e3707a1a25852d9ccf0130437,True
2026-08-09T07:42:07.323751+00:00,961633,0000000000000000000139eda19858a84b2ed80cb6056ba8449f0792d13d0968,00000000000000000002022e1d17f86131559d0e3707a1a25852d9ccf0130437,True
2026-08-09T07:45:10.011560+00:00,961633,0000000000000000000139eda19858a84b2ed80cb6056ba8449f0792d13d0968,00000000000000000002022e1d17f86131559d0e3707a1a25852d9ccf0130437,True
2026-08-09T07:48:12.615703+00:00,961633,0000000000000000000139eda19858a84b2ed80cb6056ba8449f0792d13d0968,00000000000000000002022e1d17f86131559d0e3707a1a25852d9ccf0130437,True
2026-08-09T07:51:15.327532+00:00,961633,0000000000000000000139eda19858a84b2ed80cb6056ba8449f0792d13d0968,00000000000000000002022e1d17f86131559d0e3707a1a25852d9ccf0130437,True
2026-08-09T07:54:20.603551+00:00,961633,0000000000000000000139eda19858a84b2ed80cb6056ba8449f0792d13d0968,00000000000000000002022e1d17f86131559d0e3707a1a25852d9ccf0130437,True
2026-08-09T07:57:23.371521+00:00,961633,0000000000000000000139eda19858a84b2ed80cb6056ba8449f0792d13d0968,00000000000000000002022e1d17f86131559d0e3707a1a25852d9ccf0130437,True
2026-08-09T08:00:25.881392+00:00,961633,0000000000000000000139eda19858a84b2ed80cb6056ba8449f0792d13d0968,00000000000000000002022e1d17f86131559d0e3707a1a25852d9ccf0130437,True
2026-08-09T08:03:28.435564+00:00,961633,0000000000000000000139eda19858a84b2ed80cb6056ba8449f0792d13d0968,00000000000000000002022e1d17f86131559d0e3707a1a25852d9ccf0130437,True
2026-08-09T08:06:31.523552+00:00,961633,0000000000000000000139eda19858a84b2ed80cb6056ba8449f0792d13d0968,00000000000000000002022e1d17f86131559d0e3707a1a25852d9ccf0130437,True
2026-08-09T08:09:34.183509+00:00,961633,0000000000000000000139eda19858a84b2ed80cb6056ba8449f0792d13d0968,00000000000000000002022e1d17f86131559d0e3707a1a25852d9ccf0130437,True
2026-08-09T08:12:36.991565+00:00,961633,0000000000000000000139eda19858a84b2ed80cb6056ba8449f0792d13d0968,00000000000000000002022e1d17f86131559d0e3707a1a25852d9ccf0130437,True
2026-08-09T08:15:39.519624+00:00,961633,0000000000000000000139eda19858a84b2ed80cb6056ba8449f0792d13d0968,00000000000000000002022e1d17f86131559d0e3707a1a25852d9ccf0130437,True
2026-08-09T08:18:42.819651+00:00,961633,0000000000000000000139eda19858a84b2ed80cb6056ba8449f0792d13d0968,00000000000000000002022e1d17f86131559d0e3707a1a25852d9ccf0130437,True
2026-08-09T08:21:46.085015+00:00,961633,0000000000000000000139eda19858a84b2ed80cb6056ba8449f0792d13d0968,00000000000000000002022e1d17f86131559d0e3707a1a25852d9ccf0130437,True
2026-08-09T08:24:48.659562+00:00,961633,0000000000000000000139eda19858a84b2ed80cb6056ba8449f0792d13d0968,00000000000000000002022e1d17f86131559d0e3707a1a25852d9ccf0130437,True
2026-08-09T08:27:51.615726+00:00,961633,0000000000000000000139eda19858a84b2ed80cb6056ba8449f0792d13d0968,00000000000000000002022e1d17f86131559d0e3707a1a25852d9ccf0130437,True
2026-08-09T08:30:54.327564+00:00,961633,0000000000000000000139eda19858a84b2ed80cb6056ba8449f0792d13d0968,00000000000000000002022e1d17f86131559d0e3707a1a25852d9ccf0130437,True
2026-08-09T08:33:57.167530+00:00,961633,0000000000000000000139eda19858a84b2ed80cb6056ba8449f0792d13d0968,00000000000000000002022e1d17f86131559d0e3707a1a25852d9ccf0130437,True
2026-08-09T08:37:00.151629+00:00,961633,0000000000000000000139eda19858a84b2ed80cb6056ba8449f0792d13d0968,00000000000000000002022e1d17f86131559d0e3707a1a25852d9ccf0130437,True
2026-08-09T08:40:02.667224+00:00,961633,0000000000000000000139eda19858a84b2ed80cb6056ba8449f0792d13d0968,00000000000000000002022e1d17f86131559d0e3707a1a25852d9ccf0130437,True
2026-08-09T08:43:05.355649+00:00,961633,0000000000000000000139eda19858a84b2ed80cb6056ba8449f0792d13d0968,00000000000000000002022e1d17f86131559d0e3707a1a25852d9ccf0130437,True
2026-08-09T08:46:08.107583+00:00,961633,0000000000000000000139eda19858a84b2ed80cb6056ba8449f0792d13d0968,00000000000000000002022e1d17f86131559d0e3707a1a25852d9ccf0130437,True
2026-08-09T08:49:10.747488+00:00,961633,0000000000000000000139eda19858a84b2ed80cb6056ba8449f0792d13d0968,00000000000000000002022e1d17f86131559d0e3707a1a25852d9ccf0130437,True
2026-08-09T08:52:13.447569+00:00,961633,0000000000000000000139eda19858a84b2ed80cb6056ba8449f0792d13d0968,00000000000000000002022e1d17f86131559d0e3707a1a25852d9ccf0130437,True
2026-08-09T08:55:16.047584+00:00,961633,0000000000000000000139eda19858a84b2ed80cb6056ba8449f0792d13d0968,00000000000000000002022e1d17f86131559d0e3707a1a25852d9ccf0130437,True
2026-08-09T08:58:18.655619+00:00,961633,0000000000000000000139eda19858a84b2ed80cb6056ba8449f0792d13d0968,00000000000000000002022e1d17f86131559d0e3707a1a25852d9ccf0130437,True
2026-08-09T09:01:21.211627+00:00,961633,0000000000000000000139eda19858a84b2ed80cb6056ba8449f0792d13d0968,00000000000000000002022e1d17f86131559d0e3707a1a25852d9ccf0130437,True
2026-08-09T09:04:23.719555+00:00,961633,0000000000000000000139eda19858a84b2ed80cb6056ba8449f0792d13d0968,00000000000000000002022e1d17f86131559d0e3707a1a25852d9ccf0130437,True
2026-08-09T09:07:26.107585+00:00,961633,0000000000000000000139eda19858a84b2ed80cb6056ba8449f0792d13d0968,00000000000000000002022e1d17f86131559d0e3707a1a25852d9ccf0130437,True
2026-08-09T09:10:28.511547+00:00,961633,0000000000000000000139eda19858a84b2ed80cb6056ba8449f0792d13d0968,00000000000000000002022e1d17f86131559d0e3707a1a25852d9ccf0130437,True
2026-08-09T09:13:31.053627+00:00,961633,0000000000000000000139eda19858a84b2ed80cb6056ba8449f0792d13d0968,00000000000000000002022e1d17f86131559d0e3707a1a25852d9ccf0130437,True
2026-08-09T09:16:33.939581+00:00,961633,0000000000000000000139eda19858a84b2ed80cb6056ba8449f0792d13d0968,00000000000000000002022e1d17f86131559d0e3707a1a25852d9ccf0130437,True
2026-08-09T09:19:36.407622+00:00,961633,0000000000000000000139eda19858a84b2ed80cb6056ba8449f0792d13d0968,00000000000000000002022e1d17f86131559d0e3707a1a25852d9ccf0130437,True
2026-08-09T09:22:39.207608+00:00,961633,0000000000000000000139eda19858a84b2ed80cb6056ba8449f0792d13d0968,00000000000000000002022e1d17f86131559d0e3707a1a25852d9ccf0130437,True
2026-08-09T09:25:41.682507+00:00,961633,0000000000000000000139eda19858a84b2ed80cb6056ba8449f0792d13d0968,00000000000000000002022e1d17f86131559d0e3707a1a25852d9ccf0130437,True
2026-08-09T09:28:44.767576+00:00,961633,0000000000000000000139eda19858a84b2ed80cb6056ba8449f0792d13d0968,00000000000000000002022e1d17f86131559d0e3707a1a25852d9ccf0130437,True
2026-08-09T09:31:48.039603+00:00,961633,0000000000000000000139eda19858a84b2ed80cb6056ba8449f0792d13d0968,00000000000000000002022e1d17f86131559d0e3707a1a25852d9ccf0130437,True
2026-08-09T09:34:50.901802+00:00,961633,0000000000000000000139eda19858a84b2ed80cb6056ba8449f0792d13d0968,00000000000000000002022e1d17f86131559d0e3707a1a25852d9ccf0130437,True
2026-08-09T09:37:53.608919+00:00,961633,0000000000000000000139eda19858a84b2ed80cb6056ba8449f0792d13d0968,00000000000000000002022e1d17f86131559d0e3707a1a25852d9ccf0130437,True
2026-08-09T09:40:56.075628+00:00,961633,0000000000000000000139eda19858a84b2ed80cb6056ba8449f0792d13d0968,00000000000000000002022e1d17f86131559d0e3707a1a25852d9ccf0130437,True
2026-08-09T09:43:58.823621+00:00,961633,0000000000000000000139eda19858a84b2ed80cb6056ba8449f0792d13d0968,00000000000000000002022e1d17f86131559d0e3707a1a25852d9ccf0130437,True
2026-08-09T09:47:01.330433+00:00,961633,0000000000000000000139eda19858a84b2ed80cb6056ba8449f0792d13d0968,00000000000000000002022e1d17f86131559d0e3707a1a25852d9ccf0130437,True
2026-08-09T09:50:04.003534+00:00,961633,0000000000000000000139eda19858a84b2ed80cb6056ba8449f0792d13d0968,00000000000000000002022e1d17f86131559d0e3707a1a25852d9ccf0130437,True
2026-08-09T09:53:06.636591+00:00,961633,0000000000000000000139eda19858a84b2ed80cb6056ba8449f0792d13d0968,00000000000000000002022e1d17f86131559d0e3707a1a25852d9ccf0130437,True
2026-08-09T09:56:09.271491+00:00,961633,0000000000000000000139eda19858a84b2ed80cb6056ba8449f0792d13d0968,00000000000000000002022e1d17f86131559d0e3707a1a25852d9ccf0130437,True
2026-08-09T09:59:12.467571+00:00,961633,0000000000000000000139eda19858a84b2ed80cb6056ba8449f0792d13d0968,00000000000000000002022e1d17f86131559d0e3707a1a25852d9ccf0130437,True
2026-08-09T10:02:15.315624+00:00,961633,0000000000000000000139eda19858a84b2ed80cb6056ba8449f0792d13d0968,00000000000000000002022e1d17f86131559d0e3707a1a25852d9ccf0130437,True
2026-08-09T10:05:18.123548+00:00,961633,0000000000000000000139eda19858a84b2ed80cb6056ba8449f0792d13d0968,00000000000000000002022e1d17f86131559d0e3707a1a25852d9ccf0130437,True
2026-08-09T10:08:20.823568+00:00,961633,0000000000000000000139eda19858a84b2ed80cb6056ba8449f0792d13d0968,00000000000000000002022e1d17f86131559d0e3707a1a25852d9ccf0130437,True
2026-08-09T10:11:23.639619+00:00,961633,0000000000000000000139eda19858a84b2ed80cb6056ba8449f0792d13d0968,00000000000000000002022e1d17f86131559d0e3707a1a25852d9ccf0130437,True
2026-08-09T10:14:26.219573+00:00,961633,0000000000000000000139eda19858a84b2ed80cb6056ba8449f0792d13d0968,00000000000000000002022e1d17f86131559d0e3707a1a25852d9ccf0130437,True
2026-08-09T10:17:29.183570+00:00,961633,0000000000000000000139eda19858a84b2ed80cb6056ba8449f0792d13d0968,00000000000000000002022e1d17f86131559d0e3707a1a25852d9ccf0130437,True
2026-08-09T10:20:31.551621+00:00,961633,0000000000000000000139eda19858a84b2ed80cb6056ba8449f0792d13d0968,00000000000000000002022e1d17f86131559d0e3707a1a25852d9ccf0130437,True
