timestamps,v27_price,v26_price,v27_hashrate,v26_hashrate,v27_economic,v26_economic,v27_blocks,v26_blocks,v27_difficulty,v26_difficulty,v27_chainwork,v26_chainwork,v27_fee_rate,v26_fee_rate,v27_fee_revenue_btc,v26_fee_revenue_btc,v27_congestion,v26_congestion,v27_mempool_mb,v26_mempool_mb,v27_transactional,v26_transactional,v27_solo_hashrate,v26_solo_hashrate,v27_block_time_s,v26_block_time_s
0,60000,60000,38.1,48.3,80.7914308100543,19.208569189945692,0,0,1.0,1.0,0.0,0.0,1.0,1.0,0.01,0.01,0.07068366650048495,0.013256431463040506,0,0,84.66716476065113,15.33283523934888,4.845,15.129999999999999,None,None
60,60000,60000,38.1,48.3,80.7914308100543,19.208569189945692,3,2,1.0,1.0,3.0,0.0,1.0,1.0,0.01,0.01,0.07068366650048495,0.013256431463040506,0,0,84.66716476065113,15.33283523934888,4.845,15.129999999999999,20.0,30.0
120,60000,60000,38.1,48.3,80.7914308100543,19.208569189945692,3,5,1.0,1.0,3.0,2.0,0.07407450985183828,0.010581666831848779,0.0007407450985183827,0.0001058166683184878,0.07068366650048495,0.013256431463040506,0,0,84.66716476065113,15.33283523934888,4.845,15.129999999999999,None,20.0
187,63843.77169720652,55503.42830279349,38.1,48.3,80.7914308100543,19.208569189945692,3,5,1.0,1.0,3.0,2.0,0.07407450985183828,0.010581666831848779,0.0007407450985183827,0.0001058166683184878,0.07068366650048495,0.013256431463040506,0,0,84.66716476065113,15.33283523934888,4.845,15.129999999999999,None,None
248,63843.77169720652,55503.42830279349,38.1,48.3,80.7914308100543,19.208569189945692,5,7,1.0,1.0,4.0,4.0,0.07407450985183828,0.010581666831848779,0.0007407450985183827,0.0001058166683184878,0.07068366650048495,0.013256431463040506,0,0,84.66716476065113,15.33283523934888,4.845,15.129999999999999,30.5,30.5
308,63123.77169720652,56223.42830279349,38.1,48.3,80.7914308100543,19.208569189945692,5,7,1.0,1.0,4.0,4.0,0.07407450985183828,0.010581666831848779,0.0007407450985183827,0.0001058166683184878,0.07068366650048495,0.013256431463040506,0,0,84.66716476065113,15.33283523934888,4.845,15.129999999999999,None,None
368,63123.77169720652,56223.42830279349,38.1,48.3,80.7914308100543,19.208569189945692,5,7,1.0,1.0,4.0,4.0,0.07407450985183828,0.010581666831848779,0.0007407450985183827,0.0001058166683184878,0.07068366650048495,0.013256431463040506,0,0,84.66716476065113,15.33283523934888,4.845,15.129999999999999,None,None
449,63123.77169720652,56223.42830279349,38.1,48.3,80.7914308100543,19.208569189945692,5,7,1.0,1.0,4.0,4.0,0.07407450985183828,0.010581666831848779,0.0007407450985183827,0.0001058166683184878,0.07068366650048495,0.013256431463040506,0,0,84.66716476065113,15.33283523934888,4.845,15.129999999999999,None,None
509,63123.77169720652,56223.42830279349,38.1,48.3,80.7914308100543,19.208569189945692,5,7,1.0,1.0,4.0,4.0,0.07407450985183828,0.010581666831848779,0.0007407450985183827,0.0001058166683184878,0.07068366650048495,0.013256431463040506,0,0,84.66716476065113,15.33283523934888,4.845,15.129999999999999,None,None
615,63123.77169720652,56223.42830279349,38.1,48.3,80.99188389898208,19.008116101017915,6,8,1.0,1.0,5.0,5.0,0.07407450985183828,0.010581666831848779,0.0007407450985183827,0.0001058166683184878,0.0708590410314804,0.013118092547286348,0,0,84.76498706289078,15.235012937109223,4.845,15.129999999999999,106.0,106.0
682,63147.82606787785,56199.37393212215,86.4,0.0,80.99188389898208,19.008116101017915,7,8,1.0,1.0,6.0,5.0,0.07416009366832091,0.010514156616362473,0.0007416009366832091,0.00010514156616362473,0.03124686878818753,6.336038700339306,0,0,84.76498706289078,15.235012937109223,4.845,15.129999999999999,67.0,None
763,65793.49879515058,53553.70120484943,86.4,0.0,80.99188389898208,19.008116101017915,8,8,1.0,1.0,7.0,5.0,0.03270254130512761,5.078337645703075,0.0003270254130512761,0.05078337645703075,0.03124686878818753,6.336038700339306,0,40.783376457030755,84.76498706289078,15.235012937109223,4.845,15.129999999999999,81.0,None
828,66066.22606787785,53280.97393212215,86.4,0.0,80.99188389898208,19.008116101017915,10,8,1.0,1.0,9.0,5.0,0.03270254130512761,5.078337645703075,0.0003270254130512761,0.05078337645703075,0.03124686878818753,6.336038700339306,0,40.783376457030755,84.76498706289078,15.235012937109223,4.845,15.129999999999999,32.5,None
914,66494.79749644929,52852.40250355072,86.4,0.0,80.99188389898208,19.008116101017915,11,8,1.0,1.0,9.0,5.0,0.03270254130512761,5.078337645703075,0.0003270254130512761,0.05078337645703075,0.03124686878818753,6.336038700339306,0,40.783376457030755,84.76498706289078,15.235012937109223,4.845,15.129999999999999,86.0,None
980,66494.79749644929,52852.40250355072,86.4,0.0,80.99188389898208,19.008116101017915,13,8,1.0,1.0,11.0,5.0,0.03270254130512761,5.078337645703075,0.0003270254130512761,0.05078337645703075,0.03124686878818753,6.336038700339306,0,40.783376457030755,84.76498706289078,15.235012937109223,4.845,15.129999999999999,33.0,None
1097,66816.22606787785,52530.97393212216,86.4,0.0,80.99188389898208,19.008116101017915,15,8,1.0,1.0,13.0,5.0,0.03270254130512761,5.078337645703075,0.0003270254130512761,0.05078337645703075,0.03124686878818753,6.336038700339306,0,40.783376457030755,84.76498706289078,15.235012937109223,4.845,15.129999999999999,58.5,None
1185,67066.22606787785,52280.97393212216,86.4,0.0,80.99188389898208,19.008116101017915,16,8,1.0,1.0,14.0,5.0,0.03270254130512761,5.078337645703075,0.0003270254130512761,0.05078337645703075,0.03124686878818753,6.336038700339306,0,40.783376457030755,84.76498706289078,15.235012937109223,4.845,15.129999999999999,88.0,None
1791,67171.48922577259,52175.71077422742,86.4,0.0,96.07898563713127,3.9210143628687364,17,8,1.0,1.0,15.0,5.0,0.03270254130512761,5.078337645703075,0.0003270254130512761,0.05078337645703075,0.037067509890868544,1.3070047876229123,0,40.783376457030755,98.24606344254818,1.7539365574518166,4.845,15.129999999999999,606.0,None
1914,69076.67827645576,50270.521723544254,86.4,0.0,96.07898563713127,3.9210143628687364,18,8,1.0,1.0,15.0,5.0,0.037903573859007784,0.5846455191506056,0.00037903573859007783,0.005846455191506055,0.037067509890868544,1.3070047876229123,0,0,98.24606344254818,1.7539365574518166,4.845,15.129999999999999,123.0,None
2595,69076.67827645576,50270.521723544254,86.4,0.0,99.96376650055159,0.03623349944840722,18,8,1.0,1.0,15.0,5.0,0.037903573859007784,0.5846455191506056,0.00037903573859007783,0.005846455191506055,0.03856626794002761,0.012077833149469076,0,0,99.98706183143298,0.012938168567001841,4.845,15.129999999999999,None,None
2979,69542.85198006619,49804.348019933816,86.4,0.0,99.96376650055159,0.03623349944840722,18,8,1.0,1.0,15.0,5.0,0.03857525533620099,0.004312722855667281,0.0003857525533620099,4.312722855667281e-05,0.03856626794002761,0.012077833149469076,0,0,99.98706183143298,0.012938168567001841,4.845,15.129999999999999,None,None
3061,69542.85198006619,49804.348019933816,86.4,0.0,99.96376650055159,0.03623349944840722,18,8,1.0,1.0,15.0,5.0,0.03857525533620099,0.004312722855667281,0.0003857525533620099,4.312722855667281e-05,0.03856626794002761,0.012077833149469076,0,0,99.98706183143298,0.012938168567001841,4.845,15.129999999999999,None,None
3154,69542.85198006619,49804.348019933816,86.4,0.0,99.96376650055159,0.03623349944840722,21,8,1.0,1.0,18.0,5.0,0.03857525533620099,0.004312722855667281,0.0003857525533620099,4.312722855667281e-05,0.03856626794002761,0.012077833149469076,0,0,99.98706183143298,0.012938168567001841,4.845,15.129999999999999,31.0,None
3508,69777.63458876184,49569.56541123816,86.4,0.0,99.96376650055159,0.03623349944840722,21,8,1.0,1.0,18.0,5.0,0.03857525533620099,0.004312722855667281,0.0003857525533620099,4.312722855667281e-05,0.03856626794002761,0.012077833149469076,0,0,99.98706183143298,0.012938168567001841,4.845,15.129999999999999,None,None
3586,69777.63458876184,49569.56541123816,86.4,0.0,99.96376650055159,0.03623349944840722,21,8,1.0,1.0,18.0,5.0,0.03857525533620099,0.004312722855667281,0.0003857525533620099,4.312722855667281e-05,0.03856626794002761,0.012077833149469076,0,0,99.98706183143298,0.012938168567001841,4.845,15.129999999999999,None,None
3701,69777.63458876184,49569.56541123816,86.4,0.0,99.96376650055159,0.03623349944840722,22,8,1.0,1.0,18.0,5.0,0.03857525533620099,0.004312722855667281,0.0003857525533620099,4.312722855667281e-05,0.03856626794002761,0.012077833149469076,0,0,99.98706183143298,0.012938168567001841,4.845,15.129999999999999,115.0,None
3763,69777.63458876184,49569.56541123816,86.4,0.0,99.96376650055159,0.03623349944840722,22,8,1.0,1.0,18.0,5.0,0.03857525533620099,0.004312722855667281,0.0003857525533620099,4.312722855667281e-05,0.03856626794002761,0.012077833149469076,0,0,99.98706183143298,0.012938168567001841,4.845,15.129999999999999,None,None
3990,69777.63458876184,49569.56541123816,86.4,0.0,99.99991981876443,8.018123557111104e-05,23,8,1.0,1.0,18.0,5.0,0.03857525533620099,0.004312722855667281,0.0003857525533620099,4.312722855667281e-05,0.03858021597946158,2.672707852370368e-05,0,0,99.99997136908226,2.8630917728679975e-05,19.975,0.0,227.0,None
4074,69781.97298694738,49565.22701305262,86.4,0.0,99.99991981876443,8.018123557111104e-05,23,8,1.0,1.0,18.0,5.0,0.03858023586770149,9.543639242893326e-06,0.00038580235867701493,9.543639242893325e-08,0.03858021597946158,2.672707852370368e-05,0,0,99.99997136908226,2.8630917728679975e-05,19.975,0.0,None,None
4158,69781.97298694738,49565.22701305262,86.4,0.0,99.99991981876443,8.018123557111104e-05,23,8,1.0,1.0,18.0,5.0,0.03858023586770149,9.543639242893326e-06,0.00038580235867701493,9.543639242893325e-08,0.03858021597946158,2.672707852370368e-05,0,0,99.99997136908226,2.8630917728679975e-05,19.975,0.0,None,None
4254,69781.97298694738,49565.22701305262,86.4,0.0,99.99991981876443,8.018123557111104e-05,23,8,1.0,1.0,18.0,5.0,0.03858023586770149,9.543639242893326e-06,0.00038580235867701493,9.543639242893325e-08,0.03858021597946158,2.672707852370368e-05,0,0,99.99997136908226,2.8630917728679975e-05,19.975,0.0,None,None
4326,69781.97298694738,49565.22701305262,86.4,0.0,99.99991981876443,8.018123557111104e-05,23,8,1.0,1.0,18.0,5.0,0.03858023586770149,9.543639242893326e-06,0.00038580235867701493,9.543639242893325e-08,0.03858021597946158,2.672707852370368e-05,0,0,99.99997136908226,2.8630917728679975e-05,19.975,0.0,None,None
4441,69781.97298694738,49565.22701305262,86.4,0.0,99.99991981876443,8.018123557111104e-05,23,8,1.0,1.0,18.0,5.0,0.03858023586770149,9.543639242893326e-06,0.00038580235867701493,9.543639242893325e-08,0.03858021597946158,2.672707852370368e-05,0,0,99.99997136908226,2.8630917728679975e-05,19.975,0.0,None,None
4712,69781.97298694738,49565.22701305262,86.4,0.0,99.99991981876443,8.018123557111104e-05,23,8,1.0,1.0,18.0,5.0,0.03858023586770149,9.543639242893326e-06,0.00038580235867701493,9.543639242893325e-08,0.03858021597946158,2.672707852370368e-05,0,0,99.99997136908226,2.8630917728679975e-05,19.975,0.0,None,None
4784,69781.97298694738,49565.22701305262,86.4,0.0,99.99991981876443,8.018123557111104e-05,25,8,1.0,1.0,20.0,5.0,0.03858023586770149,9.543639242893326e-06,0.00038580235867701493,9.543639242893325e-08,0.03858021597946158,2.672707852370368e-05,0,0,99.99997136908226,2.8630917728679975e-05,19.975,0.0,36.0,None
4844,69907.19037825173,49440.00962174828,86.4,0.0,99.99991981876443,8.018123557111104e-05,25,8,1.0,1.0,20.0,5.0,0.03858023586770149,9.543639242893326e-06,0.00038580235867701493,9.543639242893325e-08,0.03858021597946158,2.672707852370368e-05,0,0,99.99997136908226,2.8630917728679975e-05,19.975,0.0,None,None
4930,69907.19037825173,49440.00962174828,86.4,0.0,99.99991981876443,8.018123557111104e-05,25,8,1.0,1.0,20.0,5.0,0.03858023586770149,9.543639242893326e-06,0.00038580235867701493,9.543639242893325e-08,0.03858021597946158,2.672707852370368e-05,0,0,99.99997136908226,2.8630917728679975e-05,19.975,0.0,None,None
4996,69907.19037825173,49440.00962174828,86.4,0.0,99.99991981876443,8.018123557111104e-05,25,8,1.0,1.0,20.0,5.0,0.03858023586770149,9.543639242893326e-06,0.00038580235867701493,9.543639242893325e-08,0.03858021597946158,2.672707852370368e-05,0,0,99.99997136908226,2.8630917728679975e-05,19.975,0.0,None,None
5065,69907.19037825173,49440.00962174828,86.4,0.0,99.99991981876443,8.018123557111104e-05,25,8,1.0,1.0,20.0,5.0,0.03858023586770149,9.543639242893326e-06,0.00038580235867701493,9.543639242893325e-08,0.03858021597946158,2.672707852370368e-05,0,0,99.99997136908226,2.8630917728679975e-05,19.975,0.0,None,None
5374,69907.19037825173,49440.00962174828,86.4,0.0,99.99991981876443,8.018123557111104e-05,26,8,1.0,1.0,20.0,5.0,0.03858023586770149,9.543639242893326e-06,0.00038580235867701493,9.543639242893325e-08,0.03858021597946158,2.672707852370368e-05,0,0,99.99997136908226,2.8630917728679975e-05,19.975,0.0,309.0,None
5460,69907.19037825173,49440.00962174828,86.4,0.0,99.99991981876443,8.018123557111104e-05,28,8,1.0,1.0,22.0,5.0,0.03858023586770149,9.543639242893326e-06,0.00038580235867701493,9.543639242893325e-08,0.03858021597946158,2.672707852370368e-05,0,0,99.99997136908226,2.8630917728679975e-05,19.975,0.0,43.0,None
5520,70013.8570449184,49333.3429550816,86.4,0.0,99.99991981876443,8.018123557111104e-05,28,8,1.0,1.0,22.0,5.0,0.03858023586770149,9.543639242893326e-06,0.00038580235867701493,9.543639242893325e-08,0.03858021597946158,2.672707852370368e-05,0,0,99.99997136908226,2.8630917728679975e-05,19.975,0.0,None,None
5609,70013.8570449184,49333.3429550816,86.4,0.0,99.99991981876443,8.018123557111104e-05,28,8,1.0,1.0,22.0,5.0,0.03858023586770149,9.543639242893326e-06,0.00038580235867701493,9.543639242893325e-08,0.03858021597946158,2.672707852370368e-05,0,0,99.99997136908226,2.8630917728679975e-05,19.975,0.0,None,None
5710,70013.8570449184,49333.3429550816,86.4,0.0,99.99991981876443,8.018123557111104e-05,28,8,1.0,1.0,22.0,5.0,0.03858023586770149,9.543639242893326e-06,0.00038580235867701493,9.543639242893325e-08,0.03858021597946158,2.672707852370368e-05,0,0,99.99997136908226,2.8630917728679975e-05,19.975,0.0,None,None
5985,70013.8570449184,49333.3429550816,86.4,0.0,99.99991981876443,8.018123557111104e-05,28,8,1.0,1.0,22.0,5.0,0.03858023586770149,9.543639242893326e-06,0.00038580235867701493,9.543639242893325e-08,0.03858021597946158,2.672707852370368e-05,0,0,99.99997136908226,2.8630917728679975e-05,19.975,0.0,None,None
6116,70013.8570449184,49333.3429550816,86.4,0.0,99.99991981876443,8.018123557111104e-05,29,8,1.0,1.0,22.0,5.0,0.03858023586770149,9.543639242893326e-06,0.00038580235867701493,9.543639242893325e-08,0.03858021597946158,2.672707852370368e-05,0,0,99.99997136908226,2.8630917728679975e-05,19.975,0.0,131.0,None
6181,70013.8570449184,49333.3429550816,86.4,0.0,99.99991981876443,8.018123557111104e-05,29,8,1.0,1.0,22.0,5.0,0.03858023586770149,9.543639242893326e-06,0.00038580235867701493,9.543639242893325e-08,0.03858021597946158,2.672707852370368e-05,0,0,99.99997136908226,2.8630917728679975e-05,19.975,0.0,None,None
6243,70013.8570449184,49333.3429550816,86.4,0.0,99.99991981876443,8.018123557111104e-05,29,8,1.0,1.0,22.0,5.0,0.03858023586770149,9.543639242893326e-06,0.00038580235867701493,9.543639242893325e-08,0.03858021597946158,2.672707852370368e-05,0,0,99.99997136908226,2.8630917728679975e-05,19.975,0.0,None,None
6307,70013.8570449184,49333.3429550816,86.4,0.0,99.99991981876443,8.018123557111104e-05,29,8,1.0,1.0,22.0,5.0,0.03858023586770149,9.543639242893326e-06,0.00038580235867701493,9.543639242893325e-08,0.03858021597946158,2.672707852370368e-05,0,0,99.99997136908226,2.8630917728679975e-05,19.975,0.0,None,None
6386,70013.8570449184,49333.3429550816,86.4,0.0,99.99991981876443,8.018123557111104e-05,29,8,1.0,1.0,22.0,5.0,0.03858023586770149,9.543639242893326e-06,0.00038580235867701493,9.543639242893325e-08,0.03858021597946158,2.672707852370368e-05,0,0,99.99997136908226,2.8630917728679975e-05,19.975,0.0,None,None
6459,70013.8570449184,49333.3429550816,86.4,0.0,99.99991981876443,8.018123557111104e-05,29,8,1.0,1.0,22.0,5.0,0.03858023586770149,9.543639242893326e-06,0.00038580235867701493,9.543639242893325e-08,0.03858021597946158,2.672707852370368e-05,0,0,99.99997136908226,2.8630917728679975e-05,19.975,0.0,None,None
6524,70013.8570449184,49333.3429550816,86.4,0.0,99.99991981876443,8.018123557111104e-05,29,8,1.0,1.0,22.0,5.0,0.03858023586770149,9.543639242893326e-06,0.00038580235867701493,9.543639242893325e-08,0.03858021597946158,2.672707852370368e-05,0,0,99.99997136908226,2.8630917728679975e-05,19.975,0.0,None,None
6595,70013.8570449184,49333.3429550816,86.4,0.0,99.99991981876443,8.018123557111104e-05,29,8,1.0,1.0,22.0,5.0,0.03858023586770149,9.543639242893326e-06,0.00038580235867701493,9.543639242893325e-08,0.03858021597946158,2.672707852370368e-05,0,0,99.99997136908226,2.8630917728679975e-05,19.975,0.0,None,None
6669,70013.8570449184,49333.3429550816,86.4,0.0,99.99991981876443,8.018123557111104e-05,29,8,1.0,1.0,22.0,5.0,0.03858023586770149,9.543639242893326e-06,0.00038580235867701493,9.543639242893325e-08,0.03858021597946158,2.672707852370368e-05,0,0,99.99997136908226,2.8630917728679975e-05,19.975,0.0,None,None
6729,70013.8570449184,49333.3429550816,86.4,0.0,99.99991981876443,8.018123557111104e-05,30,8,1.0,1.0,23.0,5.0,0.03858023586770149,9.543639242893326e-06,0.00038580235867701493,9.543639242893325e-08,0.03858021597946158,2.672707852370368e-05,0,0,99.99997136908226,2.8630917728679975e-05,19.975,0.0,60.0,None
6795,70061.47609253746,49285.723907462554,86.4,0.0,99.99991981876443,8.018123557111104e-05,30,8,1.0,1.0,23.0,5.0,0.03858023586770149,9.543639242893326e-06,0.00038580235867701493,9.543639242893325e-08,0.03858021597946158,2.672707852370368e-05,0,0,99.99997136908226,2.8630917728679975e-05,19.975,0.0,None,None
6857,70061.47609253746,49285.723907462554,86.4,0.0,99.99991981876443,8.018123557111104e-05,30,8,1.0,1.0,23.0,5.0,0.03858023586770149,9.543639242893326e-06,0.00038580235867701493,9.543639242893325e-08,0.03858021597946158,2.672707852370368e-05,0,0,99.99997136908226,2.8630917728679975e-05,19.975,0.0,None,None
6942,70061.47609253746,49285.723907462554,86.4,0.0,99.99991981876443,8.018123557111104e-05,30,8,1.0,1.0,23.0,5.0,0.03858023586770149,9.543639242893326e-06,0.00038580235867701493,9.543639242893325e-08,0.03858021597946158,2.672707852370368e-05,0,0,99.99997136908226,2.8630917728679975e-05,19.975,0.0,None,None
7051,70061.47609253746,49285.723907462554,86.4,0.0,99.99991981876443,8.018123557111104e-05,30,8,1.0,1.0,23.0,5.0,0.03858023586770149,9.543639242893326e-06,0.00038580235867701493,9.543639242893325e-08,0.03858021597946158,2.672707852370368e-05,0,0,99.99997136908226,2.8630917728679975e-05,19.975,0.0,None,None
7134,70061.47609253746,49285.723907462554,86.4,0.0,99.99991981876443,8.018123557111104e-05,31,8,1.0,1.0,23.0,5.0,0.03858023586770149,9.543639242893326e-06,0.00038580235867701493,9.543639242893325e-08,0.03858021597946158,2.672707852370368e-05,0,0,99.99997136908226,2.8630917728679975e-05,19.975,0.0,83.0,None
7203,70061.47609253746,49285.723907462554,86.4,0.0,99.99991981876443,8.018123557111104e-05,32,8,1.0,1.0,23.0,5.0,0.03858023586770149,9.543639242893326e-06,0.00038580235867701493,9.543639242893325e-08,0.03858021597946158,2.672707852370368e-05,0,0,99.99997136908226,2.8630917728679975e-05,19.975,0.0,69.0,None
7271,70061.47609253746,49285.723907462554,86.4,0.0,99.99991981876443,8.018123557111104e-05,33,8,1.0,1.0,24.0,5.0,0.03858023586770149,9.543639242893326e-06,0.00038580235867701493,9.543639242893325e-08,0.03858021597946158,2.672707852370368e-05,0,0,99.99997136908226,2.8630917728679975e-05,19.975,0.0,68.0,None
7352,70105.8110679069,49241.388932093105,86.4,0.0,99.99991981876443,8.018123557111104e-05,34,8,1.0,1.0,25.0,5.0,0.03858023586770149,9.543639242893326e-06,0.00038580235867701493,9.543639242893325e-08,0.03858021597946158,2.672707852370368e-05,0,0,99.99997136908226,2.8630917728679975e-05,19.975,0.0,81.0,None
7412,70147.19037825173,49200.00962174828,86.4,0.0,99.99991981876443,8.018123557111104e-05,35,8,1.0,1.0,25.0,5.0,0.03858023586770149,9.543639242893326e-06,0.00038580235867701493,9.543639242893325e-08,0.03858021597946158,2.672707852370368e-05,0,0,99.99997136908226,2.8630917728679975e-05,19.975,0.0,60.0,None
7529,70147.19037825173,49200.00962174828,86.4,0.0,99.99994988672776,5.0113272231944404e-05,37,8,1.0,1.0,25.0,5.0,0.03858023586770149,9.543639242893326e-06,0.00038580235867701493,9.543639242893325e-08,0.03858022757975608,1.67044240773148e-05,0,0,99.99998210567642,1.7894323580424986e-05,19.975,0.0,58.5,None
7590,70147.19398640734,49200.006013592676,86.4,0.0,99.99994988672776,5.0113272231944404e-05,37,8,1.0,1.0,25.0,5.0,0.03858024000990602,5.96477452680833e-06,0.00038580240009906025,5.96477452680833e-08,0.03858022757975608,1.67044240773148e-05,0,0,99.99998210567642,1.7894323580424986e-05,19.975,0.0,None,None
7831,70147.19398640734,49200.006013592676,86.4,0.0,99.99994988672776,5.0113272231944404e-05,37,8,1.0,1.0,25.0,5.0,0.03858024000990602,5.96477452680833e-06,0.00038580240009906025,5.96477452680833e-08,0.03858022757975608,1.67044240773148e-05,0,0,99.99998210567642,1.7894323580424986e-05,19.975,0.0,None,None
7896,70147.19398640734,49200.006013592676,86.4,0.0,99.99994988672776,5.0113272231944404e-05,37,8,1.0,1.0,25.0,5.0,0.03858024000990602,5.96477452680833e-06,0.00038580240009906025,5.96477452680833e-08,0.03858022757975608,1.67044240773148e-05,0,0,99.99998210567642,1.7894323580424986e-05,19.975,0.0,None,None
7995,70147.19398640734,49200.006013592676,86.4,0.0,99.99994988672776,5.0113272231944404e-05,37,8,1.0,1.0,25.0,5.0,0.03858024000990602,5.96477452680833e-06,0.00038580240009906025,5.96477452680833e-08,0.03858022757975608,1.67044240773148e-05,0,0,99.99998210567642,1.7894323580424986e-05,19.975,0.0,None,None
8070,70147.19398640734,49200.006013592676,86.4,0.0,99.99994988672776,5.0113272231944404e-05,37,8,1.0,1.0,25.0,5.0,0.03858024000990602,5.96477452680833e-06,0.00038580240009906025,5.96477452680833e-08,0.03858022757975608,1.67044240773148e-05,0,0,99.99998210567642,1.7894323580424986e-05,19.975,0.0,None,None
8130,70147.19398640734,49200.006013592676,86.4,0.0,99.99994988672776,5.0113272231944404e-05,38,8,1.0,1.0,25.0,5.0,0.03858024000990602,5.96477452680833e-06,0.00038580240009906025,5.96477452680833e-08,0.03858022757975608,1.67044240773148e-05,0,0,99.99998210567642,1.7894323580424986e-05,19.975,0.0,60.0,None
8205,70147.19398640734,49200.006013592676,86.4,0.0,99.99994988672776,5.0113272231944404e-05,38,8,1.0,1.0,25.0,5.0,0.03858024000990602,5.96477452680833e-06,0.00038580240009906025,5.96477452680833e-08,0.03858022757975608,1.67044240773148e-05,0,0,99.99998210567642,1.7894323580424986e-05,19.975,0.0,None,None
8307,70147.19398640734,49200.006013592676,86.4,0.0,99.99994988672776,5.0113272231944404e-05,38,8,1.0,1.0,25.0,5.0,0.03858024000990602,5.96477452680833e-06,0.00038580240009906025,5.96477452680833e-08,0.03858022757975608,1.67044240773148e-05,0,0,99.99998210567642,1.7894323580424986e-05,19.975,0.0,None,None
8399,70147.19398640734,49200.006013592676,86.4,0.0,99.99994988672776,5.0113272231944404e-05,39,8,1.0,1.0,26.0,5.0,0.03858024000990602,5.96477452680833e-06,0.00038580240009906025,5.96477452680833e-08,0.03858022757975608,1.67044240773148e-05,0,0,99.99998210567642,1.7894323580424986e-05,19.975,0.0,92.0,None
8459,70185.9036638267,49161.29633617331,86.4,0.0,99.99994988672776,5.0113272231944404e-05,40,8,1.0,1.0,27.0,5.0,0.03858024000990602,5.96477452680833e-06,0.00038580240009906025,5.96477452680833e-08,0.03858022757975608,1.67044240773148e-05,0,0,99.99998210567642,1.7894323580424986e-05,19.975,0.0,60.0,None
8555,70222.19398640735,49125.00601359267,86.4,0.0,99.99994988672776,5.0113272231944404e-05,40,8,1.0,1.0,27.0,5.0,0.03858024000990602,5.96477452680833e-06,0.00038580240009906025,5.96477452680833e-08,0.03858022757975608,1.67044240773148e-05,0,0,99.99998210567642,1.7894323580424986e-05,19.975,0.0,None,None
8616,70222.19398640735,49125.00601359267,86.4,0.0,99.99994988672776,5.0113272231944404e-05,40,8,1.0,1.0,27.0,5.0,0.03858024000990602,5.96477452680833e-06,0.00038580240009906025,5.96477452680833e-08,0.03858022757975608,1.67044240773148e-05,0,0,99.99998210567642,1.7894323580424986e-05,19.975,0.0,None,None
8690,70222.19398640735,49125.00601359267,86.4,0.0,99.99994988672776,5.0113272231944404e-05,40,8,1.0,1.0,27.0,5.0,0.03858024000990602,5.96477452680833e-06,0.00038580240009906025,5.96477452680833e-08,0.03858022757975608,1.67044240773148e-05,0,0,99.99998210567642,1.7894323580424986e-05,19.975,0.0,None,None
8750,70222.19398640735,49125.00601359267,86.4,0.0,99.99994988672776,5.0113272231944404e-05,40,8,1.0,1.0,27.0,5.0,0.03858024000990602,5.96477452680833e-06,0.00038580240009906025,5.96477452680833e-08,0.03858022757975608,1.67044240773148e-05,0,0,99.99998210567642,1.7894323580424986e-05,19.975,0.0,None,None
8944,70222.19398640735,49125.00601359267,86.4,0.0,99.99994988672776,5.0113272231944404e-05,41,8,1.0,1.0,28.0,5.0,0.03858024000990602,5.96477452680833e-06,0.00038580240009906025,5.96477452680833e-08,0.03858022757975608,1.67044240773148e-05,0,0,99.99998210567642,1.7894323580424986e-05,19.975,0.0,194.0,None
9034,70256.28489549825,49090.91510450176,86.4,0.0,99.99994988672776,5.0113272231944404e-05,42,8,1.0,1.0,29.0,5.0,0.03858024000990602,5.96477452680833e-06,0.00038580240009906025,5.96477452680833e-08,0.03858022757975608,1.67044240773148e-05,0,0,99.99998210567642,1.7894323580424986e-05,19.975,0.0,90.0,None
9095,70288.37045699557,49058.82954300443,86.4,0.0,99.99994988672776,5.0113272231944404e-05,42,8,1.0,1.0,29.0,5.0,0.03858024000990602,5.96477452680833e-06,0.00038580240009906025,5.96477452680833e-08,0.03858022757975608,1.67044240773148e-05,0,0,99.99998210567642,1.7894323580424986e-05,19.975,0.0,None,None
9218,70288.37045699557,49058.82954300443,86.4,0.0,99.99994988672776,5.0113272231944404e-05,43,8,1.0,1.0,29.0,5.0,0.03858024000990602,5.96477452680833e-06,0.00038580240009906025,5.96477452680833e-08,0.03858022757975608,1.67044240773148e-05,0,0,99.99998210567642,1.7894323580424986e-05,19.975,0.0,123.0,None
9281,70288.37045699557,49058.82954300443,86.4,0.0,99.99994988672776,5.0113272231944404e-05,43,8,1.0,1.0,29.0,5.0,0.03858024000990602,5.96477452680833e-06,0.00038580240009906025,5.96477452680833e-08,0.03858022757975608,1.67044240773148e-05,0,0,99.99998210567642,1.7894323580424986e-05,19.975,0.0,None,None
9386,70288.37045699557,49058.82954300443,86.4,0.0,99.99994988672776,5.0113272231944404e-05,43,8,1.0,1.0,29.0,5.0,0.03858024000990602,5.96477452680833e-06,0.00038580240009906025,5.96477452680833e-08,0.03858022757975608,1.67044240773148e-05,0,0,99.99998210567642,1.7894323580424986e-05,19.975,0.0,None,None
9454,70288.37045699557,49058.82954300443,86.4,0.0,99.99994988672776,5.0113272231944404e-05,43,8,1.0,1.0,29.0,5.0,0.03858024000990602,5.96477452680833e-06,0.00038580240009906025,5.96477452680833e-08,0.03858022757975608,1.67044240773148e-05,0,0,99.99998210567642,1.7894323580424986e-05,19.975,0.0,None,None
9538,70288.37045699557,49058.82954300443,86.4,0.0,99.99994988672776,5.0113272231944404e-05,43,8,1.0,1.0,29.0,5.0,0.03858024000990602,5.96477452680833e-06,0.00038580240009906025,5.96477452680833e-08,0.03858022757975608,1.67044240773148e-05,0,0,99.99998210567642,1.7894323580424986e-05,19.975,0.0,None,None
9600,70288.37045699557,49058.82954300443,86.4,0.0,99.99994988672776,5.0113272231944404e-05,43,8,1.0,1.0,29.0,5.0,0.03858024000990602,5.96477452680833e-06,0.00038580240009906025,5.96477452680833e-08,0.03858022757975608,1.67044240773148e-05,0,0,99.99998210567642,1.7894323580424986e-05,19.975,0.0,None,None
9690,70288.37045699557,49058.82954300443,86.4,0.0,99.99994988672776,5.0113272231944404e-05,44,8,1.0,1.0,30.0,5.0,0.03858024000990602,5.96477452680833e-06,0.00038580240009906025,5.96477452680833e-08,0.03858022757975608,1.67044240773148e-05,0,0,99.99998210567642,1.7894323580424986e-05,19.975,0.0,90.0,None
9753,70318.6225578359,49028.5774421641,86.4,0.0,99.99994988672776,5.0113272231944404e-05,44,8,1.0,1.0,30.0,5.0,0.03858024000990602,5.96477452680833e-06,0.00038580240009906025,5.96477452680833e-08,0.03858022757975608,1.67044240773148e-05,0,0,99.99998210567642,1.7894323580424986e-05,19.975,0.0,None,None
9820,70318.6225578359,49028.5774421641,86.4,0.0,99.99994988672776,5.0113272231944404e-05,44,8,1.0,1.0,30.0,5.0,0.03858024000990602,5.96477452680833e-06,0.00038580240009906025,5.96477452680833e-08,0.03858022757975608,1.67044240773148e-05,0,0,99.99998210567642,1.7894323580424986e-05,19.975,0.0,None,None
9911,70318.6225578359,49028.5774421641,86.4,0.0,99.99994988672776,5.0113272231944404e-05,44,8,1.0,1.0,30.0,5.0,0.03858024000990602,5.96477452680833e-06,0.00038580240009906025,5.96477452680833e-08,0.03858022757975608,1.67044240773148e-05,0,0,99.99998210567642,1.7894323580424986e-05,19.975,0.0,None,None
9974,70318.6225578359,49028.5774421641,86.4,0.0,99.99994988672776,5.0113272231944404e-05,44,8,1.0,1.0,30.0,5.0,0.03858024000990602,5.96477452680833e-06,0.00038580240009906025,5.96477452680833e-08,0.03858022757975608,1.67044240773148e-05,0,0,99.99998210567642,1.7894323580424986e-05,19.975,0.0,None,None
10037,70318.6225578359,49028.5774421641,86.4,0.0,99.99994988672776,5.0113272231944404e-05,44,8,1.0,1.0,30.0,5.0,0.03858024000990602,5.96477452680833e-06,0.00038580240009906025,5.96477452680833e-08,0.03858022757975608,1.67044240773148e-05,0,0,99.99998210567642,1.7894323580424986e-05,19.975,0.0,None,None
10098,70318.6225578359,49028.5774421641,86.4,0.0,99.99994988672776,5.0113272231944404e-05,50,8,1.0,1.0,36.0,5.0,0.03858024000990602,5.96477452680833e-06,0.00038580240009906025,5.96477452680833e-08,0.03858022757975608,1.67044240773148e-05,0,0,99.99998210567642,1.7894323580424986e-05,19.975,0.0,10.166666666666666,None
10181,70469.14520591953,48878.054794080475,86.4,0.0,99.99994988672776,5.0113272231944404e-05,52,8,1.0,1.0,38.0,5.0,0.03858024000990602,5.96477452680833e-06,0.00038580240009906025,5.96477452680833e-08,0.03858022757975608,1.67044240773148e-05,0,0,99.99998210567642,1.7894323580424986e-05,19.975,0.0,41.5,None
10243,70509.98468408176,48837.21531591825,86.4,0.0,99.99994988672776,5.0113272231944404e-05,52,8,1.0,1.0,38.0,5.0,0.03858024000990602,5.96477452680833e-06,0.00038580240009906025,5.96477452680833e-08,0.03858022757975608,1.67044240773148e-05,0,0,99.99998210567642,1.7894323580424986e-05,19.975,0.0,None,None
10368,70509.98468408176,48837.21531591825,86.4,0.0,99.99994988672776,5.0113272231944404e-05,53,8,1.0,1.0,38.0,5.0,0.03858024000990602,5.96477452680833e-06,0.00038580240009906025,5.96477452680833e-08,0.03858022757975608,1.67044240773148e-05,0,0,99.99998210567642,1.7894323580424986e-05,19.975,0.0,125.0,None
10432,70509.98468408176,48837.21531591825,86.4,0.0,99.99994988672776,5.0113272231944404e-05,53,8,1.0,1.0,38.0,5.0,0.03858024000990602,5.96477452680833e-06,0.00038580240009906025,5.96477452680833e-08,0.03858022757975608,1.67044240773148e-05,0,0,99.99998210567642,1.7894323580424986e-05,19.975,0.0,None,None
10495,70509.98468408176,48837.21531591825,86.4,0.0,99.99994988672776,5.0113272231944404e-05,53,8,1.0,1.0,38.0,5.0,0.03858024000990602,5.96477452680833e-06,0.00038580240009906025,5.96477452680833e-08,0.03858022757975608,1.67044240773148e-05,0,0,99.99998210567642,1.7894323580424986e-05,19.975,0.0,None,None
10566,70509.98468408176,48837.21531591825,86.4,0.0,99.99994988672776,5.0113272231944404e-05,53,8,1.0,1.0,38.0,5.0,0.03858024000990602,5.96477452680833e-06,0.00038580240009906025,5.96477452680833e-08,0.03858022757975608,1.67044240773148e-05,0,0,99.99998210567642,1.7894323580424986e-05,19.975,0.0,None,None
10633,70509.98468408176,48837.21531591825,86.4,0.0,99.99994988672776,5.0113272231944404e-05,53,8,1.0,1.0,38.0,5.0,0.03858024000990602,5.96477452680833e-06,0.00038580240009906025,5.96477452680833e-08,0.03858022757975608,1.67044240773148e-05,0,0,99.99998210567642,1.7894323580424986e-05,19.975,0.0,None,None
10698,70509.98468408176,48837.21531591825,86.4,0.0,99.99994988672776,5.0113272231944404e-05,53,8,1.0,1.0,38.0,5.0,0.03858024000990602,5.96477452680833e-06,0.00038580240009906025,5.96477452680833e-08,0.03858022757975608,1.67044240773148e-05,0,0,99.99998210567642,1.7894323580424986e-05,19.975,0.0,None,None
10853,70509.98468408176,48837.21531591825,86.4,0.0,99.99994988672776,5.0113272231944404e-05,54,8,1.0,1.0,38.0,5.0,0.03858024000990602,5.96477452680833e-06,0.00038580240009906025,5.96477452680833e-08,0.03858022757975608,1.67044240773148e-05,0,0,99.99998210567642,1.7894323580424986e-05,19.975,0.0,155.0,None
10947,70509.98468408176,48837.21531591825,86.4,0.0,99.99994988672776,5.0113272231944404e-05,56,8,1.0,1.0,40.0,5.0,0.03858024000990602,5.96477452680833e-06,0.00038580240009906025,5.96477452680833e-08,0.03858022757975608,1.67044240773148e-05,0,0,99.99998210567642,1.7894323580424986e-05,19.975,0.0,47.0,None
11017,70547.19398640734,48800.00601359266,86.4,0.0,99.99994988672776,5.0113272231944404e-05,57,8,1.0,1.0,41.0,5.0,0.03858024000990602,5.96477452680833e-06,0.00038580240009906025,5.96477452680833e-08,0.03858022757975608,1.67044240773148e-05,0,0,99.99998210567642,1.7894323580424986e-05,19.975,0.0,70.0,None
11109,70564.58529075516,48782.614709244845,86.4,0.0,99.99994988672776,5.0113272231944404e-05,57,8,1.0,1.0,41.0,5.0,0.03858024000990602,5.96477452680833e-06,0.00038580240009906025,5.96477452680833e-08,0.03858022757975608,1.67044240773148e-05,0,0,99.99998210567642,1.7894323580424986e-05,19.975,0.0,None,None
11205,70564.58529075516,48782.614709244845,86.4,0.0,99.99994988672776,5.0113272231944404e-05,57,8,1.0,1.0,41.0,5.0,0.03858024000990602,5.96477452680833e-06,0.00038580240009906025,5.96477452680833e-08,0.03858022757975608,1.67044240773148e-05,0,0,99.99998210567642,1.7894323580424986e-05,19.975,0.0,None,None
11275,70564.58529075516,48782.614709244845,86.4,0.0,99.99994988672776,5.0113272231944404e-05,57,8,1.0,1.0,41.0,5.0,0.03858024000990602,5.96477452680833e-06,0.00038580240009906025,5.96477452680833e-08,0.03858022757975608,1.67044240773148e-05,0,0,99.99998210567642,1.7894323580424986e-05,19.975,0.0,None,None
11360,70564.58529075516,48782.614709244845,86.4,0.0,100.0,0.0,57,8,1.0,1.0,41.0,5.0,0.03858024000990602,5.96477452680833e-06,0.00038580240009906025,5.96477452680833e-08,0.038580246913580245,0.0,0,0,100.0,0.0,19.975,0.0,None,None
11430,70564.59130434782,48782.608695652176,86.4,0.0,100.0,0.0,57,8,1.0,1.0,41.0,5.0,0.038580246913580245,0.0,0.00038580246913580245,0.0,0.038580246913580245,0.0,0,0,100.0,0.0,19.975,0.0,None,None
11574,70564.59130434782,48782.608695652176,86.4,0.0,100.0,0.0,58,8,1.0,1.0,41.0,5.0,0.038580246913580245,0.0,0.00038580246913580245,0.0,0.038580246913580245,0.0,0,0,100.0,0.0,19.975,0.0,144.0,None
11642,70564.59130434782,48782.608695652176,86.4,0.0,100.0,0.0,58,8,1.0,1.0,41.0,5.0,0.038580246913580245,0.0,0.00038580246913580245,0.0,0.038580246913580245,0.0,0,0,100.0,0.0,19.975,0.0,None,None
11703,70564.59130434782,48782.608695652176,86.4,0.0,100.0,0.0,58,8,1.0,1.0,41.0,5.0,0.038580246913580245,0.0,0.00038580246913580245,0.0,0.038580246913580245,0.0,0,0,100.0,0.0,19.975,0.0,None,None
11844,70564.59130434782,48782.608695652176,86.4,0.0,100.0,0.0,59,8,1.0,1.0,41.0,5.0,0.038580246913580245,0.0,0.00038580246913580245,0.0,0.038580246913580245,0.0,0,0,100.0,0.0,19.975,0.0,141.0,None
11941,70564.59130434782,48782.608695652176,86.4,0.0,100.0,0.0,60,8,1.0,1.0,41.0,5.0,0.038580246913580245,0.0,0.00038580246913580245,0.0,0.038580246913580245,0.0,0,0,100.0,0.0,19.975,0.0,97.0,None
12020,70564.59130434782,48782.608695652176,86.4,0.0,100.0,0.0,60,8,1.0,1.0,41.0,5.0,0.038580246913580245,0.0,0.00038580246913580245,0.0,0.038580246913580245,0.0,0,0,100.0,0.0,19.975,0.0,None,None
12081,70564.59130434782,48782.608695652176,86.4,0.0,100.0,0.0,60,8,1.0,1.0,41.0,5.0,0.038580246913580245,0.0,0.00038580246913580245,0.0,0.038580246913580245,0.0,0,0,100.0,0.0,19.975,0.0,None,None
12156,70564.59130434782,48782.608695652176,86.4,0.0,100.0,0.0,60,8,1.0,1.0,41.0,5.0,0.038580246913580245,0.0,0.00038580246913580245,0.0,0.038580246913580245,0.0,0,0,100.0,0.0,19.975,0.0,None,None
12256,70564.59130434782,48782.608695652176,86.4,0.0,100.0,0.0,64,8,1.0,1.0,45.0,5.0,0.038580246913580245,0.0,0.00038580246913580245,0.0,0.038580246913580245,0.0,0,0,100.0,0.0,19.975,0.0,25.0,None
12325,70627.20000000001,48720.0,86.4,0.0,100.0,0.0,64,8,1.0,1.0,45.0,5.0,0.038580246913580245,0.0,0.00038580246913580245,0.0,0.038580246913580245,0.0,0,0,100.0,0.0,19.975,0.0,None,None
12388,70627.20000000001,48720.0,86.4,0.0,100.0,0.0,64,8,1.0,1.0,45.0,5.0,0.038580246913580245,0.0,0.00038580246913580245,0.0,0.038580246913580245,0.0,0,0,100.0,0.0,19.975,0.0,None,None
12531,70627.20000000001,48720.0,86.4,0.0,100.0,0.0,65,8,1.0,1.0,45.0,5.0,0.038580246913580245,0.0,0.00038580246913580245,0.0,0.038580246913580245,0.0,0,0,100.0,0.0,19.975,0.0,143.0,None
12639,70627.20000000001,48720.0,86.4,0.0,100.0,0.0,66,8,1.0,1.0,46.0,5.0,0.038580246913580245,0.0,0.00038580246913580245,0.0,0.038580246913580245,0.0,0,0,100.0,0.0,19.975,0.0,108.0,None
12722,70641.31764705884,48705.88235294118,86.4,0.0,100.0,0.0,66,8,1.0,1.0,46.0,5.0,0.038580246913580245,0.0,0.00038580246913580245,0.0,0.038580246913580245,0.0,0,0,100.0,0.0,19.975,0.0,None,None
12811,70641.31764705884,48705.88235294118,86.4,0.0,100.0,0.0,66,8,1.0,1.0,46.0,5.0,0.038580246913580245,0.0,0.00038580246913580245,0.0,0.038580246913580245,0.0,0,0,100.0,0.0,19.975,0.0,None,None
12921,70641.31764705884,48705.88235294118,86.4,0.0,100.0,0.0,67,8,1.0,1.0,46.0,5.0,0.038580246913580245,0.0,0.00038580246913580245,0.0,0.038580246913580245,0.0,0,0,100.0,0.0,19.975,0.0,110.0,None
12990,70641.31764705884,48705.88235294118,86.4,0.0,100.0,0.0,67,8,1.0,1.0,46.0,5.0,0.038580246913580245,0.0,0.00038580246913580245,0.0,0.038580246913580245,0.0,0,0,100.0,0.0,19.975,0.0,None,None
13000,70641.31764705884,48705.88235294118,86.4,0.0,100.0,0.0,67,8,1.0,1.0,46.0,5.0,0.038580246913580245,0.0,0.00038580246913580245,0.0,0.038580246913580245,0.0,0,0,100.0,0.0,19.975,0.0,None,None
