scenario_id,economic_split,pool_committed_split,composition_index,composition_seed,committed_hashrate_actual,committed_pool_ids_v27,foundry_committed,big_pool_committed_count,has_large_pool,outcome,v27_won,winning_fork,v27_hr_share,final_v27_hashrate,final_v26_hashrate,final_v27_economic,final_v26_economic,final_v27_price,final_v26_price,v27_blocks,v26_blocks,total_blocks,total_reorgs,reorg_mass,total_orphans,econ_ideology_strength,econ_inertia,econ_switching_threshold,economic_nodes_per_partition,hashrate_split,pool_ideology_strength,pool_max_loss_pct,pool_neutral_pct,pool_profitability_threshold,solo_miner_hashrate,transaction_velocity,user_ideology_strength,user_nodes_per_partition,user_switching_threshold
sweep_0000,0.55,0.1,0,1000,0.0865,luxor+sbicrypto,0,0,0,v26_win,0,v26,0.0,0.0,86.40000000000002,56.73664319629601,43.26335680370397,55141.581093921886,64205.61890607812,193,5200,5393,8,1130,0,0.4,0.05,0.1,2,0.25,0.51,0.26,30.0,0.16,0.085,0.5,0.49,6,0.12
sweep_0001,0.55,0.1,1,1001,0.0,,0,0,0,v26_win,0,v26,0.0,0.0,86.39999999999999,56.73664319629601,43.26335680370397,55174.10509451233,64173.094905487684,223,5246,5469,4,666,0,0.4,0.05,0.1,2,0.25,0.51,0.26,30.0,0.16,0.085,0.5,0.49,6,0.12
sweep_0002,0.55,0.1,2,1002,0.0839,marapool,0,0,0,v26_win,0,v26,0.0,0.0,86.39999999999999,56.73664319629601,43.26335680370397,55126.3857412216,64220.814258778395,173,4903,5076,8,1174,0,0.4,0.05,0.1,2,0.25,0.51,0.26,30.0,0.16,0.085,0.5,0.49,6,0.12
sweep_0003,0.55,0.1,3,1003,0.0545,luxor+ocean,0,0,0,v26_win,0,v26,0.0,0.0,86.39999999999999,56.73664319629601,43.26335680370397,55073.61627552782,64273.583724472184,155,5223,5378,8,908,0,0.4,0.05,0.1,2,0.25,0.51,0.26,30.0,0.16,0.085,0.5,0.49,6,0.12
sweep_0004,0.55,0.1,4,1004,0.0139,braiinspool,0,0,0,v26_win,0,v26,0.0,0.0,86.39999999999999,56.73664319629601,43.26335680370397,55100.26127631668,64246.93872368332,165,5167,5332,6,827,0,0.4,0.05,0.1,2,0.25,0.51,0.26,30.0,0.16,0.085,0.5,0.49,6,0.12
sweep_0005,0.55,0.1,5,1005,0.0,,0,0,0,v26_win,0,v26,0.0,0.0,86.39999999999999,56.73664319629601,43.26335680370397,55084.41431231676,64262.785687683245,183,5770,5953,8,1134,0,0.4,0.05,0.1,2,0.25,0.51,0.26,30.0,0.16,0.085,0.5,0.49,6,0.12
sweep_0006,0.55,0.15,0,1006,0.1957,antpool,0,1,1,v27_win,1,v27,1.0,86.4,0.0,56.737060138721,43.262939861279,63750.92692470426,55596.27307529575,2544,1098,3642,8,4904,0,0.4,0.05,0.1,2,0.25,0.51,0.26,30.0,0.16,0.085,0.5,0.49,6,0.12
sweep_0007,0.55,0.15,1,1007,0.1158,viabtc,0,1,1,contested,0,v26,0.4733796296296296,40.9,45.5,56.737060138721,43.262939861279,60181.069266185135,59166.13073381487,988,1111,2099,4,403,0,0.4,0.05,0.1,2,0.25,0.51,0.26,30.0,0.16,0.085,0.5,0.49,6,0.12
sweep_0008,0.55,0.15,2,1008,0.1021,binancepool,0,0,0,v26_win,0,v26,0.0,0.0,86.39999999999999,56.73664319629601,43.26335680370397,55066.67798545832,64280.52201454168,172,5545,5717,6,859,0,0.4,0.05,0.1,2,0.25,0.51,0.26,30.0,0.16,0.085,0.5,0.49,6,0.12
sweep_0009,0.55,0.15,3,1009,0.0,,0,0,0,v26_win,0,v26,0.0,0.0,86.39999999999999,56.737060138721,43.262939861279,57123.8785653707,62223.3214346293,809,1709,2518,4,2502,0,0.4,0.05,0.1,2,0.25,0.51,0.26,30.0,0.16,0.085,0.5,0.49,6,0.12
sweep_0010,0.55,0.15,4,1010,0.1957,antpool,0,1,1,v26_win,0,v26,0.0,0.0,86.39999999999999,56.73664319629601,43.26335680370397,55235.613786778864,64111.58621322115,201,4446,4647,8,1064,0,0.4,0.05,0.1,2,0.25,0.51,0.26,30.0,0.16,0.085,0.5,0.49,6,0.12
sweep_0011,0.55,0.15,5,1011,0.1021,binancepool,0,0,0,v26_win,0,v26,0.0,0.0,86.4,56.73664319629601,43.26335680370397,55152.9217698644,64194.2782301356,155,4313,4468,8,891,0,0.4,0.05,0.1,2,0.25,0.51,0.26,30.0,0.16,0.085,0.5,0.49,6,0.12
sweep_0012,0.55,0.214,0,1012,0.1021,binancepool,0,0,0,contested,0,v27,0.5046296296296297,43.599999999999994,42.8,56.737060138721,43.262939861279,60532.82616401494,58814.37383598506,1626,1598,3224,6,549,0,0.4,0.05,0.1,2,0.25,0.51,0.26,30.0,0.16,0.085,0.5,0.49,6,0.12
sweep_0013,0.55,0.214,1,1013,0.1624,braiinspool+sbicrypto+binancepool,0,0,0,contested,0,v26,0.4571759259259259,39.5,46.9,56.737060138721,43.262939861279,59969.13211557637,59378.06788442364,1154,1392,2546,4,533,0,0.4,0.05,0.1,2,0.25,0.51,0.26,30.0,0.16,0.085,0.5,0.49,6,0.12
sweep_0014,0.55,0.214,2,1014,0.1144,f2pool,0,0,0,contested,0,v26,0.47337962962962965,40.9,45.49999999999999,56.737060138721,43.262939861279,60130.74262023585,59216.45737976415,1804,2149,3953,4,492,0,0.4,0.05,0.1,2,0.25,0.51,0.26,30.0,0.16,0.085,0.5,0.49,6,0.12
sweep_0015,0.55,0.214,3,1015,0.1378,luxor+marapool+braiinspool,0,0,0,v26_win,0,v26,0.0,0.0,86.39999999999999,56.73664319629601,43.26335680370397,55110.72137916205,64236.47862083795,184,5135,5319,6,962,0,0.4,0.05,0.1,2,0.25,0.51,0.26,30.0,0.16,0.085,0.5,0.49,6,0.12
sweep_0016,0.55,0.214,4,1016,0.1957,antpool,0,1,1,v26_win,0,v26,0.0,0.0,86.4,56.73664319629601,43.26335680370397,55121.76311657264,64225.43688342736,171,4930,5101,8,1060,0,0.4,0.05,0.1,2,0.25,0.51,0.26,30.0,0.16,0.085,0.5,0.49,6,0.12
sweep_0017,0.55,0.214,5,1017,0.1558,viabtc+luxor,0,1,1,contested,0,v26,0.4571759259259259,39.5,46.9,56.737060138721,43.262939861279,59992.47458266705,59354.725417332964,1614,1931,3545,4,286,0,0.4,0.05,0.1,2,0.25,0.51,0.26,30.0,0.16,0.085,0.5,0.49,6,0.12
sweep_0018,0.55,0.25,0,1018,0.1144,f2pool,0,0,0,contested,0,v26,0.4652777777777778,40.2,46.2,56.737060138721,43.262939861279,60119.614943770175,59227.58505622984,1440,1645,3085,6,537,0,0.4,0.05,0.1,2,0.25,0.51,0.26,30.0,0.16,0.085,0.5,0.49,6,0.12
sweep_0019,0.55,0.25,1,1019,0.1523,luxor+ocean+braiinspool+marapool,0,0,0,v26_win,0,v26,0.0,0.0,86.4,56.737060138721,43.262939861279,57611.130305178536,61736.06969482145,1895,4295,6190,6,4188,0,0.4,0.05,0.1,2,0.25,0.51,0.26,30.0,0.16,0.085,0.5,0.49,6,0.12
sweep_0020,0.55,0.25,2,1020,0.2101,ocean+antpool,0,1,1,contested,0,v27,0.5567129629629629,48.1,38.300000000000004,56.737060138721,43.262939861279,61016.479953219416,58330.72004678059,1706,1455,3161,2,257,0,0.4,0.05,0.1,2,0.25,0.51,0.26,30.0,0.16,0.085,0.5,0.49,6,0.12
sweep_0021,0.55,0.25,3,1021,0.2302,f2pool+viabtc,0,1,1,v27_win,1,v27,1.0,86.39999999999999,0.0,100.0,0.0,69937.61641890806,49409.58358109195,2604,556,3160,6,2443,0,0.4,0.05,0.1,2,0.25,0.51,0.26,30.0,0.16,0.085,0.5,0.49,6,0.12
sweep_0022,0.55,0.25,4,1022,0.2734,foundryusa,1,1,1,v26_win,0,v26,0.0,0.0,86.4,56.737060138721,43.262939861279,57925.21440029729,61421.98559970272,1781,3018,4799,10,9396,0,0.4,0.05,0.1,2,0.25,0.51,0.26,30.0,0.16,0.085,0.5,0.49,6,0.12
sweep_0023,0.55,0.25,5,1023,0.1683,braiinspool+luxor+f2pool,0,0,0,contested,0,v27,0.5949074074074074,51.400000000000006,35.0,56.737060138721,43.262939861279,61592.2174786404,57754.982521359605,1773,1201,2974,4,480,0,0.4,0.05,0.1,2,0.25,0.51,0.26,30.0,0.16,0.085,0.5,0.49,6,0.12
sweep_0024,0.55,0.3,0,1024,0.2101,ocean+antpool,0,1,1,contested,0,v26,0.4733796296296296,40.9,45.5,56.737060138721,43.262939861279,60165.05381005311,59182.146189946885,1552,1743,3295,4,442,0,0.4,0.05,0.1,2,0.25,0.51,0.26,30.0,0.16,0.085,0.5,0.49,6,0.12
sweep_0025,0.55,0.3,1,1025,0.163,ocean+sbicrypto+binancepool,0,0,0,contested,0,v27,0.5567129629629629,48.1,38.3,56.737060138721,43.262939861279,61016.67752428039,58330.5224757196,1451,1236,2687,3,289,0,0.4,0.05,0.1,2,0.25,0.51,0.26,30.0,0.16,0.085,0.5,0.49,6,0.12
sweep_0026,0.55,0.3,2,1026,0.1957,antpool,0,1,1,v27_win,1,v27,1.0,86.4,0.0,56.737060138721,43.262939861279,63184.003871155204,56163.1961288448,3171,1681,4852,10,10420,0,0.4,0.05,0.1,2,0.25,0.51,0.26,30.0,0.16,0.085,0.5,0.49,6,0.12
sweep_0027,0.55,0.3,3,1027,0.2164,binancepool+f2pool,0,0,0,contested,0,v27,0.5532407407407408,47.8,38.599999999999994,56.737060138721,43.262939861279,60965.6513881413,58381.54861185869,1408,1226,2634,2,258,0,0.4,0.05,0.1,2,0.25,0.51,0.26,30.0,0.16,0.085,0.5,0.49,6,0.12
sweep_0028,0.55,0.3,4,1028,0.2096,braiinspool+antpool,0,1,1,v27_win,1,v27,1.0,86.39999999999999,0.0,100.0,0.0,70607.10671455628,48740.093285443734,4645,410,5055,10,2663,0,0.4,0.05,0.1,2,0.25,0.51,0.26,30.0,0.16,0.085,0.5,0.49,6,0.12
sweep_0029,0.55,0.3,5,1029,0.2023,viabtc+sbicrypto+luxor,0,1,1,v27_win,1,v27,1.0,86.4,0.0,100.0,0.0,70832.37443316275,48514.82556683726,4990,307,5297,10,2128,0,0.4,0.05,0.1,2,0.25,0.51,0.26,30.0,0.16,0.085,0.5,0.49,6,0.12
sweep_0030,0.55,0.4,0,1030,0.2847,sbicrypto+f2pool+luxor+marapool,0,0,0,v27_win,1,v27,1.0,86.4,0.0,100.0,0.0,69886.01843950158,49461.18156049842,4972,931,5903,8,4174,0,0.4,0.05,0.1,2,0.25,0.51,0.26,30.0,0.16,0.085,0.5,0.49,6,0.12
sweep_0031,0.55,0.4,1,1031,0.326,sbicrypto+marapool+antpool,0,1,1,v27_win,1,v27,1.0,86.39999999999999,0.0,100.0,0.0,69936.39872958814,49410.801270411874,5174,964,6138,6,4027,0,0.4,0.05,0.1,2,0.25,0.51,0.26,30.0,0.16,0.085,0.5,0.49,6,0.12
sweep_0032,0.55,0.4,2,1032,0.2127,marapool+f2pool+ocean,0,0,0,v27_win,1,v27,1.0,86.4,0.0,100.0,0.0,70402.88758469811,48944.312415301894,3995,468,4463,8,2286,0,0.4,0.05,0.1,2,0.25,0.51,0.26,30.0,0.16,0.085,0.5,0.49,6,0.12
sweep_0033,0.55,0.4,3,1033,0.3156,braiinspool+marapool+binancepool+viabtc,0,1,1,v27_win,1,v27,1.0,86.4,0.0,56.737060138721,43.262939861279,63505.930127764404,55841.26987223561,4555,1869,6424,6,4252,0,0.4,0.05,0.1,2,0.25,0.51,0.26,30.0,0.16,0.085,0.5,0.49,6,0.12
sweep_0034,0.55,0.4,4,1034,0.2846,ocean+viabtc+f2pool+luxor,0,1,1,v27_win,1,v27,1.0,86.4,0.0,100.0,0.0,70346.41962314467,49000.78037685534,3785,477,4262,4,1564,0,0.4,0.05,0.1,2,0.25,0.51,0.26,30.0,0.16,0.085,0.5,0.49,6,0.12
sweep_0035,0.55,0.4,5,1035,0.2773,f2pool+binancepool+sbicrypto+ocean,0,0,0,v27_win,1,v27,1.0,86.39999999999999,0.0,100.0,0.0,70400.26835940337,48946.931640596624,3465,400,3865,8,1520,0,0.4,0.05,0.1,2,0.25,0.51,0.26,30.0,0.16,0.085,0.5,0.49,6,0.12
sweep_0036,0.55,0.5,0,1036,0.2497,antpool+braiinspool+luxor,0,1,1,contested,0,v27,0.5451388888888888,47.099999999999994,39.3,56.737060138721,43.262939861279,60927.714347818895,58419.48565218111,1775,1545,3320,4,344,0,0.4,0.05,0.1,2,0.25,0.51,0.26,30.0,0.16,0.085,0.5,0.49,6,0.12
sweep_0037,0.55,0.5,1,1037,0.4105,f2pool+luxor+sbicrypto+braiinspool+antpool,0,1,1,v27_win,1,v27,1.0,86.4,0.0,100.0,0.0,70784.16280495528,48563.03719504473,4222,269,4491,6,717,0,0.4,0.05,0.1,2,0.25,0.51,0.26,30.0,0.16,0.085,0.5,0.49,6,0.12
sweep_0038,0.55,0.5,2,1038,0.3548,marapool+f2pool+binancepool+luxor+ocean,0,0,0,v27_win,1,v27,1.0,86.39999999999999,0.0,100.0,0.0,70854.27952633557,48492.920473664446,3342,191,3533,6,938,0,0.4,0.05,0.1,2,0.25,0.51,0.26,30.0,0.16,0.085,0.5,0.49,6,0.12
sweep_0039,0.55,0.5,3,1039,0.3131,f2pool+luxor+ocean+marapool+sbicrypto+braiinspool,0,0,0,v27_win,1,v27,1.0,86.39999999999999,0.0,100.0,0.0,70662.98004656995,48684.21995343007,3740,300,4040,6,921,0,0.4,0.05,0.1,2,0.25,0.51,0.26,30.0,0.16,0.085,0.5,0.49,6,0.12
sweep_0040,0.55,0.5,4,1040,0.2497,luxor+braiinspool+antpool,0,1,1,v27_win,1,v27,1.0,86.39999999999998,0.0,56.73741253525133,43.26258746474866,64522.80009620001,54824.39990379999,4593,952,5545,6,4010,0,0.4,0.05,0.1,2,0.25,0.51,0.26,30.0,0.16,0.085,0.5,0.49,6,0.12
sweep_0041,0.55,0.5,5,1041,0.3877,foundryusa+f2pool,1,1,1,v27_win,1,v27,1.0,86.39999999999999,0.0,100.0,0.0,70627.19840661906,48720.00159338094,4916,402,5318,6,1011,0,0.4,0.05,0.1,2,0.25,0.51,0.26,30.0,0.16,0.085,0.5,0.49,6,0.12
sweep_0042,0.65,0.1,0,1042,0.0839,marapool,0,0,0,contested,0,v26,0.4409722222222222,38.1,48.3,56.737060138721,43.262939861279,59869.445359061385,59477.75464093862,1605,1976,3581,0,0,0,0.4,0.05,0.1,2,0.25,0.51,0.26,30.0,0.16,0.085,0.5,0.49,6,0.12
sweep_0043,0.65,0.1,1,1043,0.1144,f2pool,0,0,0,v26_win,0,v26,0.0,0.0,86.4,56.73664319629601,43.26335680370397,55255.81064240729,64091.38935759271,280,5337,5617,8,1496,0,0.4,0.05,0.1,2,0.25,0.51,0.26,30.0,0.16,0.085,0.5,0.49,6,0.12
sweep_0044,0.65,0.1,2,1044,0.0,,0,0,0,v26_win,0,v26,0.0,0.0,86.39999999999999,56.73664319629601,43.26335680370397,55087.1693302799,64260.030669720094,168,5307,5475,8,1056,0,0.4,0.05,0.1,2,0.25,0.51,0.26,30.0,0.16,0.085,0.5,0.49,6,0.12
sweep_0045,0.65,0.1,3,1045,0.0684,braiinspool+luxor+ocean,0,0,0,v26_win,0,v26,0.0,0.0,86.4,56.73664319629601,43.26335680370397,55097.3535007729,64249.846499227104,182,5445,5627,4,527,0,0.4,0.05,0.1,2,0.25,0.51,0.26,30.0,0.16,0.085,0.5,0.49,6,0.12
sweep_0046,0.65,0.1,4,1046,0.0465,sbicrypto,0,0,0,v26_win,0,v26,0.1261574074074074,10.9,75.49999999999999,56.737060138721,43.262939861279,58269.972608069256,61077.22739193075,1214,1757,2971,9,3170,0,0.4,0.05,0.1,2,0.25,0.51,0.26,30.0,0.16,0.085,0.5,0.49,6,0.12
sweep_0047,0.65,0.1,5,1047,0.0684,ocean+luxor+braiinspool,0,0,0,v26_win,0,v26,0.0,0.0,86.4,56.73664319629601,43.26335680370397,55093.34292866188,64253.857071338134,191,5815,6006,8,1255,0,0.4,0.05,0.1,2,0.25,0.51,0.26,30.0,0.16,0.085,0.5,0.49,6,0.12
sweep_0048,0.65,0.15,0,1048,0.0684,ocean+luxor+braiinspool,0,0,0,v26_win,0,v26,0.0,0.0,86.4,56.73664319629601,43.26335680370397,55187.975463704184,64159.22453629583,166,4180,4346,8,974,0,0.4,0.05,0.1,2,0.25,0.51,0.26,30.0,0.16,0.085,0.5,0.49,6,0.12
sweep_0049,0.65,0.15,1,1049,0.1004,luxor+sbicrypto+braiinspool,0,0,0,v26_win,0,v26,0.0,0.0,86.4,56.73664319629601,43.26335680370397,55146.502066267916,64200.69793373209,148,4216,4364,10,1025,0,0.4,0.05,0.1,2,0.25,0.51,0.26,30.0,0.16,0.085,0.5,0.49,6,0.12
sweep_0050,0.65,0.15,2,1050,0.0139,braiinspool,0,0,0,v26_win,0,v26,0.0,0.0,86.4,56.73664319629601,43.26335680370397,55138.21049068888,64208.98950931112,204,5331,5535,8,1162,0,0.4,0.05,0.1,2,0.25,0.51,0.26,30.0,0.16,0.085,0.5,0.49,6,0.12
sweep_0051,0.65,0.15,3,1051,0.0,,0,0,0,v26_win,0,v26,0.0,0.0,86.4,56.73664319629601,43.26335680370397,55171.452976714194,64175.7470232858,184,4729,4913,4,535,0,0.4,0.05,0.1,2,0.25,0.51,0.26,30.0,0.16,0.085,0.5,0.49,6,0.12
sweep_0052,0.65,0.15,4,1052,0.0,,0,0,0,v26_win,0,v26,0.0,0.0,86.4,56.73664319629601,43.26335680370397,55207.6247926564,64139.5752073436,174,4147,4321,8,953,0,0.4,0.05,0.1,2,0.25,0.51,0.26,30.0,0.16,0.085,0.5,0.49,6,0.12
sweep_0053,0.65,0.15,5,1053,0.1297,braiinspool+viabtc,0,1,1,v26_win,0,v26,0.0,0.0,86.4,56.73664319629601,43.26335680370397,55025.48840242627,64321.71159757373,149,5702,5851,8,1004,0,0.4,0.05,0.1,2,0.25,0.51,0.26,30.0,0.16,0.085,0.5,0.49,6,0.12
sweep_0054,0.65,0.214,0,1054,0.1608,sbicrypto+f2pool,0,0,0,v26_win,0,v26,0.0,0.0,86.4,56.73664319629601,43.26335680370397,55289.60453620286,64057.59546379715,226,4397,4623,8,1313,0,0.4,0.05,0.1,2,0.25,0.51,0.26,30.0,0.16,0.085,0.5,0.49,6,0.12
sweep_0055,0.65,0.214,1,1055,0.1957,antpool,0,1,1,contested,0,v27,0.5300925925925926,45.800000000000004,40.599999999999994,56.737060138721,43.262939861279,60859.69839884402,58487.501601155986,1554,1356,2910,3,273,0,0.4,0.05,0.1,2,0.25,0.51,0.26,30.0,0.16,0.085,0.5,0.49,6,0.12
sweep_0056,0.65,0.214,2,1056,0.163,binancepool+ocean+sbicrypto,0,0,0,v26_win,0,v26,0.0,0.0,86.39999999999998,56.73664319629601,43.26335680370397,55110.16883797471,64237.0311620253,167,5146,5313,8,1181,0,0.4,0.05,0.1,2,0.25,0.51,0.26,30.0,0.16,0.085,0.5,0.49,6,0.12
sweep_0057,0.65,0.214,3,1057,0.1859,binancepool+marapool,0,0,0,v26_win,0,v26,0.0,0.0,86.39999999999999,56.73664319629601,43.26335680370397,55097.210955751296,64249.98904424871,184,5400,5584,8,1220,0,0.4,0.05,0.1,2,0.25,0.51,0.26,30.0,0.16,0.085,0.5,0.49,6,0.12
sweep_0058,0.65,0.214,4,1058,0.1303,marapool+sbicrypto,0,0,0,contested,0,v26,0.44675925925925924,38.599999999999994,47.8,56.737060138721,43.262939861279,59928.16214073704,59419.03785926297,1601,1930,3531,6,768,0,0.4,0.05,0.1,2,0.25,0.51,0.26,30.0,0.16,0.085,0.5,0.49,6,0.12
sweep_0059,0.65,0.214,5,1059,0.1158,viabtc,0,1,1,contested,0,v26,0.4872685185185185,42.1,44.3,56.737060138721,43.262939861279,60297.01855053219,59050.18144946782,1750,1895,3645,3,210,0,0.4,0.05,0.1,2,0.25,0.51,0.26,30.0,0.16,0.085,0.5,0.49,6,0.12
sweep_0060,0.65,0.25,0,1060,0.2734,foundryusa,1,1,1,contested,0,v27,0.5486111111111112,47.400000000000006,39.0,56.737060138721,43.262939861279,60972.31261485256,58374.88738514745,1992,1704,3696,1,116,0,0.4,0.05,0.1,2,0.25,0.51,0.26,30.0,0.16,0.085,0.5,0.49,6,0.12
sweep_0061,0.65,0.25,1,1061,0.1957,antpool,0,1,1,v26_win,0,v26,0.0,0.0,86.39999999999999,56.737060138721,43.262939861279,57291.19420108531,62056.005798914695,1688,4506,6194,10,10546,0,0.4,0.05,0.1,2,0.25,0.51,0.26,30.0,0.16,0.085,0.5,0.49,6,0.12
sweep_0062,0.65,0.25,2,1062,0.1384,luxor+ocean+marapool,0,0,0,contested,0,v27,0.5266203703703703,45.5,40.9,56.737060138721,43.262939861279,60796.26713479113,58550.932865208866,1576,1410,2986,4,299,0,0.4,0.05,0.1,2,0.25,0.51,0.26,30.0,0.16,0.085,0.5,0.49,6,0.12
sweep_0063,0.65,0.25,3,1063,0.2734,foundryusa,1,1,1,contested,0,v27,0.5185185185185185,44.800000000000004,41.599999999999994,56.737060138721,43.262939861279,60625.513883313186,58721.68611668681,1224,1189,2413,5,542,0,0.4,0.05,0.1,2,0.25,0.51,0.26,30.0,0.16,0.085,0.5,0.49,6,0.12
sweep_0064,0.65,0.25,4,1064,0.2878,ocean+foundryusa,1,1,1,v26_win,0,v26,0.0,0.0,86.39999999999999,56.73664319629601,43.26335680370397,55132.92119994286,64214.27880005715,194,5328,5522,8,917,0,0.4,0.05,0.1,2,0.25,0.51,0.26,30.0,0.16,0.085,0.5,0.49,6,0.12
sweep_0065,0.65,0.25,5,1065,0.2878,ocean+foundryusa,1,1,1,contested,0,v26,0.44328703703703703,38.300000000000004,48.099999999999994,56.737060138721,43.262939861279,59937.94585337467,59409.25414662534,1159,1382,2541,5,520,0,0.4,0.05,0.1,2,0.25,0.51,0.26,30.0,0.16,0.085,0.5,0.49,6,0.12
sweep_0066,0.65,0.3,0,1066,0.1021,binancepool,0,0,0,v27_win,1,v27,1.0,86.39999999999999,0.0,100.0,0.0,70681.7411819349,48665.458818065104,3490,266,3756,10,1651,0,0.4,0.05,0.1,2,0.25,0.51,0.26,30.0,0.16,0.085,0.5,0.49,6,0.12
sweep_0067,0.65,0.3,1,1067,0.3337,braiinspool+sbicrypto+foundryusa,1,1,1,v27_win,1,v27,1.0,86.4,0.0,100.0,0.0,70518.7112397062,48828.48876029381,2829,297,3126,10,1815,0,0.4,0.05,0.1,2,0.25,0.51,0.26,30.0,0.16,0.085,0.5,0.49,6,0.12
sweep_0068,0.65,0.3,2,1068,0.0978,marapool+braiinspool,0,0,0,contested,0,v26,0.5,43.199999999999996,43.199999999999996,56.737060138721,43.262939861279,60422.46797400978,58924.732025990226,1759,1827,3586,5,528,0,0.4,0.05,0.1,2,0.25,0.51,0.26,30.0,0.16,0.085,0.5,0.49,6,0.12
sweep_0069,0.65,0.3,3,1069,0.2629,sbicrypto+binancepool+f2pool,0,0,0,contested,0,v26,0.44328703703703703,38.300000000000004,48.099999999999994,56.737060138721,43.262939861279,59912.76481964278,59434.43518035723,1113,1344,2457,5,612,0,0.4,0.05,0.1,2,0.25,0.51,0.26,30.0,0.16,0.085,0.5,0.49,6,0.12
sweep_0070,0.65,0.3,4,1070,0.1384,ocean+marapool+luxor,0,0,0,v26_win,0,v26,0.0,0.0,86.4,56.737060138721,43.262939861279,57356.115754967854,61991.08424503215,1296,3125,4421,10,4210,0,0.4,0.05,0.1,2,0.25,0.51,0.26,30.0,0.16,0.085,0.5,0.49,6,0.12
sweep_0071,0.65,0.3,5,1071,0.0978,marapool+braiinspool,0,0,0,v27_win,1,v27,1.0,86.4,0.0,100.0,0.0,70458.17453144274,48889.02546855726,4809,511,5320,8,1578,0,0.4,0.05,0.1,2,0.25,0.51,0.26,30.0,0.16,0.085,0.5,0.49,6,0.12
sweep_0072,0.65,0.4,0,1072,0.2869,sbicrypto+luxor+binancepool+ocean+marapool,0,0,0,v27_win,1,v27,1.0,86.39999999999999,0.0,100.0,0.0,70985.95462017381,48361.24537982619,4256,169,4425,4,476,0,0.4,0.05,0.1,2,0.25,0.51,0.26,30.0,0.16,0.085,0.5,0.49,6,0.12
sweep_0073,0.65,0.4,1,1073,0.2122,f2pool+marapool+braiinspool,0,0,0,contested,0,v26,0.49652777777777773,42.9,43.5,56.737060138721,43.262939861279,60355.02372597693,58992.17627402308,1788,1906,3694,5,551,0,0.4,0.05,0.1,2,0.25,0.51,0.26,30.0,0.16,0.085,0.5,0.49,6,0.12
sweep_0074,0.65,0.4,2,1074,0.2153,luxor+ocean+f2pool+sbicrypto,0,0,0,contested,0,v27,0.5266203703703703,45.5,40.9,56.737060138721,43.262939861279,60813.66460795087,58533.53539204913,1836,1634,3470,4,374,0,0.4,0.05,0.1,2,0.25,0.51,0.26,30.0,0.16,0.085,0.5,0.49,6,0.12
sweep_0075,0.65,0.4,3,1075,0.2527,f2pool+marapool+ocean+luxor,0,0,0,v26_win,0,v26,0.0,0.0,86.39999999999999,56.737060138721,43.262939861279,57497.972924108246,61849.22707589176,1817,4356,6173,10,6227,0,0.4,0.05,0.1,2,0.25,0.51,0.26,30.0,0.16,0.085,0.5,0.49,6,0.12
sweep_0076,0.65,0.4,4,1076,0.2585,f2pool+braiinspool+ocean+viabtc,0,1,1,v27_win,1,v27,1.0,86.4,0.0,56.737060138721,43.262939861279,62762.31333102936,56584.886668970634,2657,1967,4624,10,8210,0,0.4,0.05,0.1,2,0.25,0.51,0.26,30.0,0.16,0.085,0.5,0.49,6,0.12
sweep_0077,0.65,0.4,5,1077,0.3645,luxor+ocean+f2pool+antpool,0,1,1,v27_win,1,v27,1.0,86.4,0.0,100.0,0.0,70892.48584607782,48454.714153922185,2759,153,2912,10,1117,0,0.4,0.05,0.1,2,0.25,0.51,0.26,30.0,0.16,0.085,0.5,0.49,6,0.12
sweep_0078,0.65,0.5,0,1078,0.3162,marapool+binancepool+viabtc+ocean,0,1,1,v27_win,1,v27,1.0,86.39999999999999,0.0,100.0,0.0,70528.74471528885,48818.455284711155,4979,473,5452,8,1514,0,0.4,0.05,0.1,2,0.25,0.51,0.26,30.0,0.16,0.085,0.5,0.49,6,0.12
sweep_0079,0.65,0.5,1,1079,0.3863,ocean+antpool+braiinspool+sbicrypto+viabtc,0,2,1,v27_win,1,v27,1.0,86.39999999999999,0.0,100.0,0.0,71061.37559222686,48285.824407773136,4964,150,5114,6,709,0,0.4,0.05,0.1,2,0.25,0.51,0.26,30.0,0.16,0.085,0.5,0.49,6,0.12
sweep_0080,0.65,0.5,2,1080,0.3482,viabtc+sbicrypto+marapool+binancepool,0,1,1,contested,0,v26,0.4305555555555556,37.2,49.199999999999996,56.737060138721,43.262939861279,59713.656655214465,59633.54334478554,1082,1418,2500,5,444,0,0.4,0.05,0.1,2,0.25,0.51,0.26,30.0,0.16,0.085,0.5,0.49,6,0.12
sweep_0081,0.65,0.5,3,1081,0.3001,viabtc+braiinspool+luxor+sbicrypto+marapool,0,1,1,contested,0,v26,0.4571759259259259,39.5,46.9,56.737060138721,43.262939861279,59963.178506739176,59384.02149326083,1289,1565,2854,4,295,0,0.4,0.05,0.1,2,0.25,0.51,0.26,30.0,0.16,0.085,0.5,0.49,6,0.12
sweep_0082,0.65,0.5,4,1082,0.3749,viabtc+sbicrypto+f2pool+ocean+marapool,0,1,1,contested,0,v27,0.5266203703703703,45.5,40.9,56.737060138721,43.262939861279,60807.1570321052,58540.042967894806,1991,1768,3759,4,384,0,0.4,0.05,0.1,2,0.25,0.51,0.26,30.0,0.16,0.085,0.5,0.49,6,0.12
sweep_0083,0.65,0.5,5,1083,0.3378,luxor+binancepool+antpool,0,1,1,contested,0,v26,0.4571759259259259,39.5,46.9,56.737060138721,43.262939861279,59894.74184402954,59452.45815597047,778,994,1772,4,194,0,0.4,0.05,0.1,2,0.25,0.51,0.26,30.0,0.16,0.085,0.5,0.49,6,0.12
sweep_0084,0.74,0.1,0,1084,0.0465,sbicrypto,0,0,0,v26_win,0,v26,0.0,0.0,86.4,56.737060138721,43.262939861279,56466.83292961194,62880.36707038806,1071,4848,5919,4,3256,0,0.4,0.05,0.1,2,0.25,0.51,0.26,30.0,0.16,0.085,0.5,0.49,6,0.12
sweep_0085,0.74,0.1,1,1085,0.0401,luxor,0,0,0,v26_win,0,v26,0.0,0.0,86.4,56.73664319629601,43.26335680370397,55111.61155538024,64235.588444619774,226,6001,6227,8,1300,0,0.4,0.05,0.1,2,0.25,0.51,0.26,30.0,0.16,0.085,0.5,0.49,6,0.12
sweep_0086,0.74,0.1,2,1086,0.0,,0,0,0,v26_win,0,v26,0.0,0.0,86.4,56.73664319629601,43.26335680370397,55181.86094806385,64165.33905193616,258,5761,6019,10,1790,0,0.4,0.05,0.1,2,0.25,0.51,0.26,30.0,0.16,0.085,0.5,0.49,6,0.12
sweep_0087,0.74,0.1,3,1087,0.1144,f2pool,0,0,0,v26_win,0,v26,0.0,0.0,86.4,56.73664319629601,43.26335680370397,55082.9013868476,64264.2986131524,160,5118,5278,6,804,0,0.4,0.05,0.1,2,0.25,0.51,0.26,30.0,0.16,0.085,0.5,0.49,6,0.12
sweep_0088,0.74,0.1,4,1088,0.0,,0,0,0,v26_win,0,v26,0.0,0.0,86.39999999999999,56.73664319629601,43.26335680370397,55011.96138440421,64335.2386155958,149,5967,6116,8,926,0,0.4,0.05,0.1,2,0.25,0.51,0.26,30.0,0.16,0.085,0.5,0.49,6,0.12
sweep_0089,0.74,0.1,5,1089,0.0139,braiinspool,0,0,0,v26_win,0,v26,0.0,0.0,86.39999999999999,56.73664319629601,43.26335680370397,55101.36635999125,64245.83364000875,207,5881,6088,8,1235,0,0.4,0.05,0.1,2,0.25,0.51,0.26,30.0,0.16,0.085,0.5,0.49,6,0.12
sweep_0090,0.74,0.15,0,1090,0.1239,luxor+marapool,0,0,0,contested,0,v26,0.4571759259259259,39.5,46.9,56.737060138721,43.262939861279,59967.51517781157,59379.684822188436,1181,1433,2614,4,517,0,0.4,0.05,0.1,2,0.25,0.51,0.26,30.0,0.16,0.085,0.5,0.49,6,0.12
sweep_0091,0.74,0.15,1,1091,0.1427,ocean+braiinspool+f2pool,0,0,0,v26_win,0,v26,0.0,0.0,86.4,56.737060138721,43.262939861279,57660.619962962395,61686.58003703762,1724,3721,5445,10,5934,0,0.4,0.05,0.1,2,0.25,0.51,0.26,30.0,0.16,0.085,0.5,0.49,6,0.12
sweep_0092,0.74,0.15,2,1092,0.0,,0,0,0,v26_win,0,v26,0.0,0.0,86.39999999999999,56.73664319629601,43.26335680370397,55160.37507220301,64186.824927796995,183,4776,4959,8,1200,0,0.4,0.05,0.1,2,0.25,0.51,0.26,30.0,0.16,0.085,0.5,0.49,6,0.12
sweep_0093,0.74,0.15,3,1093,0.0144,ocean,0,0,0,v26_win,0,v26,0.0,0.0,86.39999999999999,56.73664319629601,43.26335680370397,55127.281297849426,64219.91870215058,162,4701,4863,10,1039,0,0.4,0.05,0.1,2,0.25,0.51,0.26,30.0,0.16,0.085,0.5,0.49,6,0.12
sweep_0094,0.74,0.15,4,1094,0.1021,binancepool,0,0,0,contested,0,v26,0.44328703703703703,38.3,48.099999999999994,56.737060138721,43.262939861279,59882.83048024485,59464.36951975516,1306,1599,2905,6,366,0,0.4,0.05,0.1,2,0.25,0.51,0.26,30.0,0.16,0.085,0.5,0.49,6,0.12
sweep_0095,0.74,0.15,5,1095,0.0,,0,0,0,v27_win,1,v27,1.0,86.39999999999999,0.0,100.0,0.0,69881.83309199894,49465.366908001066,2663,576,3239,6,2472,0,0.4,0.05,0.1,2,0.25,0.51,0.26,30.0,0.16,0.085,0.5,0.49,6,0.12
sweep_0096,0.74,0.214,0,1096,0.1165,ocean+binancepool,0,0,0,v26_win,0,v26,0.0,0.0,86.39999999999999,56.73664319629601,43.26335680370397,55342.44794157549,64004.75205842451,264,4520,4784,8,725,0,0.4,0.05,0.1,2,0.25,0.51,0.26,30.0,0.16,0.085,0.5,0.49,6,0.12
sweep_0097,0.74,0.214,1,1097,0.1144,f2pool,0,0,0,contested,0,v27,0.5300925925925926,45.800000000000004,40.6,56.737060138721,43.262939861279,60868.85905096605,58478.340949033955,1827,1593,3420,3,192,0,0.4,0.05,0.1,2,0.25,0.51,0.26,30.0,0.16,0.085,0.5,0.49,6,0.12
sweep_0098,0.74,0.214,2,1098,0.1302,ocean+viabtc,0,1,1,contested,0,v27,0.5092592592592592,44.0,42.4,56.737060138721,43.262939861279,60597.43008649929,58749.76991350072,3478,3250,6728,5,657,0,0.4,0.05,0.1,2,0.25,0.51,0.26,30.0,0.16,0.085,0.5,0.49,6,0.12
sweep_0099,0.74,0.214,3,1099,0.1021,binancepool,0,0,0,v26_win,0,v26,0.0,0.0,86.39999999999999,56.73664319629601,43.26335680370397,55038.126633123364,64309.07336687664,170,5986,6156,8,1068,0,0.4,0.05,0.1,2,0.25,0.51,0.26,30.0,0.16,0.085,0.5,0.49,6,0.12
sweep_0100,0.74,0.214,4,1100,0.1624,binancepool+braiinspool+sbicrypto,0,0,0,v26_win,0,v26,0.0,0.0,86.4,56.737060138721,43.262939861279,57515.00081820732,61832.19918179267,1917,4511,6428,6,7903,0,0.4,0.05,0.1,2,0.25,0.51,0.26,30.0,0.16,0.085,0.5,0.49,6,0.12
sweep_0101,0.74,0.214,5,1101,0.1622,viabtc+sbicrypto,0,1,1,v26_win,0,v26,0.0,0.0,86.4,56.73664319629601,43.26335680370397,55306.46970340824,64040.73029659177,271,4921,5192,10,1823,0,0.4,0.05,0.1,2,0.25,0.51,0.26,30.0,0.16,0.085,0.5,0.49,6,0.12
sweep_0102,0.74,0.25,0,1102,0.2004,marapool+ocean+binancepool,0,0,0,v26_win,0,v26,0.0,0.0,86.4,56.73664319629601,43.26335680370397,55075.92696163782,64271.27303836219,198,5993,6191,8,1208,0,0.4,0.05,0.1,2,0.25,0.51,0.26,30.0,0.16,0.085,0.5,0.49,6,0.12
sweep_0103,0.74,0.25,1,1103,0.1703,luxor+viabtc+ocean,0,1,1,v26_win,0,v26,0.0,0.0,86.4,56.737060138721,43.262939861279,57425.303333387055,61921.89666661294,1868,4625,6493,10,8243,0,0.4,0.05,0.1,2,0.25,0.51,0.26,30.0,0.16,0.085,0.5,0.49,6,0.12
sweep_0104,0.74,0.25,2,1104,0.2179,viabtc+binancepool,0,1,1,contested,0,v27,0.5266203703703703,45.5,40.9,56.737060138721,43.262939861279,60819.37826133429,58527.821738665705,1801,1592,3393,4,482,0,0.4,0.05,0.1,2,0.25,0.51,0.26,30.0,0.16,0.085,0.5,0.49,6,0.12
sweep_0105,0.74,0.25,3,1105,0.2734,foundryusa,1,1,1,v27_win,1,v27,1.0,86.39999999999999,0.0,56.737060138721,43.262939861279,62900.52247315375,56446.67752684624,2512,1799,4311,8,9148,0,0.4,0.05,0.1,2,0.25,0.51,0.26,30.0,0.16,0.085,0.5,0.49,6,0.12
sweep_0106,0.74,0.25,4,1106,0.2096,braiinspool+antpool,0,1,1,v26_win,0,v26,0.0,0.0,86.39999999999999,56.73664319629601,43.26335680370397,55477.57263624391,63869.627363756095,300,4078,4378,8,1540,0,0.4,0.05,0.1,2,0.25,0.51,0.26,30.0,0.16,0.085,0.5,0.49,6,0.12
sweep_0107,0.74,0.25,5,1107,0.2734,foundryusa,1,1,1,contested,0,v26,0.46990740740740733,40.599999999999994,45.800000000000004,56.737060138721,43.262939861279,60167.92225589299,59179.277744107014,1227,1368,2595,5,426,0,0.4,0.05,0.1,2,0.25,0.51,0.26,30.0,0.16,0.085,0.5,0.49,6,0.12
sweep_0108,0.74,0.3,0,1108,0.1957,antpool,0,1,1,v26_win,0,v26,0.0,0.0,86.4,56.73664319629601,43.26335680370397,55036.22696574501,64310.973034255,116,4662,4778,10,709,0,0.4,0.05,0.1,2,0.25,0.51,0.26,30.0,0.16,0.085,0.5,0.49,6,0.12
sweep_0109,0.74,0.3,1,1109,0.2179,binancepool+viabtc,0,1,1,v26_win,0,v26,0.0,0.0,86.4,56.73664319629601,43.26335680370397,55526.56515464617,63820.63484535384,300,3745,4045,8,1450,0,0.4,0.05,0.1,2,0.25,0.51,0.26,30.0,0.16,0.085,0.5,0.49,6,0.12
sweep_0110,0.74,0.3,2,1110,0.2446,ocean+viabtc+f2pool,0,1,1,contested,0,v26,0.4571759259259259,39.5,46.9,56.737060138721,43.262939861279,60012.35796715362,59334.84203284638,1365,1617,2982,4,240,0,0.4,0.05,0.1,2,0.25,0.51,0.26,30.0,0.16,0.085,0.5,0.49,6,0.12
sweep_0111,0.74,0.3,3,1111,0.1021,binancepool,0,0,0,contested,0,v26,0.457175925925926,39.50000000000001,46.9,56.737060138721,43.262939861279,59969.416487937124,59377.78351206288,1047,1265,2312,4,292,0,0.4,0.05,0.1,2,0.25,0.51,0.26,30.0,0.16,0.085,0.5,0.49,6,0.12
sweep_0112,0.74,0.3,4,1112,0.2734,foundryusa,1,1,1,v26_win,0,v26,0.0,0.0,86.4,56.73664319629601,43.26335680370397,55259.01293264601,64088.187067353996,336,5950,6286,8,1532,0,0.4,0.05,0.1,2,0.25,0.51,0.26,30.0,0.16,0.085,0.5,0.49,6,0.12
sweep_0113,0.74,0.3,5,1113,0.2164,binancepool+f2pool,0,0,0,v27_win,1,v27,1.0,86.4,0.0,56.737060138721,43.262939861279,63450.193786359036,55897.006213640976,4600,1958,6558,6,8042,0,0.4,0.05,0.1,2,0.25,0.51,0.26,30.0,0.16,0.085,0.5,0.49,6,0.12
sweep_0114,0.74,0.4,0,1114,0.3754,binancepool+foundryusa,1,1,1,v27_win,1,v27,1.0,86.4,0.0,100.0,0.0,70875.65281318348,48471.547186816526,3904,214,4118,4,704,0,0.4,0.05,0.1,2,0.25,0.51,0.26,30.0,0.16,0.085,0.5,0.49,6,0.12
sweep_0115,0.74,0.4,1,1115,0.2127,ocean+f2pool+marapool,0,0,0,v27_win,1,v27,1.0,86.39999999999998,0.0,56.737060138721,43.262939861279,63626.545526721624,55720.65447327838,4882,1906,6788,6,4244,0,0.4,0.05,0.1,2,0.25,0.51,0.26,30.0,0.16,0.085,0.5,0.49,6,0.12
sweep_0116,0.74,0.4,2,1116,0.2978,antpool+binancepool,0,1,1,v26_win,0,v26,0.0,0.0,86.4,56.737060138721,43.262939861279,57197.177358007786,62150.02264199222,1725,4799,6524,10,10862,0,0.4,0.05,0.1,2,0.25,0.51,0.26,30.0,0.16,0.085,0.5,0.49,6,0.12
sweep_0117,0.74,0.4,3,1117,0.2822,antpool+luxor+sbicrypto,0,1,1,v27_win,1,v27,1.0,86.39999999999999,0.0,100.0,0.0,70372.49690924471,48974.70309075529,3384,430,3814,8,1480,0,0.4,0.05,0.1,2,0.25,0.51,0.26,30.0,0.16,0.085,0.5,0.49,6,0.12
sweep_0118,0.74,0.4,4,1118,0.2302,f2pool+viabtc,0,1,1,v27_win,1,v27,1.0,86.40000000000002,0.0,56.737060138721,43.262939861279,62830.36659067238,56516.833409327606,2403,1827,4230,6,4007,0,0.4,0.05,0.1,2,0.25,0.51,0.26,30.0,0.16,0.085,0.5,0.49,6,0.12
sweep_0119,0.74,0.4,5,1119,0.2357,luxor+antpool,0,1,1,v27_win,1,v27,1.0,86.4,0.0,100.0,0.0,70649.28821507376,48697.91178492625,3098,269,3367,4,760,0,0.4,0.05,0.1,2,0.25,0.51,0.26,30.0,0.16,0.085,0.5,0.49,6,0.12
sweep_0120,0.74,0.5,0,1120,0.3278,foundryusa+ocean+luxor,1,1,1,v27_win,1,v27,1.0,86.39999999999999,0.0,100.0,0.0,70835.98781261944,48511.21218738057,2779,179,2958,4,578,0,0.4,0.05,0.1,2,0.25,0.51,0.26,30.0,0.16,0.085,0.5,0.49,6,0.12
sweep_0121,0.74,0.5,1,1121,0.4266,f2pool+binancepool+ocean+antpool,0,1,1,v27_win,1,v27,1.0,86.4,0.0,100.0,0.0,70683.88972551687,48663.310274483134,2880,244,3124,6,534,0,0.4,0.05,0.1,2,0.25,0.51,0.26,30.0,0.16,0.085,0.5,0.49,6,0.12
sweep_0122,0.74,0.5,2,1122,0.3939,marapool+antpool+f2pool,0,1,1,contested,0,v26,0.4571759259259259,39.5,46.9,56.737060138721,43.262939861279,60066.93104588326,59280.26895411674,1098,1250,2348,4,498,0,0.4,0.05,0.1,2,0.25,0.51,0.26,30.0,0.16,0.085,0.5,0.49,6,0.12
sweep_0123,0.74,0.5,3,1123,0.3515,antpool+luxor+viabtc,0,2,1,v27_win,1,v27,1.0,86.4,0.0,56.737060138721,43.262939861279,62883.721782628876,56463.47821737113,2604,1835,4439,6,4129,0,0.4,0.05,0.1,2,0.25,0.51,0.26,30.0,0.16,0.085,0.5,0.49,6,0.12
sweep_0124,0.74,0.5,4,1124,0.3167,sbicrypto+viabtc+f2pool+luxor,0,1,1,v27_win,1,v27,1.0,86.4,0.0,100.0,0.0,70872.24721730321,48474.95278269679,3867,209,4076,10,1593,0,0.4,0.05,0.1,2,0.25,0.51,0.26,30.0,0.16,0.085,0.5,0.49,6,0.12
sweep_0125,0.74,0.5,5,1125,0.368,viabtc+marapool+f2pool+braiinspool+luxor,0,1,1,v27_win,1,v27,1.0,86.4,0.0,100.0,0.0,70774.49467986233,48572.70532013769,5927,431,6358,6,1104,0,0.4,0.05,0.1,2,0.25,0.51,0.26,30.0,0.16,0.085,0.5,0.49,6,0.12
sweep_0126,0.78,0.1,0,1126,0.0465,sbicrypto,0,0,0,v26_win,0,v26,0.0,0.0,86.4,56.73664319629601,43.26335680370397,55107.42590532883,64239.77409467117,208,5785,5993,8,1137,0,0.4,0.05,0.1,2,0.25,0.51,0.26,30.0,0.16,0.085,0.5,0.49,6,0.12
sweep_0127,0.78,0.1,1,1127,0.0,,0,0,0,v26_win,0,v26,0.0,0.0,86.39999999999998,56.73664319629601,43.26335680370397,55061.83830193578,64285.36169806422,187,5959,6146,8,1017,0,0.4,0.05,0.1,2,0.25,0.51,0.26,30.0,0.16,0.085,0.5,0.49,6,0.12
sweep_0128,0.78,0.1,2,1128,0.0865,sbicrypto+luxor,0,0,0,v26_win,0,v26,0.0,0.0,86.4,56.73664319629601,43.26335680370397,55140.77691351135,64206.42308648866,233,5870,6103,8,1072,0,0.4,0.05,0.1,2,0.25,0.51,0.26,30.0,0.16,0.085,0.5,0.49,6,0.12
sweep_0129,0.78,0.1,3,1129,0.0604,sbicrypto+braiinspool,0,0,0,contested,0,v27,0.5127314814814814,44.3,42.1,56.737060138721,43.262939861279,60637.942385868395,58709.25761413162,1790,1690,3480,5,655,0,0.4,0.05,0.1,2,0.25,0.51,0.26,30.0,0.16,0.085,0.5,0.49,6,0.12
sweep_0130,0.78,0.1,4,1130,0.0401,luxor,0,0,0,v26_win,0,v26,0.0,0.0,86.4,56.73664319629601,43.26335680370397,55065.66864248335,64281.53135751666,193,6008,6201,8,1106,0,0.4,0.05,0.1,2,0.25,0.51,0.26,30.0,0.16,0.085,0.5,0.49,6,0.12
sweep_0131,0.78,0.1,5,1131,0.1158,viabtc,0,1,1,v26_win,0,v26,0.0,0.0,86.4,56.73664319629601,43.26335680370397,55112.91677724972,64234.28322275028,211,5897,6108,4,625,0,0.4,0.05,0.1,2,0.25,0.51,0.26,30.0,0.16,0.085,0.5,0.49,6,0.12
sweep_0132,0.78,0.15,0,1132,0.054,luxor+braiinspool,0,0,0,contested,0,v27,0.5034722222222223,43.5,42.89999999999999,56.737060138721,43.262939861279,60638.21332643173,58708.98667356828,1752,1628,3380,3,342,0,0.4,0.05,0.1,2,0.25,0.51,0.26,30.0,0.16,0.085,0.5,0.49,6,0.12
sweep_0133,0.78,0.15,1,1133,0.0839,marapool,0,0,0,v26_win,0,v26,0.0,0.0,86.39999999999999,56.73664319629601,43.26335680370397,55123.07184969697,64224.12815030304,180,5351,5531,6,947,0,0.4,0.05,0.1,2,0.25,0.51,0.26,30.0,0.16,0.085,0.5,0.49,6,0.12
sweep_0134,0.78,0.15,2,1134,0.1021,binancepool,0,0,0,contested,0,v26,0.47685185185185186,41.2,45.199999999999996,56.737060138721,43.262939861279,60212.078962678264,59135.12103732174,1365,1506,2871,4,487,0,0.4,0.05,0.1,2,0.25,0.51,0.26,30.0,0.16,0.085,0.5,0.49,6,0.12
sweep_0135,0.78,0.15,3,1135,0.1544,luxor+f2pool,0,0,0,v26_win,0,v26,0.0,0.0,86.39999999999999,56.73664319629601,43.26335680370397,55189.983974575305,64157.2160254247,177,4476,4653,8,1053,0,0.4,0.05,0.1,2,0.25,0.51,0.26,30.0,0.16,0.085,0.5,0.49,6,0.12
sweep_0136,0.78,0.15,4,1136,0.0604,sbicrypto+braiinspool,0,0,0,contested,0,v26,0.47685185185185186,41.2,45.2,56.737060138721,43.262939861279,60227.07285767216,59120.12714232784,1359,1491,2850,4,350,0,0.4,0.05,0.1,2,0.25,0.51,0.26,30.0,0.16,0.085,0.5,0.49,6,0.12
sweep_0137,0.78,0.15,5,1137,0.1021,binancepool,0,0,0,contested,0,v26,0.43287037037037035,37.4,49.0,56.737060138721,43.262939861279,59782.34937970808,59564.850620291916,814,1030,1844,7,691,0,0.4,0.05,0.1,2,0.25,0.51,0.26,30.0,0.16,0.085,0.5,0.49,6,0.12
sweep_0138,0.78,0.214,0,1138,0.1957,antpool,0,1,1,v26_win,0,v26,0.0,0.0,86.4,56.73664319629601,43.26335680370397,55088.536947617235,64258.66305238277,143,4861,5004,8,887,0,0.4,0.05,0.1,2,0.25,0.51,0.26,30.0,0.16,0.085,0.5,0.49,6,0.12
sweep_0139,0.78,0.214,1,1139,0.1303,marapool+sbicrypto,0,0,0,contested,0,v27,0.5231481481481483,45.20000000000001,41.2,56.737060138721,43.262939861279,60682.35628053954,58664.84371946046,1396,1329,2725,4,530,0,0.4,0.05,0.1,2,0.25,0.51,0.26,30.0,0.16,0.085,0.5,0.49,6,0.12
sweep_0140,0.78,0.214,2,1140,0.1441,braiinspool+ocean+viabtc,0,1,1,v26_win,0,v26,0.0,0.0,86.39999999999999,56.73664319629601,43.26335680370397,55050.952232999676,64296.24776700032,162,5705,5867,8,1012,0,0.4,0.05,0.1,2,0.25,0.51,0.26,30.0,0.16,0.085,0.5,0.49,6,0.12
sweep_0141,0.78,0.214,3,1141,0.1149,ocean+sbicrypto+braiinspool+luxor,0,0,0,v26_win,0,v26,0.0,0.0,86.39999999999999,56.73664319629601,43.26335680370397,55524.38560621695,63822.81439378305,540,5848,6388,8,1926,0,0.4,0.05,0.1,2,0.25,0.51,0.26,30.0,0.16,0.085,0.5,0.49,6,0.12
sweep_0142,0.78,0.214,4,1142,0.1149,luxor+ocean+braiinspool+sbicrypto,0,0,0,v26_win,0,v26,0.0,0.0,86.39999999999999,56.737060138721,43.262939861279,57165.02319912135,62182.17680087866,1688,4754,6442,10,8894,0,0.4,0.05,0.1,2,0.25,0.51,0.26,30.0,0.16,0.085,0.5,0.49,6,0.12
sweep_0143,0.78,0.214,5,1143,0.1957,antpool,0,1,1,v26_win,0,v26,0.0,0.0,86.4,56.73664319629601,43.26335680370397,55183.70449227275,64163.49550772725,206,5111,5317,8,1283,0,0.4,0.05,0.1,2,0.25,0.51,0.26,30.0,0.16,0.085,0.5,0.49,6,0.12
sweep_0144,0.78,0.25,0,1144,0.1704,marapool+sbicrypto+luxor,0,0,0,v26_win,0,v26,0.0,0.0,86.4,56.737060138721,43.262939861279,57093.98283715592,62253.21716284408,1727,5048,6775,10,10884,0,0.4,0.05,0.1,2,0.25,0.51,0.26,30.0,0.16,0.085,0.5,0.49,6,0.12
sweep_0145,0.78,0.25,1,1145,0.2164,f2pool+binancepool,0,0,0,v26_win,0,v26,0.0,0.0,86.39999999999999,56.73664319629601,43.26335680370397,55173.15512046806,64174.04487953194,249,5820,6069,8,1359,0,0.4,0.05,0.1,2,0.25,0.51,0.26,30.0,0.16,0.085,0.5,0.49,6,0.12
sweep_0146,0.78,0.25,2,1146,0.2734,foundryusa,1,1,1,contested,0,v26,0.44328703703703703,38.3,48.099999999999994,56.737060138721,43.262939861279,59881.04483402564,59466.15516597436,1305,1603,2908,6,618,0,0.4,0.05,0.1,2,0.25,0.51,0.26,30.0,0.16,0.085,0.5,0.49,6,0.12
sweep_0147,0.78,0.25,3,1147,0.2101,ocean+antpool,0,1,1,v27_win,1,v27,1.0,86.39999999999999,0.0,56.737060138721,43.262939861279,63092.91770184744,56254.28229815256,3393,1832,5225,6,4106,0,0.4,0.05,0.1,2,0.25,0.51,0.26,30.0,0.16,0.085,0.5,0.49,6,0.12
sweep_0148,0.78,0.25,4,1148,0.1384,luxor+marapool+ocean,0,0,0,v26_win,0,v26,0.0,0.0,86.4,56.73664319629601,43.26335680370397,55118.28996145089,64228.910038549104,156,4826,4982,10,1103,0,0.4,0.05,0.1,2,0.25,0.51,0.26,30.0,0.16,0.085,0.5,0.49,6,0.12
sweep_0149,0.78,0.25,5,1149,0.2023,luxor+sbicrypto+viabtc,0,1,1,v27_win,1,v27,1.0,86.4,0.0,100.0,0.0,70498.5988401014,48848.6011598986,3422,356,3778,6,1412,0,0.4,0.05,0.1,2,0.25,0.51,0.26,30.0,0.16,0.085,0.5,0.49,6,0.12
sweep_0150,0.78,0.3,0,1150,0.2734,foundryusa,1,1,1,contested,0,v26,0.4733796296296296,40.9,45.5,56.737060138721,43.262939861279,60149.35806002001,59197.84193997998,1258,1432,2690,5,528,0,0.4,0.05,0.1,2,0.25,0.51,0.26,30.0,0.16,0.085,0.5,0.49,6,0.12
sweep_0151,0.78,0.3,1,1151,0.1859,marapool+binancepool,0,0,0,v27_win,1,v27,1.0,86.39999999999999,0.0,100.0,0.0,70856.93123308344,48490.26876691657,2529,159,2688,6,748,0,0.4,0.05,0.1,2,0.25,0.51,0.26,30.0,0.16,0.085,0.5,0.49,6,0.12
sweep_0152,0.78,0.3,2,1152,0.0978,braiinspool+marapool,0,0,0,v27_win,1,v27,1.0,86.39999999999999,0.0,100.0,0.0,70398.6606753773,48948.5393246227,3792,444,4236,4,1460,0,0.4,0.05,0.1,2,0.25,0.51,0.26,30.0,0.16,0.085,0.5,0.49,6,0.12
sweep_0153,0.78,0.3,3,1153,0.3134,luxor+foundryusa,1,1,1,contested,0,v26,0.4965277777777778,42.900000000000006,43.5,56.737060138721,43.262939861279,60360.470782926684,58986.72921707332,1566,1675,3241,5,570,0,0.4,0.05,0.1,2,0.25,0.51,0.26,30.0,0.16,0.085,0.5,0.49,6,0.12
sweep_0154,0.78,0.3,4,1154,0.2421,sbicrypto+antpool,0,1,1,v27_win,1,v27,1.0,86.4,0.0,56.73741253525133,43.26258746474866,63729.637447340945,55617.56255265907,4768,1747,6515,10,10900,0,0.4,0.05,0.1,2,0.25,0.51,0.26,30.0,0.16,0.085,0.5,0.49,6,0.12
sweep_0155,0.78,0.3,5,1155,0.2591,ocean+marapool+sbicrypto+f2pool,0,0,0,v26_win,0,v26,0.0,0.0,86.4,56.737060138721,43.262939861279,56969.63406590278,62377.56593409722,1629,5126,6755,10,8589,0,0.4,0.05,0.1,2,0.25,0.51,0.26,30.0,0.16,0.085,0.5,0.49,6,0.12
sweep_0156,0.78,0.4,0,1156,0.2862,marapool+luxor+sbicrypto+viabtc,0,1,1,v26_win,0,v26,0.0,0.0,86.39999999999999,56.73664319629601,43.26335680370397,55135.01668801489,64212.183311985114,230,5866,6096,8,1190,0,0.4,0.05,0.1,2,0.25,0.51,0.26,30.0,0.16,0.085,0.5,0.49,6,0.12
sweep_0157,0.78,0.4,1,1157,0.3572,marapool+foundryusa,1,1,1,v27_win,1,v27,1.0,86.4,0.0,100.0,0.0,69977.1355915614,49370.064408438615,4852,830,5682,10,3131,0,0.4,0.05,0.1,2,0.25,0.51,0.26,30.0,0.16,0.085,0.5,0.49,6,0.12
sweep_0158,0.78,0.4,2,1158,0.2705,braiinspool+ocean+sbicrypto+antpool,0,1,1,v26_win,0,v26,0.0,0.0,86.4,56.737060138721,43.262939861279,57348.24136114299,61998.958638857024,1929,4901,6830,10,8405,0,0.4,0.05,0.1,2,0.25,0.51,0.26,30.0,0.16,0.085,0.5,0.49,6,0.12
sweep_0159,0.78,0.4,3,1159,0.2357,luxor+antpool,0,1,1,v27_win,1,v27,1.0,86.4,0.0,100.0,0.0,70454.97040824557,48892.22959175444,5456,600,6056,6,2117,0,0.4,0.05,0.1,2,0.25,0.51,0.26,30.0,0.16,0.085,0.5,0.49,6,0.12
sweep_0160,0.78,0.4,4,1160,0.2179,viabtc+binancepool,0,1,1,v27_win,1,v27,1.0,86.39999999999999,0.0,100.0,0.0,70587.5896747823,48759.61032521771,4036,357,4393,6,1377,0,0.4,0.05,0.1,2,0.25,0.51,0.26,30.0,0.16,0.085,0.5,0.49,6,0.12
sweep_0161,0.78,0.4,5,1161,0.2734,foundryusa,1,1,1,v27_win,1,v27,1.0,86.4,0.0,56.73741253525133,43.26258746474866,63815.41570057867,55531.78429942134,4312,1444,5756,8,3616,0,0.4,0.05,0.1,2,0.25,0.51,0.26,30.0,0.16,0.085,0.5,0.49,6,0.12
sweep_0162,0.78,0.5,0,1162,0.3398,braiinspool+antpool+ocean+viabtc,0,2,1,v27_win,1,v27,1.0,86.39999999999999,0.0,100.0,0.0,71031.69671200059,48315.50328799942,4909,165,5074,6,769,0,0.4,0.05,0.1,2,0.25,0.51,0.26,30.0,0.16,0.085,0.5,0.49,6,0.12
sweep_0163,0.78,0.5,1,1163,0.3198,foundryusa+sbicrypto,1,1,1,v27_win,1,v27,1.0,86.4,0.0,100.0,0.0,70781.71779153205,48565.48220846796,2865,197,3062,8,1206,0,0.4,0.05,0.1,2,0.25,0.51,0.26,30.0,0.16,0.085,0.5,0.49,6,0.12
sweep_0164,0.78,0.5,2,1164,0.2878,foundryusa+ocean,1,1,1,contested,0,v27,0.5451388888888888,47.1,39.3,56.737060138721,43.262939861279,61030.325060957904,58316.87493904211,1483,1230,2713,4,304,0,0.4,0.05,0.1,2,0.25,0.51,0.26,30.0,0.16,0.085,0.5,0.49,6,0.12
sweep_0165,0.78,0.5,3,1165,0.2702,f2pool+viabtc+luxor,0,1,1,v27_win,1,v27,1.0,86.39999999999999,0.0,100.0,0.0,70987.45414269285,48359.745857307156,2740,120,2860,6,512,0,0.4,0.05,0.1,2,0.25,0.51,0.26,30.0,0.16,0.085,0.5,0.49,6,0.12
sweep_0166,0.78,0.5,4,1166,0.2179,viabtc+binancepool,0,1,1,v27_win,1,v27,1.0,86.4,0.0,100.0,0.0,70895.75828277573,48451.44171722427,3204,164,3368,6,738,0,0.4,0.05,0.1,2,0.25,0.51,0.26,30.0,0.16,0.085,0.5,0.49,6,0.12
sweep_0167,0.78,0.5,5,1167,0.3709,sbicrypto+antpool+ocean+f2pool,0,1,1,v27_win,1,v27,1.0,86.4,0.0,100.0,0.0,71017.57535431041,48329.62464568959,3384,124,3508,6,530,0,0.4,0.05,0.1,2,0.25,0.51,0.26,30.0,0.16,0.085,0.5,0.49,6,0.12
