scenario_id,outcome,economic_split,hashrate_split,pool_ideology_strength,pool_profitability_threshold,pool_max_loss_pct,pool_committed_split,pool_neutral_pct,econ_ideology_strength,user_ideology_strength,v27_hash_share,v27_econ_share,v27_block_share,econ_initial,econ_final,econ_delta,econ_switched,econ_outcome,econ_switch_time_s,econ_95pct_time_s,cascade_time_s,econ_lag_s,peak_price_gap_pct,total_reorgs,total_orphans,duration,econ_inertia,econ_switching_threshold,economic_nodes_per_partition,final_v26_economic,final_v26_hashrate,final_v26_price,final_v27_economic,final_v27_hashrate,final_v27_price,reorg_mass,solo_miner_hashrate,total_blocks,transaction_velocity,user_nodes_per_partition,user_switching_threshold,v26_acceptance_probability,v26_blocks,v26_fork_valuation,v26_pool_opportunity_cost,v27_blocks,v27_fork_valuation,v27_pool_opportunity_cost,winning_fork
sweep_0000,v26_dominant,0.55,0.25,0.51,0.16,0.26,0.214,30.0,0.4,0.49,0.0,0.5673664319629602,0.031359439668895255,56.74,56.74,-0.0,False,no_switch,None,None,None,None,0.89,8,0,13000,0.05,0.1,2,43.26335680370397,86.4,64280.82605051964,56.73664319629601,0.0,55066.37394948037,1126,0.085,6282,0.5,6,0.12,0.0,6085,138735917113.37735,1591462.1461877306,197,155860966154.08823,0,v26
sweep_0001,v27_dominant,0.55,0.25,0.51,0.16,0.26,0.3,30.0,0.4,0.49,1.0,0.5673741253525133,0.7617614446380485,56.74,56.74,0.0,False,no_switch,None,None,9086.0,None,15.69,10,0,13000,0.05,0.1,2,43.26258746474866,0.0,55332.70513334212,56.73741253525133,86.4,64014.49486665789,8135,0.085,6313,0.5,6,0.12,0.0,1504,119421257526.9843,0,4809,181190363436.79883,83013677.17253762,v27
sweep_0002,v27_dominant,0.55,0.25,0.51,0.16,0.26,0.4,30.0,0.4,0.49,1.0,0.5673741253525133,0.7445243270356128,56.74,56.74,0.0,False,no_switch,None,None,10255.0,None,14.88,10,0,13000,0.05,0.1,2,43.26258746474866,0.0,55540.761094623034,56.73741253525133,86.4,63806.43890537697,8140,0.085,5981,0.5,6,0.12,0.0,1528,119870292224.85922,0,4453,180601469697.68228,96964379.90313567,v27
sweep_0003,v27_dominant,0.55,0.25,0.51,0.16,0.26,0.5,30.0,0.4,0.49,1.0,0.5673741253525133,0.7587343441001978,56.74,56.74,0.0,False,no_switch,None,None,9854.0,None,15.4,10,0,13000,0.05,0.1,2,43.26258746474866,0.0,55407.569458958154,56.73741253525133,86.4,63939.63054104184,7729,0.085,6068,0.5,6,0.12,0.0,1464,119582832709.10185,0,4604,180978463078.99585,93013799.32869509,v27
sweep_0004,v26_dominant,0.65,0.25,0.51,0.16,0.26,0.214,30.0,0.4,0.49,0.0,0.5673664319629602,0.015637860082304528,56.74,56.74,-0.0,False,no_switch,None,None,None,None,1.05,8,0,13000,0.05,0.1,2,43.26335680370397,86.4,64408.33807830417,56.73664319629601,0.0,54938.861921695825,448,0.085,6075,0.5,6,0.12,0.0,5980,139011123566.13467,1809187.9379782788,95,155500053560.4063,0,v26
sweep_0005,v27_dominant,0.65,0.25,0.51,0.16,0.26,0.3,30.0,0.4,0.49,1.0,0.5673741253525133,0.7603672048116492,56.74,56.74,0.0,False,no_switch,None,None,9037.0,None,15.65,10,0,13000,0.05,0.1,2,43.26258746474866,0.0,55344.16453062238,56.73741253525133,86.4,64003.035469377624,8180,0.085,6318,0.5,6,0.12,0.0,1514,119445989656.57045,0,4804,181157928089.73715,83052134.85604502,v27
sweep_0006,v27_dominant,0.65,0.25,0.51,0.16,0.26,0.4,30.0,0.4,0.49,1.0,0.5673741253525133,0.7438811188811189,56.74,56.74,0.0,False,no_switch,None,None,10910.0,None,14.71,10,0,13000,0.05,0.1,2,43.26258746474866,0.0,55584.20952086186,56.73741253525133,86.4,63762.99047913815,7672,0.085,5720,0.5,6,0.12,0.0,1465,119964064356.3049,0,4255,180478490735.5368,110809824.7703543,v27
sweep_0007,v27_dominant,0.65,0.25,0.51,0.16,0.26,0.5,30.0,0.4,0.49,1.0,0.56737060138721,0.609981515711645,56.74,56.74,0.0,False,no_switch,None,None,12895.0,None,12.52,10,0,13000,0.05,0.1,2,43.262939861279,0.0,56158.226950479046,56.737060138721,86.4,63188.97304952095,7573,0.085,3787,0.5,6,0.12,0.0,1477,121203918995.23169,0,2310,178852647429.46454,131139778.13366155,v27
sweep_0008,v26_dominant,0.74,0.25,0.51,0.16,0.26,0.214,30.0,0.4,0.49,0.0,0.5673664319629602,0.031394422310756974,56.74,56.74,-0.0,False,no_switch,None,None,None,None,0.89,8,0,13000,0.05,0.1,2,43.26335680370397,86.4,64280.53731348975,56.73664319629601,0.0,55066.662686510266,1128,0.085,6275,0.5,6,0.12,0.0,6078,138735293938.48825,1591462.1461877306,197,155861783401.15237,0,v26
sweep_0009,v27_dominant,0.74,0.25,0.51,0.16,0.26,0.3,30.0,0.4,0.49,1.0,0.5673741253525133,0.7554797856794935,56.74,56.74,0.0,False,no_switch,None,None,9694.0,None,15.32,10,0,13000,0.05,0.1,2,43.26258746474866,0.0,55427.91759449671,56.73741253525133,86.4,63919.282405503305,8132,0.085,6159,0.5,6,0.12,0.0,1506,119626748869.14658,0,4653,180920868528.2434,90072878.68753004,v27
sweep_0010,v27_dominant,0.74,0.25,0.51,0.16,0.26,0.4,30.0,0.4,0.49,1.0,0.5673741253525133,0.7403966410577095,56.74,56.74,0.0,False,no_switch,None,None,10917.0,None,14.57,10,0,13000,0.05,0.1,2,43.26258746474866,0.0,55622.14310938616,56.73741253525133,86.4,63725.05689061384,7536,0.085,5597,0.5,6,0.12,0.0,1453,120045934144.40158,0,4144,180371121292.0147,107665941.22305207,v27
sweep_0011,contested,0.74,0.25,0.51,0.16,0.26,0.5,30.0,0.4,0.49,0.5844907407407407,0.56737060138721,0.585247883917775,56.74,56.74,0.0,False,no_switch,None,None,None,None,6.23,5,0,13000,0.05,0.1,2,43.262939861279,35.9,57888.236477349215,56.737060138721,50.5,61458.963522650796,287,0.085,3308,0.5,6,0.12,0.0,1372,124937725170.07144,136068987.4339201,1936,173955957880.22256,0,v27
sweep_0012,v26_dominant,0.78,0.25,0.51,0.16,0.26,0.214,30.0,0.4,0.49,0.0,0.5673664319629602,0.029124659945591293,56.74,56.74,-0.0,False,no_switch,None,None,None,None,0.9,8,0,13000,0.05,0.1,2,43.26335680370397,86.4,64295.71275296118,56.73664319629601,0.0,55051.48724703882,990,0.085,6249,0.5,6,0.12,0.0,6067,138768046761.40643,1127548.2099999734,182,155818830533.7636,0,v26
sweep_0013,v27_dominant,0.78,0.25,0.51,0.16,0.26,0.3,30.0,0.4,0.49,1.0,0.5673741253525133,0.74298128342246,56.74,56.74,0.0,False,no_switch,None,None,10345.0,None,14.81,10,0,13000,0.05,0.1,2,43.26258746474866,0.0,55560.482353010535,56.73741253525133,86.4,63786.71764698947,8311,0.085,5984,0.5,6,0.12,0.0,1538,119912855433.56146,0,4446,180545649496.61523,97353272.04267918,v27
sweep_0014,v27_dominant,0.78,0.25,0.51,0.16,0.26,0.4,30.0,0.4,0.49,1.0,0.56737060138721,0.6715875539404951,56.74,56.74,0.0,False,no_switch,None,None,12150.0,None,13.32,10,0,13000,0.05,0.1,2,43.262939861279,0.0,55946.367966312086,56.737060138721,86.4,63400.83203368792,7574,0.085,4403,0.5,6,0.12,0.0,1446,120746672736.76225,0,2957,179452301742.0973,122926183.7991821,v27
sweep_0015,contested,0.78,0.25,0.51,0.16,0.26,0.5,30.0,0.4,0.49,0.5844907407407407,0.56737060138721,0.6013404825737265,56.74,56.74,0.0,False,no_switch,None,None,None,None,6.23,5,0,13000,0.05,0.1,2,43.262939861279,35.9,57889.64377209282,56.737060138721,50.5,61457.55622790718,282,0.085,3730,0.5,6,0.12,0.0,1487,124940762474.61913,137095336.59285066,2243,173951974615.7626,0,v27
sweep_0016,v26_dominant,0.55,0.25,0.51,0.16,0.26,0.214,30.0,0.4,0.49,0.0,0.5673664319629602,0.030886801464734916,56.74,56.74,-0.0,False,no_switch,None,None,None,None,1.27,8,0,13000,0.05,0.1,2,43.26335680370397,86.4,64288.175022869495,56.73664319629601,0.0,55059.02497713051,1108,0.085,6281,0.5,6,0.12,0.1,6087,138751778241.51526,2801121.792015691,194,155840165475.76974,0,v26
sweep_0017,v27_dominant,0.55,0.25,0.51,0.16,0.26,0.3,30.0,0.4,0.49,1.0,0.56737060138721,0.7349274124679761,56.74,56.74,0.0,False,no_switch,None,None,10918.0,None,14.47,10,0,13000,0.05,0.1,2,43.262939861279,0.0,55647.16626197256,56.737060138721,86.4,63700.03373802744,8347,0.085,5855,0.5,6,0.12,0.1,1552,120100918390.42255,0,4303,180299174453.4894,110556605.64224628,v27
sweep_0018,v27_dominant,0.55,0.25,0.51,0.16,0.26,0.4,30.0,0.4,0.49,1.0,0.56737060138721,0.7135668666537642,56.74,56.74,0.0,False,no_switch,None,None,11719.0,None,13.92,10,0,13000,0.05,0.1,2,43.262939861279,0.0,55791.31210721111,56.737060138721,86.4,63555.88789278888,7853,0.085,5167,0.5,6,0.12,0.1,1480,120412022253.53415,0,3687,179891178171.97568,116859636.46221578,v27
sweep_0019,v27_dominant,0.55,0.25,0.51,0.16,0.26,0.5,30.0,0.4,0.49,1.0,0.5673741253525133,0.7386201991465149,56.74,56.74,0.0,False,no_switch,None,None,10979.0,None,14.53,10,0,13000,0.05,0.1,2,43.26258746474866,0.0,55633.151929792,56.73741253525133,86.4,63714.048070208,7736,0.085,5624,0.5,6,0.12,0.1,1470,120069693820.95428,0,4154,180339961284.0431,110907784.31356671,v27
sweep_0020,v26_dominant,0.65,0.25,0.51,0.16,0.26,0.214,30.0,0.4,0.49,0.0,0.5673664319629602,0.03084545309253636,56.74,56.74,-0.0,False,no_switch,None,None,None,None,1.27,8,0,13000,0.05,0.1,2,43.26335680370397,86.4,64285.17750838283,56.73664319629601,0.0,55062.02249161718,1106,0.085,6257,0.5,6,0.12,0.1,6064,138745308770.80496,2801121.792015691,193,155848649700.72308,0,v26
sweep_0021,v27_dominant,0.65,0.25,0.51,0.16,0.26,0.3,30.0,0.4,0.49,1.0,0.5673741253525133,0.7373072257840929,56.74,56.74,0.0,False,no_switch,None,None,10953.0,None,14.54,10,0,13000,0.05,0.1,2,43.26258746474866,0.0,55630.046402592816,56.73741253525133,86.4,63717.15359740719,8184,0.085,5771,0.5,6,0.12,0.1,1516,120062991347.93192,0,4255,180348751349.52835,111413625.36960314,v27
sweep_0022,v27_dominant,0.65,0.25,0.51,0.16,0.26,0.4,30.0,0.4,0.49,1.0,0.56737060138721,0.6919278660369257,56.74,56.74,0.0,False,no_switch,None,None,12111.0,None,13.65,10,0,13000,0.05,0.1,2,43.262939861279,0.0,55862.07342348538,56.737060138721,86.4,63485.12657651462,7408,0.085,4658,0.5,6,0.12,0.1,1435,120564743400.75388,0,3223,179690892455.33133,132033526.26223034,v27
sweep_0023,v27_dominant,0.65,0.25,0.51,0.16,0.26,0.5,30.0,0.4,0.49,1.0,0.56737060138721,0.6341285296981499,56.74,56.74,0.0,False,no_switch,None,None,12805.0,None,12.73,10,0,13000,0.05,0.1,2,43.262939861279,0.0,56103.489319286586,56.737060138721,86.4,63243.71068071342,7749,0.085,4108,0.5,6,0.12,0.1,1503,121085781087.79932,0,2605,179007579054.08704,137184981.77941853,v27
sweep_0024,v26_dominant,0.74,0.25,0.51,0.16,0.26,0.214,30.0,0.4,0.49,0.0,0.5673664319629602,0.031467964314679644,56.74,56.74,-0.0,False,no_switch,None,None,None,None,1.27,8,0,13000,0.05,0.1,2,43.26335680370397,86.4,64283.19715004419,56.73664319629601,0.0,55064.002849955825,1108,0.085,6165,0.5,6,0.12,0.1,5971,138741034606.21802,2801121.792015691,194,155854254946.57196,0,v26
sweep_0025,v27_dominant,0.74,0.25,0.51,0.16,0.26,0.3,30.0,0.4,0.49,1.0,0.56737060138721,0.7250639386189258,56.74,56.74,0.0,False,no_switch,None,None,11527.0,None,14.1,10,0,13000,0.05,0.1,2,43.262939861279,0.0,55743.958788501186,56.737060138721,86.4,63603.24121149881,8070,0.085,5474,0.5,6,0.12,0.1,1505,120309821594.49031,0,3969,180025208937.26767,117442803.14628473,v27
sweep_0026,v27_dominant,0.74,0.25,0.51,0.16,0.26,0.4,30.0,0.4,0.49,1.0,0.5673741253525133,0.7446068197633959,56.74,56.74,0.0,False,no_switch,None,None,10345.0,None,14.77,10,0,13000,0.05,0.1,2,43.26258746474866,0.0,55568.593613431294,56.73741253525133,86.4,63778.60638656872,7901,0.085,5748,0.5,6,0.12,0.1,1468,119930361480.25195,0,4280,180522690911.58496,103964396.67360002,v27
sweep_0027,v27_dominant,0.74,0.25,0.51,0.16,0.26,0.5,30.0,0.4,0.49,1.0,0.5673741253525133,0.7530844155844156,56.74,56.74,0.0,False,no_switch,None,None,10239.0,None,15.17,10,0,13000,0.05,0.1,2,43.26258746474866,0.0,55465.999063463874,56.73741253525133,86.4,63881.20093653614,7873,0.085,6160,0.5,6,0.12,0.1,1521,119708937818.73027,0,4639,180813080515.2826,109054604.79338124,v27
sweep_0028,v26_dominant,0.78,0.25,0.51,0.16,0.26,0.214,30.0,0.4,0.49,0.0,0.5673664319629602,0.031011527845429453,56.74,56.74,-0.0,False,no_switch,None,None,None,None,1.27,8,0,13000,0.05,0.1,2,43.26335680370397,86.4,64283.134192672245,56.73664319629601,0.0,55064.06580732777,1108,0.085,6159,0.5,6,0.12,0.1,5968,138740898726.6833,2801121.792015691,191,155854433142.37665,0,v26
sweep_0029,v26_dominant,0.78,0.25,0.51,0.16,0.26,0.3,30.0,0.4,0.49,0.0,0.56737060138721,0.2787341772151899,56.74,56.74,0.0,False,no_switch,None,None,None,None,0.64,4,0,13000,0.05,0.1,2,43.262939861279,86.4,62204.89583260966,56.737060138721,0.0,57142.30416739034,1283,0.085,3950,0.5,6,0.12,0.1,2849,134254187943.84023,45091145.498650104,1101,161737909121.39166,0,v26
sweep_0030,v27_dominant,0.78,0.25,0.51,0.16,0.26,0.4,30.0,0.4,0.49,1.0,0.56737060138721,0.7233756247597078,56.74,56.74,0.0,False,no_switch,None,None,11547.0,None,14.12,10,0,13000,0.05,0.1,2,43.262939861279,0.0,55738.452976591485,56.737060138721,86.4,63608.74702340852,7491,0.085,5202,0.5,6,0.12,0.1,1439,120297938634.20213,0,3763,180040792811.93405,119892348.5901539,v27
sweep_0031,v27_dominant,0.78,0.25,0.51,0.16,0.26,0.5,30.0,0.4,0.49,1.0,0.5673741253525133,0.7503255208333334,56.74,56.74,0.0,False,no_switch,None,None,10317.0,None,15.09,10,0,13000,0.05,0.1,2,43.26258746474866,0.0,55486.18112707138,56.73741253525133,86.4,63861.01887292863,7861,0.085,6144,0.5,6,0.12,0.1,1534,119752495555.69054,0,4610,180755956024.21902,109398790.05765563,v27
sweep_0032,v26_dominant,0.55,0.25,0.51,0.16,0.26,0.214,30.0,0.4,0.49,0.0,0.5673664319629602,0.031680892974392645,56.74,56.74,-0.0,False,no_switch,None,None,None,None,1.27,8,0,13000,0.05,0.1,2,43.26335680370397,86.4,64281.83270380263,56.73664319629601,0.0,55065.36729619737,1108,0.085,6092,0.5,6,0.12,0.25,5899,138738089751.3942,2801121.792015691,193,155858116902.50296,0,v26
sweep_0033,v27_dominant,0.55,0.25,0.51,0.16,0.26,0.3,30.0,0.4,0.49,1.0,0.56737060138721,0.7244916993098303,56.74,56.74,0.0,False,no_switch,None,None,11524.0,None,14.1,10,0,13000,0.05,0.1,2,43.262939861279,0.0,55743.058713258215,56.737060138721,86.4,63604.14128674179,7760,0.085,5361,0.5,6,0.12,0.25,1477,120307879000.2746,0,3884,180027756546.95847,118685486.51842627,v27
sweep_0034,v27_dominant,0.55,0.25,0.51,0.16,0.26,0.4,30.0,0.4,0.49,1.0,0.56737060138721,0.7281639928698752,56.74,56.74,0.0,False,no_switch,None,None,11465.0,None,14.16,10,0,13000,0.05,0.1,2,43.262939861279,0.0,55728.14286232229,56.737060138721,86.4,63619.0571376777,8024,0.085,5610,0.5,6,0.12,0.25,1525,120275686751.92998,0,4085,180069974980.0142,120291939.81417581,v27
sweep_0035,v27_dominant,0.55,0.25,0.51,0.16,0.26,0.5,30.0,0.4,0.49,1.0,0.5673741253525133,0.7517436067751577,56.74,56.74,0.0,False,no_switch,None,None,10278.0,None,15.11,10,0,13000,0.05,0.1,2,43.26258746474866,0.0,55482.04097219563,56.73741253525133,86.4,63865.15902780437,7797,0.085,6022,0.5,6,0.12,0.25,1495,119743560107.8315,0,4527,180767674560.28156,104259769.5253317,v27
sweep_0036,v26_dominant,0.65,0.25,0.51,0.16,0.26,0.214,30.0,0.4,0.49,0.0,0.5673664319629602,0.031352593565331585,56.74,56.74,-0.0,False,no_switch,None,None,None,None,1.27,8,0,13000,0.05,0.1,2,43.26335680370397,86.4,64283.60901613006,56.73664319629601,0.0,55063.590983869944,1102,0.085,6092,0.5,6,0.12,0.25,5901,138741923527.8866,2801121.792015691,191,155853089192.56516,0,v26
sweep_0037,v27_dominant,0.65,0.25,0.51,0.16,0.26,0.3,30.0,0.4,0.49,1.0,0.5673741253525133,0.7484112758676877,56.74,56.74,0.0,False,no_switch,None,None,10263.0,None,15.05,10,0,13000,0.05,0.1,2,43.26258746474866,0.0,55498.15802299227,56.73741253525133,86.4,63849.041977007735,8073,0.085,6137,0.5,6,0.12,0.25,1544,119778344571.54283,0,4593,180722055918.79333,103820690.49374461,v27
sweep_0038,v27_dominant,0.65,0.25,0.51,0.16,0.26,0.4,30.0,0.4,0.49,1.0,0.56737060138721,0.7191820837390458,56.74,56.74,0.0,False,no_switch,None,None,11646.0,None,14.04,10,0,13000,0.05,0.1,2,43.262939861279,0.0,55759.699971163805,56.737060138721,86.4,63587.5000288362,7524,0.085,5135,0.5,6,0.12,0.25,1442,120343795121.29007,0,3693,179980654451.61917,121449899.71779144,v27
sweep_0039,v27_dominant,0.65,0.25,0.51,0.16,0.26,0.5,30.0,0.4,0.49,1.0,0.5673741253525133,0.7448711204629143,56.74,56.74,0.0,False,no_switch,None,None,10869.0,None,14.78,10,0,13000,0.05,0.1,2,43.26258746474866,0.0,55566.6942810274,56.73741253525133,86.4,63780.5057189726,7494,0.085,5703,0.5,6,0.12,0.25,1455,119926262265.08456,0,4248,180528066892.90393,118963244.71334949,v27
sweep_0040,v26_dominant,0.74,0.25,0.51,0.16,0.26,0.214,30.0,0.4,0.49,0.0,0.5673664319629602,0.032480646247054865,56.74,56.74,-0.0,False,no_switch,None,None,None,None,1.27,8,0,13000,0.05,0.1,2,43.26335680370397,86.4,64274.62567024208,56.73664319629601,0.0,55072.57432975792,1108,0.085,5942,0.5,6,0.12,0.25,5749,138722534966.6765,2801121.792015691,193,155878515834.4334,0,v26
sweep_0041,v27_dominant,0.74,0.25,0.51,0.16,0.26,0.3,30.0,0.4,0.49,1.0,0.56737060138721,0.6911060195792543,56.74,56.74,0.0,False,no_switch,None,None,12162.0,None,13.47,10,0,13000,0.05,0.1,2,43.262939861279,0.0,55907.64694542066,56.737060138721,86.4,63439.55305457934,7726,0.085,4801,0.5,6,0.12,0.25,1483,120663102799.91798,0,3318,179561899299.446,127545872.94479835,v27
sweep_0042,v27_dominant,0.74,0.25,0.51,0.16,0.26,0.4,30.0,0.4,0.49,1.0,0.56737060138721,0.7288293318444072,56.74,56.74,0.0,False,no_switch,None,None,11565.0,None,14.18,10,0,13000,0.05,0.1,2,43.262939861279,0.0,55721.69601803948,56.737060138721,86.4,63625.503981960515,7553,0.085,5373,0.5,6,0.12,0.25,1457,120261772801.38953,0,3916,180088222391.10352,122113654.87171876,v27
sweep_0043,v27_dominant,0.74,0.25,0.51,0.16,0.26,0.5,30.0,0.4,0.49,1.0,0.5673741253525133,0.7503739405019112,56.74,56.74,0.0,False,no_switch,None,None,10242.0,None,15.13,10,0,13000,0.05,0.1,2,43.26258746474866,0.0,55477.849118171136,56.73741253525133,86.4,63869.350881828876,7723,0.085,6017,0.5,6,0.12,0.25,1502,119734513080.80167,0,4515,180779539428.63297,108937189.3139969,v27
sweep_0044,v26_dominant,0.78,0.25,0.51,0.16,0.26,0.214,30.0,0.4,0.49,0.0,0.5673664319629602,0.03348527349228612,56.74,56.74,-0.0,False,no_switch,None,None,None,None,1.27,8,0,13000,0.05,0.1,2,43.26335680370397,86.4,64265.047935282695,56.73664319629601,0.0,55082.15206471731,1108,0.085,5704,0.5,6,0.12,0.25,5513,138701863548.3843,2801121.792015691,191,155905624847.01718,0,v26
sweep_0045,v27_dominant,0.78,0.25,0.51,0.16,0.26,0.3,30.0,0.4,0.49,1.0,0.56737060138721,0.728663594470046,56.74,56.74,0.0,False,no_switch,None,None,11494.0,None,14.14,10,0,13000,0.05,0.1,2,43.262939861279,0.0,55732.86039665393,56.737060138721,86.4,63614.339603346074,7681,0.085,5425,0.5,6,0.12,0.25,1472,120285868406.16016,0,3953,180056622278.36658,119973152.60675256,v27
sweep_0046,v27_dominant,0.78,0.25,0.51,0.16,0.26,0.4,30.0,0.4,0.49,1.0,0.56737060138721,0.7276071362883944,56.74,56.74,0.0,False,no_switch,None,None,11599.0,None,14.18,10,0,13000,0.05,0.1,2,43.262939861279,0.0,55723.54235515767,56.737060138721,86.4,63623.65764484234,7682,0.085,5437,0.5,6,0.12,0.25,1481,120265757672.4701,0,3956,180082996443.19366,123408626.20039353,v27
sweep_0047,v27_dominant,0.78,0.25,0.51,0.16,0.26,0.5,30.0,0.4,0.49,1.0,0.5673741253525133,0.7701824930405197,56.74,56.74,0.0,False,no_switch,None,None,9100.0,None,15.99,10,0,13000,0.05,0.1,2,43.26258746474866,0.0,55256.820701337856,56.73741253525133,86.4,64090.37929866215,7881,0.085,6466,0.5,6,0.12,0.25,1486,119257480710.45541,0,4980,181405151163.27682,89570829.57561725,v27
sweep_0048,v26_dominant,0.55,0.25,0.51,0.16,0.26,0.214,30.0,0.4,0.49,0.0,0.5673664319629602,0.03061712645511083,56.74,56.74,-0.0,False,no_switch,None,None,None,None,1.27,8,0,13000,0.05,0.1,2,43.26335680370397,86.4,64289.97863800667,56.73664319629601,0.0,55057.22136199333,1102,0.085,6271,0.5,6,0.12,0.5,6079,138755670945.07166,2801121.792015691,192,155835060487.41318,0,v26
sweep_0049,v27_dominant,0.55,0.25,0.51,0.16,0.26,0.3,30.0,0.4,0.49,1.0,0.5673741253525133,0.7373361671980163,56.74,56.74,0.0,False,no_switch,None,None,10882.0,None,14.5,10,0,13000,0.05,0.1,2,43.26258746474866,0.0,55638.80622237415,56.73741253525133,86.4,63708.39377762586,8015,0.085,5646,0.5,6,0.12,0.5,1483,120081897141.37679,0,4163,180323957044.221,109326326.81430738,v27
sweep_0050,v27_dominant,0.55,0.25,0.51,0.16,0.26,0.4,30.0,0.4,0.49,1.0,0.56737060138721,0.6878710771840543,56.74,56.74,0.0,False,no_switch,None,None,12135.0,None,13.5,10,0,13000,0.05,0.1,2,43.262939861279,0.0,55899.52843115494,56.737060138721,86.4,63447.671568845064,7561,0.085,4716,0.5,6,0.12,0.5,1472,120645580954.96567,0,3244,179584878273.4591,129912149.52943647,v27
sweep_0051,v27_dominant,0.55,0.25,0.51,0.16,0.26,0.5,30.0,0.4,0.49,1.0,0.56737060138721,0.7173789173789173,56.74,56.74,0.0,False,no_switch,None,None,11711.0,None,13.98,10,0,13000,0.05,0.1,2,43.262939861279,0.0,55773.904876847424,56.737060138721,86.4,63573.29512315258,7867,0.085,5265,0.5,6,0.12,0.5,1488,120374452966.65492,0,3777,179940448307.01212,117424191.635835,v27
sweep_0052,v26_dominant,0.65,0.25,0.51,0.16,0.26,0.214,30.0,0.4,0.49,0.0,0.5673664319629602,0.026134122287968443,56.74,56.74,-0.0,False,no_switch,None,None,None,None,1.03,8,0,13000,0.05,0.1,2,43.26335680370397,86.4,64322.73278190102,56.73664319629601,0.0,55024.46721809899,1024,0.085,6084,0.5,6,0.12,0.5,5925,138826363505.69424,2275206.9356777705,159,155742352503.45172,0,v26
sweep_0053,v27_dominant,0.65,0.25,0.51,0.16,0.26,0.3,30.0,0.4,0.49,1.0,0.5673741253525133,0.7440042636347486,56.74,56.74,0.0,False,no_switch,None,None,9667.0,None,14.83,10,0,13000,0.05,0.1,2,43.26258746474866,0.0,55553.148340348125,56.73741253525133,86.4,63794.05165965189,7512,0.085,5629,0.5,6,0.12,0.5,1441,119897026874.07294,0,4188,180566408114.2146,100537683.17696261,v27
sweep_0054,v27_dominant,0.65,0.25,0.51,0.16,0.26,0.4,30.0,0.4,0.49,1.0,0.5673741253525133,0.7463780467018919,56.74,56.74,0.0,False,no_switch,None,None,10271.0,None,14.93,10,0,13000,0.05,0.1,2,43.26258746474866,0.0,55528.47794553775,56.73741253525133,86.4,63818.722054462254,7767,0.085,5867,0.5,6,0.12,0.5,1488,119843782241.1774,0,4379,180636236639.9435,109255527.5777731,v27
sweep_0055,v27_dominant,0.65,0.25,0.51,0.16,0.26,0.5,30.0,0.4,0.49,1.0,0.56737060138721,0.6793657784628936,56.74,56.74,0.0,False,no_switch,None,None,12141.0,None,13.41,10,0,13000,0.05,0.1,2,43.262939861279,0.0,55923.67632657764,56.737060138721,86.4,63423.52367342236,7695,0.085,4541,0.5,6,0.12,0.5,1456,120697698333.30275,0,3085,179516529085.02054,124507611.81391133,v27
sweep_0056,v26_dominant,0.74,0.25,0.51,0.16,0.26,0.214,30.0,0.4,0.49,0.0,0.5673664319629602,0.03098637248539909,56.74,56.74,-0.0,False,no_switch,None,None,None,None,1.27,8,0,13000,0.05,0.1,2,43.26335680370397,86.4,64287.393606944504,56.73664319629601,0.0,55059.8063930555,1102,0.085,6164,0.5,6,0.12,0.5,5973,138750091728.41858,2801121.792015691,191,155842377211.03214,0,v26
sweep_0057,v27_dominant,0.74,0.25,0.51,0.16,0.26,0.3,30.0,0.4,0.49,1.0,0.56737060138721,0.6860986547085202,56.74,56.74,0.0,False,no_switch,None,None,12175.0,None,13.47,10,0,13000,0.05,0.1,2,43.262939861279,0.0,55909.33126236889,56.737060138721,86.4,63437.8687376311,7801,0.085,4683,0.5,6,0.12,0.5,1470,120666737989.73863,0,3213,179557131940.03558,123694269.10213041,v27
sweep_0058,v27_dominant,0.74,0.25,0.51,0.16,0.26,0.4,30.0,0.4,0.49,1.0,0.56737060138721,0.6350310559006211,56.74,56.74,0.0,False,no_switch,None,None,12709.0,None,12.8,10,0,13000,0.05,0.1,2,43.262939861279,0.0,56084.62593260896,56.737060138721,86.4,63262.57406739105,7716,0.085,4025,0.5,6,0.12,0.5,1469,121045069040.51785,0,2556,179060970753.3656,136142328.9088762,v27
sweep_0059,v27_dominant,0.74,0.25,0.51,0.16,0.26,0.5,30.0,0.4,0.49,1.0,0.5673741253525133,0.7384215091066783,56.74,56.74,0.0,False,no_switch,None,None,10285.0,None,14.68,10,0,13000,0.05,0.1,2,43.26258746474866,0.0,55592.30469397108,56.73741253525133,86.4,63754.89530602893,7980,0.085,5765,0.5,6,0.12,0.5,1508,119981535682.71614,0,4257,180455577684.97226,102893897.38967228,v27
sweep_0060,v26_dominant,0.78,0.25,0.51,0.16,0.26,0.214,30.0,0.4,0.49,0.0,0.5673664319629602,0.01938122332859175,56.74,56.74,-0.0,False,no_switch,None,None,None,None,1.03,8,0,13000,0.05,0.1,2,43.26335680370397,86.4,64373.56311095041,56.73664319629601,0.0,54973.6368890496,608,0.085,5624,0.5,6,0.12,0.5,5515,138936069505.92984,1826632.4993894892,109,155598481323.50378,0,v26
sweep_0061,v27_dominant,0.78,0.25,0.51,0.16,0.26,0.3,30.0,0.4,0.49,1.0,0.5673741253525133,0.7413581330057905,56.74,56.74,0.0,False,no_switch,None,None,10289.0,None,14.72,10,0,13000,0.05,0.1,2,43.26258746474866,0.0,55583.83167937679,56.73741253525133,86.4,63763.368320623216,7882,0.085,5699,0.5,6,0.12,0.5,1474,119963248883.69817,0,4225,180479560200.13452,102154711.76905964,v27
sweep_0062,v26_dominant,0.78,0.25,0.51,0.16,0.26,0.4,30.0,0.4,0.49,0.34722222222222227,0.56737060138721,0.3439446366782007,56.74,56.74,0.0,False,no_switch,None,None,None,None,1.63,3,0,13000,0.05,0.1,2,43.262939861279,56.39999999999999,60614.0863495428,56.737060138721,30.0,58733.11365045721,93,0.085,2890,0.5,6,0.12,0.5,1896,130820811318.67528,0,994,166240601187.29105,60285534.373769045,v26
sweep_0063,contested,0.78,0.25,0.51,0.16,0.26,0.5,30.0,0.4,0.49,0.5844907407407407,0.56737060138721,0.586579251831855,56.74,56.74,0.0,False,no_switch,None,None,None,None,6.52,5,0,13000,0.05,0.1,2,43.262939861279,35.9,57859.824851916004,56.737060138721,50.5,61487.375148084,289,0.085,2593,0.5,6,0.12,0.5,1072,124876405564.1201,137276386.1131975,1521,174036375304.043,0,v27
sweep_0064,v26_dominant,0.55,0.25,0.51,0.16,0.26,0.214,30.0,0.4,0.49,0.0,0.5673664319629602,0.03253833049403748,56.74,56.74,-0.0,False,no_switch,None,None,None,None,1.27,8,0,13000,0.05,0.1,2,43.26335680370397,86.4,64274.909072428876,56.73664319629601,0.0,55072.29092757112,1102,0.085,5870,0.5,6,0.12,0.75,5679,138723146627.4891,2801121.792015691,191,155877713687.21585,0,v26
sweep_0065,v26_dominant,0.55,0.25,0.51,0.16,0.26,0.3,30.0,0.4,0.49,0.0,0.56737060138721,0.24476719350704826,56.74,56.74,0.0,False,no_switch,None,None,None,None,1.91,4,0,13000,0.05,0.1,2,43.262939861279,86.4,62316.48699562108,56.737060138721,0.0,57030.71300437892,1238,0.085,4682,0.5,6,0.12,0.75,3536,134495030417.27063,48821111.96890703,1146,161422056940.6847,0,v26
sweep_0066,v27_dominant,0.55,0.25,0.51,0.16,0.26,0.4,30.0,0.4,0.49,1.0,0.56737060138721,0.6879676440849343,56.74,56.74,0.0,False,no_switch,None,None,12198.0,None,13.35,10,0,13000,0.05,0.1,2,43.262939861279,0.0,55939.51890349176,56.737060138721,86.4,63407.68109650825,8168,0.085,4945,0.5,6,0.12,0.75,1543,120731890695.01437,0,3402,179471687608.9457,123308683.3835358,v27
sweep_0067,v27_dominant,0.55,0.25,0.51,0.16,0.26,0.5,30.0,0.4,0.49,1.0,0.5673712187827238,0.7354625932997744,56.74,56.74,0.0,False,no_switch,None,None,10888.0,None,14.55,10,0,13000,0.05,0.1,2,43.26287812172761,0.0,55627.232859274285,56.737121878272376,86.4,63719.96714072571,7874,0.085,5761,0.5,6,0.12,0.75,1524,120057725641.0766,0,4237,180355791027.26822,121128239.2905179,v27
sweep_0068,v26_dominant,0.65,0.25,0.51,0.16,0.26,0.214,30.0,0.4,0.49,0.0,0.5673664319629602,0.022119978764820386,56.74,56.74,-0.0,False,no_switch,None,None,None,None,0.64,8,0,13000,0.05,0.1,2,43.26335680370397,86.4,64344.80937480556,56.73664319629601,0.0,55002.39062519444,752,0.085,5651,0.5,6,0.12,0.75,5526,138874010938.8642,178121.44603023026,125,155679866473.36285,0,v26
sweep_0069,contested,0.65,0.25,0.51,0.16,0.26,0.3,30.0,0.4,0.49,0.5844907407407407,0.56737060138721,0.5876404494382023,56.74,56.74,0.0,False,no_switch,None,None,None,None,6.17,5,0,13000,0.05,0.1,2,43.262939861279,35.9,57924.62122409196,56.737060138721,50.5,61422.57877590804,595,0.085,3560,0.5,6,0.12,0.75,1468,125016252825.52536,139481562.29468992,2092,173852973008.5442,0,v27
sweep_0070,v27_dominant,0.65,0.25,0.51,0.16,0.26,0.4,30.0,0.4,0.49,1.0,0.56737060138721,0.7300852167469433,56.74,56.74,0.0,False,no_switch,None,None,11506.0,None,14.21,10,0,13000,0.05,0.1,2,43.262939861279,0.0,55714.05263744618,56.737060138721,86.4,63633.147362553835,7552,0.085,5398,0.5,6,0.12,0.75,1457,120245276417.2872,0,3941,180109856527.3848,125484451.61888582,v27
sweep_0071,v27_dominant,0.65,0.25,0.51,0.16,0.26,0.5,30.0,0.4,0.49,1.0,0.56737060138721,0.6870915032679739,56.74,56.74,0.0,False,no_switch,None,None,12292.0,None,13.32,10,0,13000,0.05,0.1,2,43.262939861279,0.0,55946.50766198594,56.737060138721,86.4,63400.69233801405,7891,0.085,4896,0.5,6,0.12,0.75,1532,120746974236.00923,0,3364,179451906341.7624,129562437.3372857,v27
sweep_0072,v26_dominant,0.74,0.25,0.51,0.16,0.26,0.214,30.0,0.4,0.49,0.0,0.5673664319629602,0.03225806451612903,56.74,56.74,-0.0,False,no_switch,None,None,None,None,1.27,8,0,13000,0.05,0.1,2,43.26335680370397,86.4,64274.05059074272,56.73664319629601,0.0,55073.14940925728,1102,0.085,5859,0.5,6,0.12,0.75,5670,138721293785.02628,2801121.792015691,189,155880143550.95,0,v26
sweep_0073,v27_dominant,0.74,0.25,0.51,0.16,0.26,0.3,30.0,0.4,0.49,1.0,0.56737060138721,0.6770740410347904,56.74,56.74,0.0,False,no_switch,None,None,12156.0,None,13.42,10,0,13000,0.05,0.1,2,43.262939861279,0.0,55921.88242621949,56.737060138721,86.4,63425.317573780514,7529,0.085,4484,0.5,6,0.12,0.75,1448,120693826634.257,0,3036,179521606613.7854,131375181.016693,v27
sweep_0074,v27_dominant,0.74,0.25,0.51,0.16,0.26,0.4,30.0,0.4,0.49,1.0,0.56737060138721,0.691663261136085,56.74,56.74,0.0,False,no_switch,None,None,12090.0,None,13.48,10,0,13000,0.05,0.1,2,43.262939861279,0.0,55905.58528015007,56.737060138721,86.4,63441.61471984992,7931,0.085,4894,0.5,6,0.12,0.75,1509,120658653195.22032,0,3385,179567734720.9438,125468063.04714327,v27
sweep_0075,v27_dominant,0.74,0.25,0.51,0.16,0.26,0.5,30.0,0.4,0.49,1.0,0.5673741253525133,0.7370073247296826,56.74,56.74,0.0,False,no_switch,None,None,10910.0,None,14.52,10,0,13000,0.05,0.1,2,43.26258746474866,0.0,55634.866012344246,56.73741253525133,86.4,63712.333987655766,7995,0.085,5734,0.5,6,0.12,0.75,1508,120073393222.48184,0,4226,180335109644.71912,109521582.60748309,v27
sweep_0076,v26_dominant,0.78,0.25,0.51,0.16,0.26,0.214,30.0,0.4,0.49,0.0,0.5673664319629602,0.031754032258064516,56.74,56.74,-0.0,False,no_switch,None,None,None,None,1.27,8,0,13000,0.05,0.1,2,43.26335680370397,86.4,64263.81715176255,56.73664319629601,0.0,55083.38284823745,1102,0.085,5952,0.5,6,0.12,0.75,5763,138699207174.92233,2801121.792015691,189,155909108481.30826,0,v26
sweep_0077,v27_dominant,0.78,0.25,0.51,0.16,0.26,0.3,30.0,0.4,0.49,1.0,0.56737060138721,0.6204303863106041,56.74,56.74,0.0,False,no_switch,None,None,12741.0,None,12.67,10,0,13000,0.05,0.1,2,43.262939861279,0.0,56118.098231710996,56.737060138721,86.4,63229.10176828901,7694,0.085,3857,0.5,6,0.12,0.75,1464,121117310883.77486,0,2393,178966229392.31738,135532813.16749883,v27
sweep_0078,v27_dominant,0.78,0.25,0.51,0.16,0.26,0.4,30.0,0.4,0.49,1.0,0.56737060138721,0.6856783392744811,56.74,56.74,0.0,False,no_switch,None,None,12251.0,None,13.38,10,0,13000,0.05,0.1,2,43.262939861279,0.0,55931.609142523164,56.737060138721,86.4,63415.59085747684,7883,0.085,4769,0.5,6,0.12,0.75,1499,120714819393.44792,0,3270,179494075719.10944,128636208.90696713,v27
sweep_0079,contested,0.78,0.25,0.51,0.16,0.26,0.5,30.0,0.4,0.49,0.5844907407407407,0.56737060138721,0.5888240200166805,56.74,56.74,0.0,False,no_switch,None,None,None,None,6.35,5,0,13000,0.05,0.1,2,43.262939861279,35.9,57923.05769195357,56.737060138721,50.5,61424.14230804643,242,0.085,3597,0.5,6,0.12,0.75,1479,125012878320.4361,139230682.8188666,2118,173857398493.7008,0,v27
sweep_0080,v26_dominant,0.55,0.25,0.51,0.16,0.26,0.214,30.0,0.4,0.49,0.0,0.5673664319629602,0.032279986408426775,56.74,56.74,-0.0,False,no_switch,None,None,None,None,1.27,8,0,13000,0.05,0.1,2,43.26335680370397,86.4,64269.55599008992,56.73664319629601,0.0,55077.64400991009,1102,0.085,5886,0.5,6,0.12,1.0,5696,138711593185.6106,2801121.792015691,190,155892865158.52972,0,v26
sweep_0081,v27_dominant,0.55,0.25,0.51,0.16,0.26,0.3,30.0,0.4,0.49,1.0,0.5673741253525133,0.7479289940828402,56.74,56.74,0.0,False,no_switch,None,None,10346.0,None,14.97,10,0,13000,0.05,0.1,2,43.26258746474866,0.0,55517.01754673336,56.73741253525133,86.4,63830.18245326664,7867,0.085,5915,0.5,6,0.12,1.0,1491,119819047950.06181,0,4424,180668674821.77756,103942018.8665272,v27
sweep_0082,v27_dominant,0.55,0.25,0.51,0.16,0.26,0.4,30.0,0.4,0.49,1.0,0.56737060138721,0.7226370424330723,56.74,56.74,0.0,False,no_switch,None,None,11556.0,None,13.93,10,0,13000,0.05,0.1,2,43.262939861279,0.0,55787.52750682914,56.737060138721,86.4,63559.672493170874,8060,0.085,5491,0.5,6,0.12,1.0,1523,120403854111.0725,0,3968,179901890259.3086,116454150.54442354,v27
sweep_0083,v27_dominant,0.55,0.25,0.51,0.16,0.26,0.5,30.0,0.4,0.49,1.0,0.56737060138721,0.7361585782638415,56.74,56.74,0.0,False,no_switch,None,None,10929.0,None,14.52,10,0,13000,0.05,0.1,2,43.262939861279,0.0,55633.71292199742,56.737060138721,86.4,63713.48707800258,8246,0.085,5852,0.5,6,0.12,1.0,1544,120071882617.44489,0,4308,180337253335.85132,109950234.33521941,v27
sweep_0084,v26_dominant,0.65,0.25,0.51,0.16,0.26,0.214,30.0,0.4,0.49,0.0,0.5673664319629602,0.031907671418873046,56.74,56.74,-0.0,False,no_switch,None,None,None,None,1.27,8,0,13000,0.05,0.1,2,43.26335680370397,86.4,64260.24084850471,56.73664319629601,0.0,55086.9591514953,1102,0.085,5892,0.5,6,0.12,1.0,5704,138691488516.9206,2801121.792015691,188,155919230921.57532,0,v26
sweep_0085,contested,0.65,0.25,0.51,0.16,0.26,0.3,30.0,0.4,0.49,0.5844907407407407,0.56737060138721,0.5870967741935483,56.74,56.74,0.0,False,no_switch,None,None,None,None,6.5,5,0,13000,0.05,0.1,2,43.262939861279,35.9,57885.36720899907,56.737060138721,50.5,61461.83279100094,327,0.085,3410,0.5,6,0.12,1.0,1408,124931532549.9057,144487621.05314147,2002,173964079174.42694,0,v27
sweep_0086,contested,0.65,0.25,0.51,0.16,0.26,0.4,30.0,0.4,0.49,0.5844907407407407,0.56737060138721,0.5875509016870274,56.74,56.74,0.0,False,no_switch,None,None,None,None,6.5,5,0,13000,0.05,0.1,2,43.262939861279,35.9,57876.97825919535,56.737060138721,50.5,61470.221740804634,222,0.085,3438,0.5,6,0.12,1.0,1418,124913427035.40356,143491202.4515954,2020,173987823600.2205,0,v27
sweep_0087,v27_dominant,0.65,0.25,0.51,0.16,0.26,0.5,30.0,0.4,0.49,1.0,0.5673741253525133,0.739788972089857,56.74,56.74,0.0,False,no_switch,None,None,10905.0,None,14.63,10,0,13000,0.05,0.1,2,43.26258746474866,0.0,55605.26218554997,56.73741253525133,86.4,63741.93781445004,7909,0.085,5876,0.5,6,0.12,1.0,1529,120009501059.34135,0,4347,180418902044.34903,118212002.10183135,v27
sweep_0088,v26_dominant,0.74,0.25,0.51,0.16,0.26,0.214,30.0,0.4,0.49,0.0,0.5673664319629602,0.032928332452896635,56.74,56.74,-0.0,False,no_switch,None,None,None,None,1.27,8,0,13000,0.05,0.1,2,43.26335680370397,86.4,64259.603738248436,56.73664319629601,0.0,55087.59626175157,1102,0.085,5679,0.5,6,0.12,1.0,5492,138690113455.6288,2801121.792015691,187,155921034211.1869,0,v26
sweep_0089,contested,0.74,0.25,0.51,0.16,0.26,0.3,30.0,0.4,0.49,0.5844907407407407,0.56737060138721,0.5826989619377163,56.74,56.74,0.0,False,no_switch,None,None,None,None,6.46,5,0,13000,0.05,0.1,2,43.262939861279,35.9,57904.519577645166,56.737060138721,50.5,61442.680422354846,208,0.085,2890,0.5,6,0.12,1.0,1206,124972868294.71107,142244311.9471932,1684,173909869528.7944,0,v27
sweep_0090,v26_dominant,0.74,0.25,0.51,0.16,0.26,0.4,30.0,0.4,0.49,0.0,0.56737060138721,0.21331521739130435,56.74,56.74,0.0,False,no_switch,None,None,None,None,0.64,4,0,13000,0.05,0.1,2,43.262939861279,86.4,62514.44580280113,56.737060138721,0.0,56832.754197198876,1229,0.085,5152,0.5,6,0.12,1.0,4053,134922276513.39473,44774205.995319754,1099,160861746256.12296,0,v26
sweep_0091,v27_dominant,0.74,0.25,0.51,0.16,0.26,0.5,30.0,0.4,0.49,1.0,0.5673741253525133,0.7404987102321582,56.74,56.74,0.0,False,no_switch,None,None,10927.0,None,14.65,10,0,13000,0.05,0.1,2,43.26258746474866,0.0,55600.69027800951,56.73741253525133,86.4,63746.50972199049,7800,0.085,5815,0.5,6,0.12,1.0,1509,119999633785.61125,0,4306,180431842638.3595,117959016.86960125,v27
sweep_0092,v26_dominant,0.78,0.25,0.51,0.16,0.26,0.214,30.0,0.4,0.49,0.0,0.5673664319629602,0.03250746793182217,56.74,56.74,-0.0,False,no_switch,None,None,None,None,1.27,8,0,13000,0.05,0.1,2,43.26335680370397,86.4,64245.29285508209,56.73664319629601,0.0,55101.90714491792,1094,0.085,5691,0.5,6,0.12,1.0,5506,138659226585.89215,2801121.792015691,185,155961540021.11856,0,v26
sweep_0093,v27_dominant,0.78,0.25,0.51,0.16,0.26,0.3,30.0,0.4,0.49,1.0,0.5673741253525133,0.7668231611893583,56.74,56.74,0.0,False,no_switch,None,None,9125.0,None,15.84,10,0,13000,0.05,0.1,2,43.26258746474866,0.0,55293.0964492988,56.73741253525133,86.4,64054.103550701206,7934,0.085,6390,0.5,6,0.12,1.0,1490,119335772480.73463,0,4900,181302474168.47,89651969.39011997,v27
sweep_0094,v27_dominant,0.78,0.25,0.51,0.16,0.26,0.4,30.0,0.4,0.49,1.0,0.56737060138721,0.7273063412830467,56.74,56.74,0.0,False,no_switch,None,None,11596.0,None,14.17,10,0,13000,0.05,0.1,2,43.262939861279,0.0,55724.95046359549,56.737060138721,86.4,63622.24953640452,7593,0.085,5409,0.5,6,0.12,1.0,1475,120268796733.17947,0,3934,180079010875.62045,123517426.50474359,v27
sweep_0095,v27_dominant,0.78,0.25,0.51,0.16,0.26,0.5,30.0,0.4,0.49,1.0,0.5673741253525133,0.7607586866432897,56.74,56.74,0.0,False,no_switch,None,None,9729.0,None,15.56,10,0,13000,0.05,0.1,2,43.26258746474866,0.0,55367.06708705132,56.73741253525133,86.4,63980.13291294869,7776,0.085,6274,0.5,6,0.12,1.0,1501,119495418869.95764,0,4773,181093103356.96945,98395858.55560872,v27
