timestamp,pool_id,chosen_fork,v27_profitability_usd,v26_profitability_usd,rational_choice,ideology_override,opportunity_cost_usd,cumulative_cost_usd,reason
1782379517.2577949,pool-marapool,v27,7212379.9523221385,7109494.287891956,v27,False,0,0.0,Ideology and profit aligned
1782379517.2577949,pool-antpool,v26,26497656.781357422,26119663.796820447,v27,True,377992.9845369756,377992.9845369756,Ideology: supporting v26 (loss 1.4% < tolerance 13.3%)
1782379517.2577949,pool-foundryusa,v26,47037260.55862264,46366267.09494755,v27,True,670993.4636750966,670993.4636750966,Ideology: supporting v26 (loss 1.4% < tolerance 13.3%)
1782379517.2577949,pool-viabtc,v26,17560577.275219116,17310073.048780415,v27,True,250504.22643870115,250504.22643870115,Ideology: supporting v26 (loss 1.4% < tolerance 13.3%)
1782379517.2577949,pool-spiderpool,v27,14581550.773173023,14373542.799433742,v27,False,0,0.0,Rational profit maximization
1782379517.2577949,pool-f2pool,v27,17090204.66963289,16846410.377830938,v27,False,0,0.0,Rational profit maximization
1782379517.2577949,pool-luxor,v27,3606189.9761610692,3554747.143945978,v27,False,0,0.0,Rational profit maximization
1782379517.2577949,pool-ocean,v27,1881490.4223449063,1854650.683797902,v27,False,0,0.0,Rational profit maximization
1782380174.7317195,pool-marapool,v27,7010415.281621963,7311574.387210857,v26,True,301159.10558889434,301159.10558889434,Ideology: supporting v27 (loss 4.1% < tolerance 13.3%)
1782380174.7317195,pool-antpool,v26,25755656.14335026,26862088.509535536,v26,False,0,377992.9845369756,Ideology and profit aligned
1782380174.7317195,pool-foundryusa,v26,45720099.66275194,47684180.78615776,v26,False,0,670993.4636750966,Ideology and profit aligned
1782380174.7317195,pool-viabtc,v26,17068837.207427386,17802094.16016556,v26,False,0,250504.22643870115,Ideology and profit aligned
1782380174.7317195,pool-spiderpool,v26,14173230.895453103,14782096.04370891,v26,False,0,0.0,Rational profit maximization
1782380174.7317195,pool-f2pool,v26,16611636.210799865,17325252.35230399,v26,False,0,0.0,Rational profit maximization
1782380174.7317195,pool-luxor,v26,3505207.6408109814,3655787.1936054286,v26,False,0,0.0,Rational profit maximization
1782380174.7317195,pool-ocean,v26,1828803.986510078,1907367.2314463109,v26,False,0,0.0,Rational profit maximization
1782380774.8324513,pool-marapool,v26,6548401.535832938,7776768.946426716,v26,False,0,301159.10558889434,Forced switch: loss 15.8% exceeds tolerance 13.3%
1782380774.8324513,pool-antpool,v26,24058257.816429704,28571172.8683938,v26,False,0,377992.9845369756,Ideology and profit aligned
1782380774.8324513,pool-foundryusa,v26,42706966.538040906,50718058.34626119,v26,False,0,670993.4636750966,Ideology and profit aligned
1782380774.8324513,pool-viabtc,v26,15943934.174201932,18934741.782604177,v26,False,0,250504.22643870115,Ideology and profit aligned
1782380774.8324513,pool-spiderpool,v26,13239159.626792684,15722598.087340973,v26,False,0,0.0,Rational profit maximization
1782380774.8324513,pool-f2pool,v26,15516864.508821525,18427561.199141562,v26,False,0,0.0,Rational profit maximization
1782380774.8324513,pool-luxor,v26,3274200.767916469,3888384.473213358,v26,False,0,0.0,Rational profit maximization
1782380774.8324513,pool-ocean,v26,1708278.6615216364,2028722.333850448,v26,False,0,0.0,Rational profit maximization
1782381375.3614092,pool-marapool,v26,6497562.647595381,8000453.546843978,v26,False,0,301159.10558889434,Forced switch: loss 18.8% exceeds tolerance 13.3%
1782381375.3614092,pool-antpool,v26,23871480.16181781,29392970.639492005,v26,False,0,377992.9845369756,Ideology and profit aligned
1782381375.3614092,pool-foundryusa,v26,42375408.57127422,52176870.957678124,v26,False,0,670993.4636750966,Ideology and profit aligned
1782381375.3614092,pool-viabtc,v26,15820152.533275705,19479365.157533165,v26,False,0,250504.22643870115,Ideology and profit aligned
1782381375.3614092,pool-spiderpool,v26,13136376.657095011,16174829.996880222,v26,False,0,0.0,Rational profit maximization
1782381375.3614092,pool-f2pool,v26,15396398.447562963,18957596.447956383,v26,False,0,0.0,Rational profit maximization
1782381375.3614092,pool-luxor,v26,3248781.3237976907,4000226.773421989,v26,False,0,0.0,Rational profit maximization
1782381375.3614092,pool-ocean,v26,1695016.3428509692,2087074.8383071255,v26,False,0,0.0,Rational profit maximization
1782381975.9643545,pool-marapool,v26,6406502.815385923,8090425.1739440095,v26,False,0,301159.10558889434,Forced switch: loss 20.8% exceeds tolerance 13.3%
1782381975.9643545,pool-antpool,v26,23536934.256526545,29723518.573837772,v26,False,0,377992.9845369756,Ideology and profit aligned
1782381975.9643545,pool-foundryusa,v26,41781540.100342974,52763642.43876527,v26,False,0,670993.4636750966,Ideology and profit aligned
1782381975.9643545,pool-viabtc,v26,15598441.637461375,19698426.51047237,v26,False,0,250504.22643870115,Ideology and profit aligned
1782381975.9643545,pool-spiderpool,v26,12952277.431106325,16356729.15601724,v26,False,0,0.0,Rational profit maximization
1782381975.9643545,pool-f2pool,v26,15180626.236457944,19170790.086084716,v26,False,0,0.0,Rational profit maximization
1782381975.9643545,pool-luxor,v26,3203251.4076929614,4045212.5869720047,v26,False,0,0.0,Rational profit maximization
1782381975.9643545,pool-ocean,v26,1671261.6040137191,2110545.6975506116,v26,False,0,0.0,Rational profit maximization
1782382576.5815723,pool-marapool,v26,6365247.510395816,8131187.459865309,v26,False,0,301159.10558889434,Forced switch: loss 21.7% exceeds tolerance 13.3%
1782382576.5815723,pool-antpool,v26,23385365.853410713,29873275.667766027,v26,False,0,377992.9845369756,Ideology and profit aligned
1782382576.5815723,pool-foundryusa,v26,41512483.76345098,53029483.4339042,v26,False,0,670993.4636750966,Ideology and profit aligned
1782382576.5815723,pool-viabtc,v26,15497993.938355032,19797673.81532423,v26,False,0,250504.22643870115,Ideology and profit aligned
1782382576.5815723,pool-spiderpool,v26,12868869.966669805,16439139.864510305,v26,False,0,0.0,Rational profit maximization
1782382576.5815723,pool-f2pool,v26,15082869.100720517,19267378.980985187,v26,False,0,0.0,Rational profit maximization
1782382576.5815723,pool-luxor,v26,3182623.755197908,4065593.7299326546,v26,False,0,0.0,Rational profit maximization
1782382576.5815723,pool-ocean,v26,1660499.3505380396,2121179.337356168,v26,False,0,0.0,Rational profit maximization
1782383201.2398362,pool-marapool,v26,6322613.165716434,8173312.305344092,v26,False,0,301159.10558889434,Forced switch: loss 22.6% exceeds tolerance 13.3%
1782383201.2398362,pool-antpool,v26,23228730.97839299,30028038.687025033,v26,False,0,377992.9845369756,Ideology and profit aligned
1782383201.2398362,pool-foundryusa,v26,41234433.689455,53304210.687026694,v26,False,0,670993.4636750966,Ideology and profit aligned
1782383201.2398362,pool-viabtc,v26,15394188.577396538,19900238.656489965,v26,False,0,250504.22643870115,Ideology and profit aligned
1782383201.2398362,pool-spiderpool,v26,12782674.443731055,16524305.312978279,v26,False,0,0.0,Rational profit maximization
1782383201.2398362,pool-f2pool,v26,14981844.240501985,19367196.549619697,v26,False,0,0.0,Rational profit maximization
1782383201.2398362,pool-luxor,v26,3161306.582858217,4086656.152672046,v26,False,0,0.0,Rational profit maximization
1782383201.2398362,pool-ocean,v26,1649377.3475782005,2132168.4274810683,v26,False,0,0.0,Rational profit maximization
1782383801.9313207,pool-marapool,v26,6295850.3676404115,8199755.276193311,v26,False,0,301159.10558889434,Forced switch: loss 23.2% exceeds tolerance 13.3%
1782383801.9313207,pool-antpool,v26,23130406.785461515,30125187.862536296,v26,False,0,377992.9845369756,Ideology and profit aligned
1782383801.9313207,pool-foundryusa,v26,41059893.70200269,53476664.84473899,v26,False,0,670993.4636750966,Ideology and profit aligned
1782383801.9313207,pool-viabtc,v26,15329026.982081,19964621.54203589,v26,False,0,250504.22643870115,Ideology and profit aligned
1782383801.9313207,pool-spiderpool,v26,12728567.047620837,16577766.101869088,v26,False,0,0.0,Rational profit maximization
1782383801.9313207,pool-f2pool,v26,14918428.045060977,19429854.8935885,v26,False,0,0.0,Rational profit maximization
1782383801.9313207,pool-luxor,v26,3147925.1838202057,4099877.6380966557,v26,False,0,0.0,Rational profit maximization
1782383801.9313207,pool-ocean,v26,1642395.7480801078,2139066.59378956,v26,False,0,0.0,Rational profit maximization
1782384402.3574045,pool-marapool,v26,6276439.566750782,8218934.029163361,v26,False,0,301159.10558889434,Forced switch: loss 23.6% exceeds tolerance 13.3%
1782384402.3574045,pool-antpool,v26,23059093.19088874,30195648.93323061,v26,False,0,377992.9845369756,Ideology and profit aligned
1782384402.3574045,pool-foundryusa,v26,40933301.52228771,53601743.6684567,v26,False,0,670993.4636750966,Ideology and profit aligned
1782384402.3574045,pool-viabtc,v26,15281765.901654076,20011317.636223834,v26,False,0,250504.22643870115,Ideology and profit aligned
1782384402.3574045,pool-spiderpool,v26,12689323.471909191,16616540.53722158,v26,False,0,0.0,Rational profit maximization
1782384402.3574045,pool-f2pool,v26,14872432.886431195,19475300.199539267,v26,False,0,0.0,Rational profit maximization
1782384402.3574045,pool-luxor,v26,3138219.783375391,4109467.0145816803,v26,False,0,0.0,Rational profit maximization
1782384402.3574045,pool-ocean,v26,1637332.0608915086,2144069.746738269,v26,False,0,0.0,Rational profit maximization
1782385003.151516,pool-marapool,v26,6269355.959963338,8225932.467819223,v26,False,0,301159.10558889434,Forced switch: loss 23.8% exceeds tolerance 13.3%
1782385003.151516,pool-antpool,v26,23033068.635517478,30221360.588292368,v26,False,0,377992.9845369756,Ideology and profit aligned
1782385003.151516,pool-foundryusa,v26,40887104.08671743,53647385.65969059,v26,False,0,670993.4636750966,Ideology and profit aligned
1782385003.151516,pool-viabtc,v26,15264518.859041173,20028357.31295115,v26,False,0,250504.22643870115,Ideology and profit aligned
1782385003.151516,pool-spiderpool,v26,12675002.266882405,16630689.554504085,v26,False,0,0.0,Rational profit maximization
1782385003.151516,pool-f2pool,v26,14855647.818173997,19491883.456354246,v26,False,0,0.0,Rational profit maximization
1782385003.151516,pool-luxor,v26,3134677.979981669,4112966.2339096116,v26,False,0,0.0,Rational profit maximization
1782385003.151516,pool-ocean,v26,1635484.163468697,2145895.426387624,v26,False,0,0.0,Rational profit maximization
1782385603.4389205,pool-marapool,v26,6254742.909533532,8240370.886459241,v26,False,0,301159.10558889434,Forced switch: loss 24.1% exceeds tolerance 13.3%
1782385603.4389205,pool-antpool,v26,22979381.558938414,30274406.082861125,v26,False,0,377992.9845369756,Ideology and profit aligned
1782385603.4389205,pool-foundryusa,v26,40791801.58391434,53741549.25951679,v26,False,0,670993.4636750966,Ideology and profit aligned
1782385603.4389205,pool-viabtc,v26,15228939.257994685,20063511.72355293,v26,False,0,250504.22643870115,Ideology and profit aligned
1782385603.4389205,pool-spiderpool,v26,12645458.491013449,16659880.270450208,v26,False,0,0.0,Rational profit maximization
1782385603.4389205,pool-f2pool,v26,14821021.242155544,19526096.23095777,v26,False,0,0.0,Rational profit maximization
1782385603.4389205,pool-luxor,v26,3127371.454766766,4120185.4432296203,v26,False,0,0.0,Rational profit maximization
1782385603.4389205,pool-ocean,v26,1631672.0633565742,2149661.9703806723,v26,False,0,0.0,Rational profit maximization
1782386204.267126,pool-marapool,v26,6237809.713045575,14433412.768227447,v26,False,0,301159.10558889434,Forced switch: loss 56.8% exceeds tolerance 13.3%
1782386204.267126,pool-antpool,v26,22917170.46749352,53027103.43109648,v26,False,0,377992.9845369756,Ideology and profit aligned
1782386204.267126,pool-foundryusa,v26,40681367.69377549,94130952.83626597,v26,False,0,670993.4636750966,Ideology and profit aligned
1782386204.267126,pool-viabtc,v26,15187710.605676178,35142222.39220595,v26,False,0,250504.22643870115,Ideology and profit aligned
1782386204.267126,pool-spiderpool,v26,12611223.985070404,29180595.379242454,v26,False,0,0.0,Rational profit maximization
1782386204.267126,pool-f2pool,v26,14780896.928738423,34200912.8638433,v26,False,0,0.0,Rational profit maximization
1782386204.267126,pool-luxor,v26,3118904.8565227874,7216706.384113723,v26,False,0,0.0,Rational profit maximization
1782386204.267126,pool-ocean,v26,1627254.7077510199,3765238.1134506385,v26,False,0,0.0,Rational profit maximization
1782386805.245467,pool-marapool,v26,6224387.241967943,14456594.966231022,v26,False,0,301159.10558889434,Forced switch: loss 56.9% exceeds tolerance 13.3%
1782386805.245467,pool-antpool,v26,22867857.4759257,53112272.8107183,v26,False,0,377992.9845369756,Ideology and profit aligned
1782386805.245467,pool-foundryusa,v26,40593829.83892137,94282141.08411534,v26,False,0,670993.4636750966,Ideology and profit aligned
1782386805.245467,pool-viabtc,v26,15155029.806530643,35198666.00473639,v26,False,0,250504.22643870115,Ideology and profit aligned
1782386805.245467,pool-spiderpool,v26,12584087.250065625,29227463.736075763,v26,False,0,0.0,Rational profit maximization
1782386805.245467,pool-f2pool,v26,14749091.508141428,34255844.59389525,v26,False,0,0.0,Rational profit maximization
1782386805.245467,pool-luxor,v26,3112193.6209839713,7228297.483115511,v26,False,0,0.0,Rational profit maximization
1782386805.245467,pool-ocean,v26,1623753.193556855,3771285.6433646143,v26,False,0,0.0,Rational profit maximization
1782387405.7827098,pool-marapool,v26,6212490.139484938,14477142.67192803,v26,False,0,301159.10558889434,Forced switch: loss 57.1% exceeds tolerance 13.3%
1782387405.7827098,pool-antpool,v26,22824148.555933796,53187763.2946921,v26,False,0,377992.9845369756,Ideology and profit aligned
1782387405.7827098,pool-foundryusa,v26,40516240.040119156,94416147.86040018,v26,False,0,670993.4636750966,Ideology and profit aligned
1782387405.7827098,pool-viabtc,v26,15126062.948311154,35248695.20121607,v26,False,0,250504.22643870115,Ideology and profit aligned
1782387405.7827098,pool-spiderpool,v26,12560034.412436944,29269005.83672406,v26,False,0,0.0,Rational profit maximization
1782387405.7827098,pool-f2pool,v26,14720900.54790996,34304533.722612076,v26,False,0,0.0,Rational profit maximization
1782387405.7827098,pool-luxor,v26,3106245.069742469,7238571.335964015,v26,False,0,0.0,Rational profit maximization
1782387405.7827098,pool-ocean,v26,1620649.6016047667,3776645.914416008,v26,False,0,0.0,Rational profit maximization
1782388057.2160406,pool-marapool,v26,6206241.568122584,14487934.695075154,v26,False,0,301159.10558889434,Forced switch: loss 57.2% exceeds tolerance 13.3%
1782388057.2160406,pool-antpool,v26,22801191.84810254,53227412.24929784,v26,False,0,377992.9845369756,Ideology and profit aligned
1782388057.2160406,pool-foundryusa,v26,40475488.487755984,94486530.62005533,v26,False,0,670993.4636750966,Ideology and profit aligned
1782388057.2160406,pool-viabtc,v26,15110849.0354289,35274971.43148732,v26,False,0,250504.22643870115,Ideology and profit aligned
1782388057.2160406,pool-spiderpool,v26,12547401.43120436,29290824.492217164,v26,False,0,0.0,Rational profit maximization
1782388057.2160406,pool-f2pool,v26,14706094.150551341,34330106.12528678,v26,False,0,0.0,Rational profit maximization
1782388057.2160406,pool-luxor,v26,3103120.784061292,7243967.347537577,v26,False,0,0.0,Rational profit maximization
1782388057.2160406,pool-ocean,v26,1619019.5395102398,3779461.224802214,v26,False,0,0.0,Rational profit maximization
1782388657.3323002,pool-marapool,v26,6199065.292945351,14500328.972635869,v26,False,0,301159.10558889434,Forced switch: loss 57.2% exceeds tolerance 13.3%
1782388657.3323002,pool-antpool,v26,22774826.83712531,53272947.74729264,v26,False,0,377992.9845369756,Ideology and profit aligned
1782388657.3323002,pool-foundryusa,v26,40428686.69312185,94567362.8650165,v26,False,0,670993.4636750966,Ideology and profit aligned
1782388657.3323002,pool-viabtc,v26,15093376.365432154,35305148.80293949,v26,False,0,250504.22643870115,Ideology and profit aligned
1782388657.3323002,pool-spiderpool,v26,12532892.874867778,29315882.488155123,v26,False,0,0.0,Rational profit maximization
1782388657.3323002,pool-f2pool,v26,14689089.498500943,34359475.17428934,v26,False,0,0.0,Rational profit maximization
1782388657.3323002,pool-luxor,v26,3099532.6464726757,7250164.4863179345,v26,False,0,0.0,Rational profit maximization
1782388657.3323002,pool-ocean,v26,1617147.4677248746,3782694.514600661,v26,False,0,0.0,Rational profit maximization
1782389287.8645291,pool-marapool,v26,6190615.263134308,14514923.175378617,v26,False,0,301159.10558889434,Forced switch: loss 57.3% exceeds tolerance 13.3%
1782389287.8645291,pool-antpool,v26,22743782.16238474,53326565.57910839,v26,False,0,377992.9845369756,Ideology and profit aligned
1782389287.8645291,pool-foundryusa,v26,40373577.80304985,94662542.44812138,v26,False,0,670993.4636750966,Ideology and profit aligned
1782389287.8645291,pool-viabtc,v26,15072802.37980527,35340682.51396532,v26,False,0,250504.22643870115,Ideology and profit aligned
1782389287.8645291,pool-spiderpool,v26,12515809.118945453,29345388.15891764,v26,False,0,0.0,Rational profit maximization
1782389287.8645291,pool-f2pool,v26,14669066.601774774,34394057.08948412,v26,False,0,0.0,Rational profit maximization
1782389287.8645291,pool-luxor,v26,3095307.631567154,7257461.587689308,v26,False,0,0.0,Rational profit maximization
1782389287.8645291,pool-ocean,v26,1614943.1121219941,3786501.6979248566,v26,False,0,0.0,Rational profit maximization
1782389903.9677846,pool-marapool,v26,6187944.197582452,14519536.422085986,v26,False,0,301159.10558889434,Forced switch: loss 57.4% exceeds tolerance 13.3%
1782389903.9677846,pool-antpool,v26,22733968.899813794,53343514.24635936,v26,False,0,377992.9845369756,Ideology and profit aligned
1782389903.9677846,pool-foundryusa,v26,40356157.81032035,94692628.83969118,v26,False,0,670993.4636750966,Ideology and profit aligned
1782389903.9677846,pool-viabtc,v26,15066298.915852923,35351914.76681805,v26,False,0,250504.22643870115,Ideology and profit aligned
1782389903.9677846,pool-spiderpool,v26,12510408.921199307,29354714.940304276,v26,False,0,0.0,Rational profit maximization
1782389903.9677846,pool-f2pool,v26,14662737.33774972,34404988.478421144,v26,False,0,0.0,Rational profit maximization
1782389903.9677846,pool-luxor,v26,3093972.098791226,7259768.211042993,v26,False,0,0.0,Rational profit maximization
1782389903.9677846,pool-ocean,v26,1614246.3124128138,3787705.153587648,v26,False,0,0.0,Rational profit maximization
1782390504.734424,pool-marapool,v26,6181986.994118184,14904597.885367915,v26,False,0,301159.10558889434,Forced switch: loss 58.5% exceeds tolerance 13.3%
1782390504.734424,pool-antpool,v26,22712082.652303763,54758196.578851685,v26,False,0,377992.9845369756,Ideology and profit aligned
1782390504.734424,pool-foundryusa,v26,40317306.48337947,97203899.25239941,v26,False,0,670993.4636750966,Ideology and profit aligned
1782390504.734424,pool-viabtc,v26,15051794.420461666,36289455.72089578,v26,False,0,250504.22643870115,Ideology and profit aligned
1782390504.734424,pool-spiderpool,v26,12498365.009847634,30133208.768243827,v26,False,0,0.0,Rational profit maximization
1782390504.734424,pool-f2pool,v26,14648621.355627872,35317416.72837179,v26,False,0,0.0,Rational profit maximization
1782390504.734424,pool-luxor,v26,3090993.497059092,7452298.9426839575,v26,False,0,0.0,Rational profit maximization
1782390504.734424,pool-ocean,v26,1612692.2593351789,3888155.9700959777,v26,False,0,0.0,Rational profit maximization
1782391130.5822964,pool-marapool,v26,6178344.592543064,14911051.007714603,v26,False,0,301159.10558889434,Forced switch: loss 58.6% exceeds tolerance 13.3%
1782391130.5822964,pool-antpool,v26,22698700.785647348,54781904.78921233,v26,False,0,377992.9845369756,Ideology and profit aligned
1782391130.5822964,pool-foundryusa,v26,40293551.69049825,97245984.8329213,v26,False,0,670993.4636750966,Ideology and profit aligned
1782391130.5822964,pool-viabtc,v26,15042925.96445268,36305167.67095728,v26,False,0,250504.22643870115,Ideology and profit aligned
1782391130.5822964,pool-spiderpool,v26,12491001.02405446,30146255.298205614,v26,False,0,0.0,Rational profit maximization
1782391130.5822964,pool-f2pool,v26,14639990.447547697,35332707.82262807,v26,False,0,0.0,Rational profit maximization
1782391130.5822964,pool-luxor,v26,3089172.296271532,7455525.503857302,v26,False,0,0.0,Rational profit maximization
1782391130.5822964,pool-ocean,v26,1611742.06761993,3889839.3933168524,v26,False,0,0.0,Rational profit maximization
1782391731.3401165,pool-marapool,v26,6173231.596503917,14920109.533612482,v26,False,0,301159.10558889434,Forced switch: loss 58.6% exceeds tolerance 13.3%
1782391731.3401165,pool-antpool,v26,22679916.08280787,54815185.02566324,v26,False,0,377992.9845369756,Ideology and profit aligned
1782391731.3401165,pool-foundryusa,v26,40260206.06415598,97305062.17573357,v26,False,0,670993.4636750966,Ideology and profit aligned
1782391731.3401165,pool-viabtc,v26,15030476.93061823,36327223.212273866,v26,False,0,250504.22643870115,Ideology and profit aligned
1782391731.3401165,pool-spiderpool,v26,12480663.879888356,30164569.274477415,v26,False,0,0.0,Rational profit maximization
1782391731.3401165,pool-f2pool,v26,14627874.86997667,35354172.59051653,v26,False,0,0.0,Rational profit maximization
1782391731.3401165,pool-luxor,v26,3086615.7982519586,7460054.766806241,v26,False,0,0.0,Rational profit maximization
1782391731.3401165,pool-ocean,v26,1610408.2425662396,3892202.4870293434,v26,False,0,0.0,Rational profit maximization
